loss,pg_loss,kl_loss,reward_mean,reward_std,kl_mean,advantage_std,step,elapsed
-4.738541603088379,-4.738541603088379,0.0,0.8227453827857971,0.11328031122684479,0.0,0.9045340418815613,0,2.015075922012329
-6.267760276794434,-6.267763137817383,2.754728257059469e-06,0.826326310634613,0.12666833400726318,2.7547281206352636e-05,0.9045340418815613,1,3.8431973457336426
-3.131598711013794,-3.131687879562378,8.92480238690041e-05,0.5044459104537964,0.4544684886932373,0.0008924802532419562,0.7385488748550415,2,5.716212749481201
0.23720037937164307,0.2371012419462204,9.913643589243293e-05,0.5243145823478699,0.3906621038913727,0.0009913643589243293,0.7385489344596863,3,7.550520181655884
-2.0007216930389404,-2.000823974609375,0.00010227462189504877,0.509168803691864,0.4002991318702698,0.0010227462043985724,0.7385489344596863,4,9.263635396957397
-3.1412863731384277,-3.141443967819214,0.0001575022906763479,0.8862936496734619,0.15156133472919464,0.0015750229358673096,0.9045340418815613,5,11.027569055557251
-0.4434812664985657,-0.4436187744140625,0.00013751884398516268,0.4558800756931305,0.3755042850971222,0.0013751884689554572,0.738548994064331,6,12.75466012954712
-2.5007548332214355,-2.5008277893066406,7.307132909772918e-05,0.5043624639511108,0.38920581340789795,0.0007307132473215461,0.7385489344596863,7,14.517422914505005
-0.009918836876749992,-0.010302226059138775,0.00038338900776579976,0.5920328497886658,0.4399769902229309,0.0038338899612426758,0.5222329497337341,8,16.221417665481567
-3.1960830688476562,-3.196239471435547,0.00015636584430467337,0.8268535733222961,0.17764528095722198,0.0015636583557352424,0.7385489344596863,9,17.96180272102356
-5.492950439453125,-5.493405818939209,0.00045525236055254936,0.7689185738563538,0.146724134683609,0.004552523605525494,0.904534101486206,10,19.692686080932617
1.1698663234710693,1.1696510314941406,0.00021525126066990197,0.5483232140541077,0.4120853841304779,0.0021525125484913588,0.7385489344596863,11,21.41585874557495
-0.9300957322120667,-0.9301325678825378,3.684659895952791e-05,0.8251270651817322,0.14428168535232544,0.0003684659895952791,0.9045340418815613,12,23.1230525970459
-3.6159231662750244,-3.6161246299743652,0.00020135939121246338,0.4795090854167938,0.42496588826179504,0.002013593912124634,0.7385489344596863,13,24.863234281539917
-10.774479866027832,-10.774603843688965,0.00012382071872707456,0.5299486517906189,0.47737738490104675,0.0012382070999592543,0.7385489344596863,14,26.716106176376343
1.537147045135498,1.5370426177978516,0.00010444223880767822,0.30418696999549866,0.45008307695388794,0.0010444223880767822,0.5222329497337341,15,28.4353346824646
-6.916599273681641,-6.916625499725342,2.630849849083461e-05,0.8764229416847229,0.17438752949237823,0.00026308497763238847,0.904534101486206,16,30.176857233047485
-0.6539905667304993,-0.6541837453842163,0.00019316375255584717,0.3273519277572632,0.4838939309120178,0.0019316375255584717,0.5222329497337341,17,31.939607620239258
-3.4439809322357178,-3.4441447257995605,0.00016383628826588392,0.5486945509910583,0.4235953092575073,0.0016383628826588392,0.7385489344596863,18,33.610780239105225
-5.330708980560303,-5.330756187438965,4.723171514342539e-05,0.4635714590549469,0.4461871087551117,0.0004723171587102115,0.7385489344596863,19,35.296035289764404
-4.077615737915039,-4.0777106285095215,9.476741979597136e-05,0.506358802318573,0.41005396842956543,0.000947674154303968,0.7385489344596863,20,37.135764598846436
-4.750555992126465,-4.750720977783203,0.00016520023928023875,0.7932775020599365,0.15220052003860474,0.0016520023345947266,0.9045339226722717,21,38.88711166381836
0.8902645707130432,0.8902053833007812,5.920628973399289e-05,0.5707446932792664,0.42411482334136963,0.0005920628900639713,0.7385489344596863,22,40.582014083862305
2.9232747554779053,2.922924757003784,0.00035001934156753123,0.8853230476379395,0.06954918056726456,0.0035001933574676514,0.9045339822769165,23,42.30141282081604
-0.47354257106781006,-0.4735795855522156,3.700256274896674e-05,0.11397848278284073,0.1718253791332245,0.000370025634765625,0.5222329497337341,24,43.96137285232544
-2.4006593227386475,-2.400681972503662,2.2568307031178847e-05,0.5818429589271545,0.4333338439464569,0.00022568306303583086,0.7385489344596863,25,45.65500807762146
-0.5092618465423584,-0.5093402862548828,7.841487968107685e-05,0.7909629940986633,0.13171839714050293,0.0007841488113626838,0.904534101486206,26,47.56154441833496
-7.284448146820068,-7.2844672203063965,1.9231438272981904e-05,0.43714645504951477,0.32761499285697937,0.00019231438636779785,0.7385489344596863,27,49.21953868865967
-5.673505783081055,-5.67362117767334,0.00011560421262402087,0.4500097930431366,0.38682809472084045,0.0011560420971363783,0.7385489344596863,28,50.995293855667114
-6.608025550842285,-6.6080474853515625,2.216895518358797e-05,0.489047646522522,0.42691946029663086,0.00022168955183587968,0.7385488748550415,29,52.81037497520447
-0.26072958111763,-0.260791152715683,6.156265590107068e-05,0.7811872363090515,0.23801644146442413,0.0006156265735626221,0.9045339822769165,30,54.6921923160553
-9.222286224365234,-9.222387313842773,0.00010080735955853015,0.7248551845550537,0.31605032086372375,0.001008073566481471,0.9045340418815613,31,56.41411828994751
-0.9231691956520081,-0.9234002828598022,0.00023109417816158384,0.7686954140663147,0.2768547236919403,0.002310941694304347,0.904534101486206,32,58.230783224105835
-0.958137035369873,-0.9581515192985535,1.4489889508695342e-05,0.2785569131374359,0.43079516291618347,0.0001448988914489746,0.5222330093383789,33,59.90094804763794
-4.081630706787109,-4.081805229187012,0.00017428597493562847,0.8005104660987854,0.11168906837701797,0.0017428597202524543,0.9045340418815613,34,61.6586594581604
-0.6828606128692627,-0.6828969717025757,3.638665293692611e-05,0.5666273832321167,0.43582749366760254,0.0003638665075413883,0.7385489344596863,35,63.395644664764404
1.0210837125778198,1.0208053588867188,0.0002783706004265696,0.891884982585907,0.05044134706258774,0.002783705946058035,0.904534101486206,36,65.1757800579071
-5.4334235191345215,-5.433516502380371,9.277761273551732e-05,0.38837966322898865,0.40912002325057983,0.0009277760982513428,0.738548994064331,37,66.98212838172913
-0.29122626781463623,-0.29131191968917847,8.565783355152234e-05,0.5318711400032043,0.41222482919692993,0.0008565783500671387,0.7385489344596863,38,68.72821998596191
-1.155640959739685,-1.1562840938568115,0.0006431808578781784,0.2860811650753021,0.4242781400680542,0.006431808229535818,0.5222329497337341,39,70.40796566009521
1.96484375,1.9640300273895264,0.0008137087570503354,0.7474544644355774,0.16629965603351593,0.00813708733767271,0.9045340418815613,40,72.18792796134949
3.9270286560058594,3.9259085655212402,0.001119985245168209,0.7658808827400208,0.27166879177093506,0.01119985245168209,0.9045340418815613,41,74.0289077758789
0.8200051784515381,0.8198795318603516,0.00012565554061438888,0.5578733682632446,0.4480912983417511,0.0012565553188323975,0.7385489344596863,42,75.66586637496948
-2.2032971382141113,-2.203364849090576,6.770491745555773e-05,0.6416005492210388,0.3024878203868866,0.0006770491600036621,0.904534101486206,43,77.34958577156067
-0.04612819850444794,-0.04628245159983635,0.0001542528480058536,0.48760786652565,0.39390963315963745,0.0015425285091623664,0.738548994064331,44,79.01731634140015
-0.47184011340141296,-0.47204017639160156,0.0002000669774133712,0.8055289387702942,0.20690329372882843,0.002000669715926051,0.9045340418815613,45,80.65419363975525
1.9080618619918823,1.907135009765625,0.0009268969297409058,0.4214573800563812,0.37852177023887634,0.009268969297409058,0.7385489344596863,46,82.3515853881836
0.9774228930473328,0.9770304560661316,0.0003924399788957089,0.9486326575279236,0.025478001683950424,0.0039243996143341064,0.7385488748550415,47,84.0515387058258
-1.7133890390396118,-1.7133897542953491,6.665786145276797e-07,0.20666666328907013,0.39518311619758606,6.665786258963635e-06,0.5222329497337341,48,85.63172340393066
3.190120220184326,3.189429759979248,0.000690524815581739,0.5181582570075989,0.4204678535461426,0.006905247922986746,0.7385488748550415,49,87.34936141967773
1.15761137008667,1.1570069789886475,0.000604332541115582,0.5506764054298401,0.4127192795276642,0.006043325178325176,0.7385488748550415,50,89.18786931037903
-10.307962417602539,-10.308212280273438,0.0002494921500328928,0.7397480010986328,0.20476186275482178,0.0024949214421212673,0.9045339822769165,51,90.89970469474792
-2.011432409286499,-2.0117106437683105,0.00027815502835437655,0.31228068470954895,0.46196046471595764,0.0027815501671284437,0.5222328901290894,52,92.59194922447205
-7.598209381103516,-7.598445415496826,0.00023621521540917456,0.44294872879981995,0.4260464906692505,0.0023621520958840847,0.7385489344596863,53,94.26907539367676
-4.3867902755737305,-4.387166976928711,0.0003765145957004279,0.4168059825897217,0.41730526089668274,0.00376514601521194,0.738548994064331,54,96.03569793701172
-0.0697149708867073,-0.06994374841451645,0.00022877752780914307,0.6047145128250122,0.4501013457775116,0.0022877752780914307,0.7385489344596863,55,97.87063002586365
-0.6503083109855652,-0.65049809217453,0.0001897990732686594,0.5897790789604187,0.12934784591197968,0.0018979907035827637,0.9045340418815613,56,99.65315008163452
-3.5557198524475098,-3.5560479164123535,0.0003280947858002037,0.715759813785553,0.2557966411113739,0.003280947683379054,0.9045336246490479,57,101.5503842830658
-3.6615896224975586,-3.6619956493377686,0.0004060795181430876,0.5610993504524231,0.42926323413848877,0.004060795065015554,0.7385489344596863,58,103.32121992111206
-5.932948112487793,-5.933962821960449,0.0010146162239834666,0.8091832995414734,0.13722683489322662,0.010146161541342735,0.9045339822769165,59,105.1412079334259
-6.596124172210693,-6.5965375900268555,0.0004135449999012053,0.7768078446388245,0.16476507484912872,0.004135449882596731,0.7385489344596863,60,106.8279881477356
1.3040432929992676,1.3036766052246094,0.0003667126293294132,0.839012086391449,0.07189162075519562,0.00366712617687881,0.7385489344596863,61,108.54448103904724
2.8741586208343506,2.8740413188934326,0.0001172373813460581,0.8198864459991455,0.1378083974123001,0.0011723737698048353,0.9045339822769165,62,110.21339344978333
-0.4541841447353363,-0.4555804133415222,0.0013962637167423964,0.9445949196815491,0.04815956950187683,0.013962636701762676,0.7385489344596863,63,111.8715877532959
4.181624412536621,4.181492328643799,0.0001318603754043579,0.7428030967712402,0.2262907773256302,0.001318603754043579,0.9045339822769165,64,113.54711627960205
-8.40548038482666,-8.40608024597168,0.0005997797125019133,0.7270074486732483,0.20349033176898956,0.005997797008603811,0.904534101486206,65,115.31533908843994
1.4480713605880737,1.4477870464324951,0.00028434794512577355,0.2631579041481018,0.3949557840824127,0.0028434793930500746,0.5222329497337341,66,117.13812828063965
0.4386209547519684,0.4378547668457031,0.0007662008865736425,0.7736020684242249,0.16775773465633392,0.0076620085164904594,0.7385489344596863,67,118.86531233787537
-10.794363021850586,-10.794761657714844,0.00039821170503273606,0.8193953633308411,0.17112895846366882,0.003982116933912039,0.9045340418815613,68,120.5870680809021
-1.7492982149124146,-1.7496452331542969,0.00034705697908066213,0.7913696765899658,0.1197395920753479,0.0034705698490142822,0.9045340418815613,69,122.39704656600952
0.2321605533361435,0.2310689389705658,0.0010916134342551231,0.726625382900238,0.20497825741767883,0.010916134342551231,0.9045340418815613,70,124.20974111557007
14.023947715759277,14.023895263671875,5.278190292301588e-05,0.40690478682518005,0.3972231149673462,0.0005278190365061164,0.738548994064331,71,125.88830232620239
-1.667300820350647,-1.6675174236297607,0.00021663210645783693,0.5249504446983337,0.40437379479408264,0.002166321035474539,0.7385489344596863,72,127.5951600074768
-3.1829423904418945,-3.183055877685547,0.00011348724365234375,0.7754487991333008,0.14876537024974823,0.0011348724365234375,0.9045339822769165,73,129.26753854751587
4.592526435852051,4.59210729598999,0.0004189789469819516,0.7376968264579773,0.30342382192611694,0.004189789295196533,0.9045339226722717,74,131.1478991508484
-0.03790617734193802,-0.0382288433611393,0.00032266578637063503,0.6417487263679504,0.4743380844593048,0.0032266578637063503,0.5222329497337341,75,132.9368770122528
-4.927279472351074,-4.928016662597656,0.0007373730768449605,0.548744797706604,0.41955938935279846,0.007373730652034283,0.738548994064331,76,134.5827407836914
-5.023317337036133,-5.023484230041504,0.00016688108735252172,0.5890290141105652,0.47124090790748596,0.0016688108444213867,0.738548994064331,77,136.20779466629028
-6.246012210845947,-6.247834205627441,0.0018218180630356073,0.4894144535064697,0.4088749289512634,0.018218180164694786,0.7385489344596863,78,137.85473036766052
-4.281225204467773,-4.282283306121826,0.0010582139948382974,0.7935437560081482,0.1666920930147171,0.01058213971555233,0.904534101486206,79,139.7007224559784
-5.870729446411133,-5.872556209564209,0.0018268537241965532,0.7803447842597961,0.10801931470632553,0.018268536776304245,0.9045339822769165,80,141.38728833198547
3.2925851345062256,3.2921652793884277,0.00041975779458880424,0.4941571056842804,0.3907240629196167,0.0041975779458880424,0.5222329497337341,81,143.18228793144226
3.4559717178344727,3.455843687057495,0.0001279741554753855,0.5552328824996948,0.43886592984199524,0.0012797415256500244,0.7385489344596863,82,145.04024505615234
-6.008835315704346,-6.009463310241699,0.0006280849920585752,0.6964981555938721,0.15152640640735626,0.006280849687755108,0.904534101486206,83,146.80916953086853
12.502298355102539,12.501836776733398,0.0004611562180798501,0.6604782938957214,0.2967287600040436,0.004611562006175518,0.9045340418815613,84,148.7028090953827
-1.4345935583114624,-1.436036467552185,0.001442880486138165,0.1751851886510849,0.28107303380966187,0.014428804628551006,0.5222329497337341,85,150.50402688980103
-1.524255394935608,-1.5265592336654663,0.0023038785438984632,0.9152595400810242,0.06752084940671921,0.02303878590464592,0.9045339822769165,86,152.37279272079468
-1.4339388608932495,-1.4350776672363281,0.0011388551210984588,0.6029029488563538,0.4505876302719116,0.011388550512492657,0.5222328901290894,87,154.014901638031
-3.7784841060638428,-3.778575897216797,9.170770499622449e-05,0.7302310466766357,0.3191837966442108,0.0009170770645141602,0.9045339822769165,88,155.76276278495789
-2.17281436920166,-2.175978422164917,0.0031639665830880404,0.5633044242858887,0.4226221740245819,0.031639665365219116,0.7385489344596863,89,157.4817283153534
-0.19608981907367706,-0.1979503631591797,0.0018605381483212113,0.5577985644340515,0.4199104905128479,0.01860538125038147,0.7385489344596863,90,159.31848812103271
-2.7266006469726562,-2.7267889976501465,0.00018830101180355996,0.8700136542320251,0.1295526921749115,0.00188301014713943,0.9045340418815613,91,161.07580709457397
2.9018166065216064,2.9016623497009277,0.00015428960614372045,0.7228205800056458,0.3245382606983185,0.001542896032333374,0.9045340418815613,92,162.7229266166687
-3.368776798248291,-3.3700461387634277,0.0012693068711087108,0.4549972712993622,0.44571685791015625,0.012693068012595177,0.7385489344596863,93,164.77660036087036
-5.759434223175049,-5.761594295501709,0.0021601549815386534,0.8745686411857605,0.060159023851156235,0.021601548418402672,0.9045339822769165,94,166.75908780097961
-2.086987257003784,-2.0872650146484375,0.00027787088765762746,0.8304305672645569,0.10039379447698593,0.0027787089347839355,0.904534101486206,95,168.46254706382751
-5.80673885345459,-5.806802272796631,6.339153333101422e-05,0.5067965388298035,0.4129367768764496,0.0006339153042063117,0.7385489344596863,96,170.11370968818665
-0.8418733477592468,-0.843298614025116,0.0014252940891310573,0.8221254944801331,0.1601649671792984,0.014252941124141216,0.9045340418815613,97,171.81509828567505
-1.172420859336853,-1.172621726989746,0.00020081103139091283,0.17222221195697784,0.2643204927444458,0.002008110284805298,0.5222329497337341,98,173.43060684204102
0.5454154014587402,0.5449613332748413,0.0004540403897408396,0.6011500954627991,0.44665178656578064,0.004540403839200735,0.738548994064331,99,175.127357006073
0.6315493583679199,0.6314119100570679,0.00013746619515586644,0.5394780039787292,0.4168328046798706,0.001374661922454834,0.7385489344596863,100,176.917462348938
-0.009789186529815197,-0.01261774729937315,0.0028285605367273092,0.8286805152893066,0.09047921001911163,0.02828560397028923,0.9045340418815613,101,178.67831659317017
-1.4149181842803955,-1.4150607585906982,0.0001425286172889173,0.7271073460578918,0.19225947558879852,0.001425286172889173,0.904534101486206,102,180.42816519737244
-0.3328127861022949,-0.332843154668808,3.0362605684786104e-05,0.23247398436069489,0.35126230120658875,0.00030362606048583984,0.5222329497337341,103,182.1056592464447
1.3954946994781494,1.3949344158172607,0.0005603045574389398,0.9065532088279724,0.06424551457166672,0.005603045225143433,0.904534101486206,104,183.81078815460205
-1.2310348749160767,-1.231527328491211,0.000492418825160712,0.6137436032295227,0.4564422369003296,0.004924188368022442,0.7385489344596863,105,185.56282091140747
-3.9351282119750977,-3.9353206157684326,0.00019231438636779785,0.8990294337272644,0.11732196807861328,0.0019231438636779785,0.9045340418815613,106,187.35428476333618
-0.15563635528087616,-0.1556956022977829,5.9245034208288416e-05,0.8062992691993713,0.25385257601737976,0.0005924503202550113,0.904534101486206,107,189.0753424167633
-6.546571254730225,-6.54706335067749,0.0004922102089039981,0.7088744640350342,0.22654801607131958,0.004922102205455303,0.9045339226722717,108,190.8388307094574
6.325324535369873,6.325289726257324,3.504256528685801e-05,0.7358797192573547,0.2790479063987732,0.0003504256601445377,0.9045339822769165,109,192.4993600845337
-1.3220210075378418,-1.3221105337142944,8.947849710239097e-05,0.7709822058677673,0.12555037438869476,0.0008947849273681641,0.9045340418815613,110,194.22452592849731
0.9004917740821838,0.9000117182731628,0.00048003793926909566,0.9436144232749939,0.04087606072425842,0.004800379276275635,0.9045340418815613,111,195.99736213684082
-6.241291046142578,-6.241886138916016,0.0005951196071691811,0.5018253922462463,0.39280033111572266,0.005951195955276489,0.7385489344596863,112,197.70949530601501
0.1493998020887375,0.14869563281536102,0.0007041663047857583,0.5536405444145203,0.41683632135391235,0.007041662931442261,0.7385489344596863,113,199.83966255187988
-1.4397597312927246,-1.4398765563964844,0.00011678835289785638,0.7614827156066895,0.18681396543979645,0.0011678835144266486,0.9045340418815613,114,201.6360785961151
-0.15028055012226105,-0.15034231543540955,6.176829629112035e-05,0.7793791890144348,0.07985244691371918,0.000617682933807373,0.9045340418815613,115,203.36418628692627
-1.6351395845413208,-1.6353559494018555,0.00021634202857967466,0.6398810744285583,0.4738985598087311,0.0021634201984852552,0.5222329497337341,116,205.17886662483215
-1.3560988903045654,-1.3563417196273804,0.00024283133097924292,0.595317006111145,0.4458571970462799,0.0024283132515847683,0.7385489344596863,117,206.92116260528564
-2.2072832584381104,-2.2073943614959717,0.00011101266136392951,0.2618701756000519,0.39372313022613525,0.001110126613639295,0.5222329497337341,118,208.70667934417725
-1.8423550128936768,-1.8433927297592163,0.0010377148864790797,0.836708128452301,0.07215356826782227,0.010377149097621441,0.904534101486206,119,210.46384263038635
5.71857213973999,5.717907905578613,0.0006643703090958297,0.507027268409729,0.42093831300735474,0.006643702741712332,0.7385488748550415,120,212.18601536750793
-0.48250919580459595,-0.48263296484947205,0.0001237591204699129,0.8880099654197693,0.12711021304130554,0.001237591146491468,0.904534101486206,121,213.84628009796143
-7.752613544464111,-7.752917289733887,0.0003036757407244295,0.4864087402820587,0.4477407932281494,0.003036757465451956,0.7385488748550415,122,215.66483521461487
2.221144676208496,2.2209701538085938,0.00017457902140449733,0.5662229061126709,0.43717092275619507,0.0017457902431488037,0.7385489344596863,123,217.47530317306519
-1.7887580394744873,-1.7891833782196045,0.0004253755323588848,0.7298558354377747,0.2597295939922333,0.004253755323588848,0.9045339822769165,124,219.165789604187
-4.121473789215088,-4.122505187988281,0.0010313928360119462,0.7980017066001892,0.14617080986499786,0.010313928127288818,0.9045340418815613,125,220.98911380767822
-3.9555561542510986,-3.9556007385253906,4.464189623831771e-05,0.7199693322181702,0.36760610342025757,0.0004464189405553043,0.9045340418815613,126,222.70987272262573
0.23066098988056183,0.23058955371379852,7.144312257878482e-05,0.36412468552589417,0.426866739988327,0.0007144312257878482,0.7385489344596863,127,224.3943281173706
-2.4782838821411133,-2.4792251586914062,0.0009412220097146928,0.6030111312866211,0.4476146996021271,0.009412219747900963,0.7385489344596863,128,226.2759292125702
-3.0555779933929443,-3.055981159210205,0.0004031251301057637,0.8594844937324524,0.0759349837899208,0.004031251184642315,0.9045340418815613,129,228.03164887428284
-5.397815704345703,-5.398227691650391,0.00041187211172655225,0.6708149909973145,0.14969220757484436,0.004118721000850201,0.9045339822769165,130,229.83570504188538
-0.7430486083030701,-0.7432683706283569,0.0002197553840233013,0.5708602666854858,0.4225550591945648,0.0021975538693368435,0.7385489344596863,131,231.67997026443481
-3.6353328227996826,-3.6361427307128906,0.0008098582620732486,0.31694138050079346,0.46826615929603577,0.008098582737147808,0.5222329497337341,132,233.40131282806396
-0.9552743434906006,-0.9560775756835938,0.0008032511104829609,0.7309584021568298,0.191941499710083,0.008032510988414288,0.9045340418815613,133,235.2727255821228
-4.215098857879639,-4.215463161468506,0.00036438804818317294,0.7240555882453918,0.19585193693637848,0.0036438803654164076,0.904534101486206,134,237.0492663383484
-6.744795799255371,-6.744874477386475,7.846057269489393e-05,0.8140903115272522,0.12221096456050873,0.0007846057415008545,0.9045340418815613,135,238.8482313156128
-3.681863307952881,-3.6819992065429688,0.0001359879970550537,0.8627333045005798,0.15705516934394836,0.0013598799705505371,0.9045340418815613,136,240.5948805809021
-0.33956560492515564,-0.33992165327072144,0.0003560493641998619,0.8184493184089661,0.14784768223762512,0.003560493467375636,0.9045339822769165,137,242.31079840660095
2.762122392654419,2.762073516845703,4.8943365982268006e-05,0.4885847568511963,0.4261471629142761,0.0004894336452707648,0.7385488152503967,138,244.05798053741455
-2.812861680984497,-2.812952756881714,9.112060070037842e-05,0.5851078629493713,0.44477197527885437,0.0009112060070037842,0.5222328901290894,139,245.80412650108337
0.0019953232258558273,-0.0,0.0019953232258558273,0.0,0.0,0.019953232258558273,0.0,140,247.5117998123169
-2.277070999145508,-2.278736114501953,0.001665186951868236,0.26143941283226013,0.38822123408317566,0.01665186882019043,0.5222329497337341,141,249.38305401802063
-4.612699031829834,-4.614250183105469,0.0015511433593928814,0.5613120198249817,0.417272686958313,0.015511433593928814,0.7385489344596863,142,251.14344573020935
-1.2073160409927368,-1.2077827453613281,0.0004666636814363301,0.9265462756156921,0.07012351602315903,0.004666636697947979,0.9045340418815613,143,252.87924885749817
-0.21796421706676483,-0.2180287092924118,6.449123611673713e-05,0.3216356039047241,0.4755583703517914,0.0006449123611673713,0.5222329497337341,144,254.53692603111267
-2.1252589225769043,-2.1254870891571045,0.00022811889357399195,0.8188173770904541,0.0849049910902977,0.00228118896484375,0.9045339822769165,145,256.27956891059875
-2.7177391052246094,-2.717764377593994,2.526740536268335e-05,0.4516666829586029,0.4368031322956085,0.00025267404271289706,0.7385489344596863,146,257.8815727233887
-3.5905210971832275,-3.5905604362487793,3.937483052141033e-05,0.20973388850688934,0.3114573359489441,0.00039374828338623047,0.5222328901290894,147,259.5857193470001
-5.790280818939209,-5.790421962738037,0.0001410891709383577,0.8719372153282166,0.06553031504154205,0.0014108916511759162,0.904534101486206,148,261.3307673931122
-1.0273733139038086,-1.028027892112732,0.0006545544019900262,0.8394448757171631,0.18674147129058838,0.006545543670654297,0.9045339226722717,149,263.0755023956299
2.2878379821777344,2.2876572608947754,0.0001806318759918213,0.5216777920722961,0.42068469524383545,0.0018063187599182129,0.7385488748550415,150,264.80578780174255
-3.7329323291778564,-3.7334213256835938,0.0004889816045761108,0.7807207107543945,0.1868157833814621,0.004889816045761108,0.9045339226722717,151,266.6127710342407
0.7239450812339783,0.7226616740226746,0.0012834261870011687,0.5983077883720398,0.44493794441223145,0.012834261171519756,0.7385488748550415,152,268.2873044013977
-3.404578924179077,-3.4047584533691406,0.00017942488193511963,0.7633665204048157,0.19716177880764008,0.0017942488193511963,0.9045339822769165,153,270.01456570625305
-2.0472357273101807,-2.0478169918060303,0.0005812287563458085,0.8635813593864441,0.11218129098415375,0.005812287330627441,0.9045339822769165,154,271.79937386512756
-0.006350253242999315,-0.0065091452561318874,0.00015889208589214832,0.6123486161231995,0.4553717374801636,0.0015889208298176527,0.7385489344596863,155,273.631041765213
-2.882718801498413,-2.882923126220703,0.0002042462583631277,0.8500848412513733,0.04966823384165764,0.002042462583631277,0.9045339822769165,156,275.5103280544281
-1.28530752658844,-1.2854385375976562,0.00013096630573272705,0.2788115441799164,0.41510748863220215,0.0013096630573272705,0.5222328901290894,157,277.19734621047974
-0.20437251031398773,-0.20448431372642517,0.00011180540604982525,0.16266463696956635,0.24736696481704712,0.001118054031394422,0.5222330093383789,158,278.8952708244324
0.5449355840682983,0.5448846817016602,5.090038393973373e-05,0.8886820673942566,0.09994818270206451,0.0005090038175694644,0.9045339226722717,159,280.5765883922577
-2.0885868072509766,-2.0888311862945557,0.0002444446145091206,0.8108947277069092,0.1251080483198166,0.002444446086883545,0.9045340418815613,160,282.35672760009766
-7.480101585388184,-7.480279445648193,0.0001777072757249698,0.8012052178382874,0.15023760497570038,0.0017770727863535285,0.9045340418815613,161,284.1058564186096
0.33992934226989746,0.33847999572753906,0.0014493416529148817,0.3040584623813629,0.4506532847881317,0.01449341606348753,0.5222330093383789,162,285.75158190727234
1.3560091257095337,1.3556125164031982,0.0003966272051911801,0.8747003674507141,0.1194334626197815,0.003966271877288818,0.904534101486206,163,287.58760619163513
2.2369019985198975,2.23648738861084,0.000414667563745752,0.9576866626739502,0.018535930663347244,0.004146675579249859,0.9045340418815613,164,289.4051399230957
-3.387036085128784,-3.3872084617614746,0.00017245710478164256,0.6042208075523376,0.4650396406650543,0.0017245709896087646,0.7385489344596863,165,291.10094475746155
0.22295799851417542,0.22271156311035156,0.0002464364224579185,0.2913636267185211,0.431290864944458,0.0024643640499562025,0.5222329497337341,166,292.7910873889923
-9.7498197555542,-9.750357627868652,0.0005374233587644994,0.4956662356853485,0.43963852524757385,0.005374233238399029,0.7385489344596863,167,294.5625681877136
-0.8036384582519531,-0.803916335105896,0.00027785301790572703,0.5562868714332581,0.4178188443183899,0.0027785301208496094,0.7385489344596863,168,296.3622181415558
-2.4046480655670166,-2.4052658081054688,0.0006176471943035722,0.5432125926017761,0.4235183894634247,0.006176471710205078,0.7385489344596863,169,298.1471462249756
-0.9542833566665649,-0.9545663595199585,0.0002830038720276207,0.8501680493354797,0.1300593465566635,0.002830038545653224,0.9045340418815613,170,300.0097589492798
0.6744058132171631,0.6732839345932007,0.0011218866566196084,0.511564314365387,0.4140075743198395,0.01121886633336544,0.7385489344596863,171,301.77023434638977
-5.8894243240356445,-5.889727592468262,0.00030325455009005964,0.8477500081062317,0.1021365374326706,0.0030325453262776136,0.9045339822769165,172,303.5798490047455
-2.5228841304779053,-2.523101806640625,0.00021779238886665553,0.4355442225933075,0.35745155811309814,0.0021779239177703857,0.7385489344596863,173,305.25407671928406
-7.572255611419678,-7.572450160980225,0.00019467870879452676,0.4656327962875366,0.37856733798980713,0.001946787117049098,0.7385489344596863,174,307.0086269378662
-4.77519416809082,-4.775398254394531,0.00020429692813195288,0.807781994342804,0.10674507915973663,0.002042969223111868,0.9045340418815613,175,308.84868144989014
-1.984055995941162,-1.984781265258789,0.0007252743234857917,0.8844181895256042,0.13586761057376862,0.007252743002027273,0.7385488748550415,176,310.78838086128235
-2.4897143840789795,-2.489968776702881,0.00025439064484089613,0.6142967343330383,0.46353021264076233,0.0025439064484089613,0.738548994064331,177,312.51890540122986
-0.5228928923606873,-0.523246169090271,0.0003532549017108977,0.25173911452293396,0.37698426842689514,0.003532548900693655,0.5222329497337341,178,314.15403485298157
0.5269257426261902,0.5265464782714844,0.0003792464849539101,0.5532997250556946,0.4138524532318115,0.0037924647331237793,0.7385489344596863,179,315.8334541320801
-3.1451327800750732,-3.1451632976531982,3.047089012397919e-05,0.7839447855949402,0.2029837965965271,0.0003047088976018131,0.904534101486206,180,317.48465490341187
3.6278533935546875,3.6277542114257812,9.907782077789307e-05,0.7881414294242859,0.26203036308288574,0.0009907782077789307,0.9045339822769165,181,319.20869970321655
-0.8116343021392822,-0.8130964040756226,0.0014620970468968153,0.6131501793861389,0.46180519461631775,0.014620970003306866,0.7385488748550415,182,320.9334239959717
-1.7159582376480103,-1.7165374755859375,0.0005792081356048584,0.46949052810668945,0.3596784174442291,0.005792081356048584,0.7385489344596863,183,322.65215039253235
-7.039979934692383,-7.04000997543335,2.995828981511295e-05,0.4454363286495209,0.4206355810165405,0.0002995828981511295,0.7385489344596863,184,324.35980200767517
-8.666291236877441,-8.666747093200684,0.0004556387721095234,0.7723970413208008,0.21689432859420776,0.004556387662887573,0.904534101486206,185,326.225626707077
1.2792131900787354,1.279097318649292,0.00011587639892240986,0.44198718667030334,0.3540651500225067,0.0011587640037760139,0.738548994064331,186,327.96447920799255
-4.20720911026001,-4.207494735717773,0.00028559667407535017,0.7969908118247986,0.2682173252105713,0.002855966566130519,0.7385489344596863,187,329.6340436935425
-5.29818868637085,-5.298394203186035,0.00020568471518345177,0.6163175702095032,0.2959350049495697,0.002056847093626857,0.9045340418815613,188,331.3329727649689
-0.022220512852072716,-0.023435276001691818,0.0012147625675424933,0.3246666491031647,0.4798206686973572,0.012147625908255577,0.5222329497337341,189,333.4661374092102
-3.8786375522613525,-3.8790528774261475,0.00041525065898895264,0.275045782327652,0.4125956594944,0.004152506589889526,0.5222329497337341,190,335.277072429657
-3.764681816101074,-3.765127658843994,0.0004458378243725747,0.5638936161994934,0.41903939843177795,0.004458378069102764,0.7385489344596863,191,337.0076353549957
-4.861288070678711,-4.8614301681518555,0.00014187992201186717,0.49437808990478516,0.4674154818058014,0.0014187991619110107,0.7385489344596863,192,338.74109148979187
0.9490994215011597,0.9479853510856628,0.0011140576098114252,0.5815238356590271,0.4619438350200653,0.011140575632452965,0.7385488748550415,193,340.46474719047546
-2.9880361557006836,-2.9898314476013184,0.0017953476635739207,0.6325576901435852,0.46951499581336975,0.017953475937247276,0.7385489344596863,194,342.1088683605194
-1.052757740020752,-1.0531444549560547,0.0003867397899739444,0.865553081035614,0.08733253180980682,0.0038673977833241224,0.904534101486206,195,343.8478350639343
-3.7022883892059326,-3.702723264694214,0.0004349698720034212,0.913016140460968,0.06518036872148514,0.004349698778241873,0.9045340418815613,196,345.5728933811188
-1.9450147151947021,-1.9450709819793701,5.624493496725336e-05,0.770707368850708,0.14533334970474243,0.0005624493351206183,0.9045340418815613,197,347.312618970871
-3.3305933475494385,-3.3311667442321777,0.0005733261932618916,0.5265260338783264,0.4254833161830902,0.005733261816203594,0.738548994064331,198,349.05354738235474
-0.18750040233135223,-0.1877644956111908,0.0002640863531269133,0.748562753200531,0.22641152143478394,0.0026408634148538113,0.9045340418815613,199,350.8358383178711
-13.086885452270508,-13.087390899658203,0.0005058795213699341,0.8179733157157898,0.2611345052719116,0.005058795213699341,0.9045340418815613,200,352.61109161376953
1.9248011112213135,1.9246610403060913,0.0001401066838297993,0.5167276263237,0.38936424255371094,0.001401066780090332,0.7385489344596863,201,354.41805505752563
-9.994277954101562,-9.995070457458496,0.0007926335674710572,0.7697340846061707,0.26990675926208496,0.00792633555829525,0.9045340418815613,202,356.2180531024933
-1.0222731828689575,-1.0224838256835938,0.00021065077453386039,0.7765498757362366,0.14848917722702026,0.0021065077744424343,0.9045340418815613,203,357.94861221313477
-4.835475444793701,-4.835803985595703,0.00032838783226907253,0.4949328601360321,0.4140530228614807,0.0032838783226907253,0.7385489344596863,204,359.6684443950653
-6.295913219451904,-6.2985382080078125,0.0026251624803990126,0.41887784004211426,0.3807743489742279,0.026251625269651413,0.7385489344596863,205,361.53950357437134
-2.3484020233154297,-2.3487067222595215,0.0003047744685318321,0.5239654779434204,0.40132665634155273,0.0030477445106953382,0.7385489344596863,206,363.26829051971436
-1.8838149309158325,-1.8841527700424194,0.0003377984103281051,0.5859907865524292,0.4461117088794708,0.00337798404507339,0.7385489344596863,207,365.0774915218353
-6.9378557205200195,-6.937966346740723,0.00011058351083192974,0.7323587536811829,0.16538812220096588,0.001105835079215467,0.9045340418815613,208,366.876704454422
-11.097132682800293,-11.097328186035156,0.00019529362907633185,0.7173059582710266,0.24494275450706482,0.0019529362907633185,0.9045339822769165,209,368.7373731136322
5.393922401708551e-05,-0.0,5.393922401708551e-05,0.0,0.0,0.0005393922328948975,0.0,210,370.32609820365906
-1.9610679149627686,-1.9615485668182373,0.0004807075019925833,0.6059026122093201,0.4507592022418976,0.004807075019925833,0.7385489344596863,211,372.11374282836914
-6.321557521820068,-6.3222174644470215,0.000659986340906471,0.8057236671447754,0.2136910855770111,0.006599863525480032,0.9045340418815613,212,374.3248293399811
-4.749355792999268,-4.750611782073975,0.0012560635805130005,0.7477625012397766,0.2301168590784073,0.012560635805130005,0.9045339822769165,213,376.02125215530396
-4.941408157348633,-4.942034721374512,0.0006265660631470382,0.5865660309791565,0.4361463785171509,0.006265660282224417,0.7385489344596863,214,377.9719080924988
-2.3416123390197754,-2.341667890548706,5.553762457566336e-05,0.5861355662345886,0.35257184505462646,0.0005553762312047184,0.9045340418815613,215,379.62516689300537
-4.383838653564453,-4.384087562561035,0.0002487292222213,0.7713176608085632,0.2255309522151947,0.0024872920475900173,0.9045340418815613,216,381.53630208969116
-0.7633816003799438,-0.7636170387268066,0.00023546419106423855,0.5891662240028381,0.43787068128585815,0.0023546419106423855,0.7385489344596863,217,383.3067524433136
-10.291997909545898,-10.29285717010498,0.0008596937404945493,0.8576464653015137,0.16942530870437622,0.008596937172114849,0.9045340418815613,218,385.0167829990387
-0.35881417989730835,-0.35917314887046814,0.0003589769476093352,0.6873299479484558,0.24639606475830078,0.00358976935967803,0.9045339822769165,219,386.7328839302063
-2.5237748622894287,-2.525866985321045,0.0020920983515679836,0.3107198178768158,0.45960190892219543,0.02092098258435726,0.5222329497337341,220,388.50948548316956
4.529467582702637,4.529036998748779,0.0004306177725084126,0.8288539052009583,0.16005940735340118,0.004306177608668804,0.7385489344596863,221,390.29274821281433
-1.3625050783157349,-1.3634300231933594,0.0009249448776245117,0.7229883670806885,0.17687192559242249,0.009249448776245117,0.9045340418815613,222,392.08372926712036
-2.8488731384277344,-2.8492140769958496,0.00034105381928384304,0.7949355244636536,0.22587549686431885,0.0034105381928384304,0.9045339822769165,223,393.86851167678833
-6.013113021850586,-6.014615535736084,0.001502700732089579,0.6027234196662903,0.45391619205474854,0.015027007088065147,0.7385489344596863,224,395.84798192977905
-2.1887314319610596,-2.190335750579834,0.0016043931245803833,0.5983044505119324,0.4474083483219147,0.016043931245803833,0.5222329497337341,225,397.6877636909485
-2.4352731704711914,-2.4358508586883545,0.0005777001497335732,0.796607255935669,0.20102234184741974,0.00577700138092041,0.9045340418815613,226,399.3818151950836
1.9805010557174683,1.9723504781723022,0.008150570094585419,0.8779432773590088,0.14517323672771454,0.08150570094585419,0.7385489344596863,227,401.0371243953705
-3.591161012649536,-3.591952085494995,0.0007910669082775712,0.871100664138794,0.13953109085559845,0.007910668849945068,0.7385489344596863,228,402.7537245750427
-9.074556350708008,-9.074966430664062,0.0004104842955712229,0.6170772314071655,0.19354428350925446,0.004104842897504568,0.9045340418815613,229,404.5806634426117
-3.9219257831573486,-3.923020124435425,0.0010942518711090088,0.6209254264831543,0.460064560174942,0.010942518711090088,0.7385489344596863,230,406.34890627861023
-5.631933689117432,-5.633248805999756,0.0013150990707799792,0.7266411185264587,0.2583061456680298,0.013150990009307861,0.9045339822769165,231,408.2492718696594
-0.0038902978412806988,-0.005184173583984375,0.001293875859118998,0.1945454478263855,0.2897518277168274,0.012938758358359337,0.5222328901290894,232,409.9374041557312
-0.167502298951149,-0.17000961303710938,0.0025073073338717222,0.47976920008659363,0.36018693447113037,0.02507307194173336,0.7385489344596863,233,411.8341143131256
0.00949317030608654,0.008232752792537212,0.0012604177463799715,0.7831141352653503,0.18565325438976288,0.012604176998138428,0.9045339226722717,234,413.6441614627838
-3.636122941970825,-3.6366329193115234,0.0005099863046780229,0.9059939384460449,0.04976894333958626,0.005099862813949585,0.7385489344596863,235,415.36547327041626
-3.4003360271453857,-3.405822277069092,0.005486204754561186,0.7873327136039734,0.13178561627864838,0.054862044751644135,0.9045340418815613,236,417.0894842147827
-2.258070230484009,-2.2585678100585938,0.0004976133932359517,0.5509139895439148,0.42385682463645935,0.004976133815944195,0.738548994064331,237,418.9238967895508
-3.0053534507751465,-3.005795955657959,0.0004424979561008513,0.8279436230659485,0.13532672822475433,0.004424979444593191,0.9045339226722717,238,420.6505882740021
0.11457888036966324,0.11415736377239227,0.0004215151129756123,0.4914025068283081,0.3825465142726898,0.004215151071548462,0.7385489344596863,239,422.5661771297455
0.00023826163669582456,-0.0,0.00023826163669582456,0.3002150356769562,0.4434470236301422,0.0023826162796467543,0.0,240,424.20036363601685
-10.196205139160156,-10.198404312133789,0.002198725938796997,0.3452833592891693,0.37448999285697937,0.02198725938796997,0.7385489344596863,241,426.0883913040161
-0.9076977968215942,-0.9081821441650391,0.00048435531789436936,0.30842912197113037,0.4592110216617584,0.004843553062528372,0.5222329497337341,242,428.0324749946594
0.10219542682170868,0.10212898254394531,6.64413018967025e-05,0.6357970833778381,0.47554469108581543,0.0006644129753112793,0.5222329497337341,243,429.70683789253235
0.00012090107338735834,-0.0,0.00012090107338735834,0.3333333432674408,0.4923659563064575,0.0012090107193216681,0.0,244,431.38521695137024
-1.7061702013015747,-1.7085145711898804,0.0023443899117410183,0.550821840763092,0.4121684432029724,0.02344389818608761,0.7385488748550415,245,433.3474304676056
1.0550878047943115,1.0549845695495605,0.00010329088399885222,0.5900000333786011,0.44368988275527954,0.0010329087963327765,0.7385489344596863,246,435.05383801460266
-2.678255319595337,-2.6798484325408936,0.0015931547386571765,0.8004546761512756,0.12794698774814606,0.015931546688079834,0.9045340418815613,247,436.80554819107056
-0.5036901235580444,-0.5054804682731628,0.0017903577536344528,0.9170530438423157,0.08789727836847305,0.017903577536344528,0.9045339822769165,248,438.6103775501251
1.5555092096328735,1.5534642934799194,0.0020449012517929077,0.7696645259857178,0.26391252875328064,0.020449012517929077,0.9045339822769165,249,440.3984966278076
0.07561083137989044,0.0720469206571579,0.003563911886885762,0.8941478133201599,0.0880727469921112,0.035639118403196335,0.7385489344596863,250,442.08836007118225
-2.508408308029175,-2.509397029876709,0.0009887805208563805,0.48462963104248047,0.37012308835983276,0.009887805208563805,0.7385489344596863,251,443.82418632507324
-5.969767093658447,-5.971776485443115,0.0020094714127480984,0.47965940833091736,0.4365054965019226,0.02009471319615841,0.738548994064331,252,445.55836606025696
-0.6110933423042297,-0.6125106811523438,0.0014173280214890838,0.7781422138214111,0.18333126604557037,0.014173279516398907,0.9045340418815613,253,447.245317697525
2.205000400543213,2.201417922973633,0.0035824240185320377,0.5134585499763489,0.41927510499954224,0.0358242392539978,0.7385489344596863,254,448.96636986732483
-0.7868573665618896,-0.788529098033905,0.0016717416001483798,0.6341665983200073,0.47273704409599304,0.016717415302991867,0.5222330093383789,255,450.62248182296753
3.405430555343628,3.400083065032959,0.005347476806491613,0.7908108234405518,0.08657088875770569,0.05347476527094841,0.9045340418815613,256,452.3326349258423
1.7071317434310913,1.7045574188232422,0.0025743586011230946,0.5276309847831726,0.43545836210250854,0.02574358507990837,0.7385488748550415,257,454.00891280174255
-3.205009698867798,-3.2092299461364746,0.004220285918563604,0.6337407231330872,0.4706835150718689,0.04220286011695862,0.5222329497337341,258,455.67432975769043
-1.6707103252410889,-1.6725438833236694,0.0018336048815399408,0.5630140900611877,0.42128294706344604,0.01833604834973812,0.7385489344596863,259,457.4228529930115
-3.8661437034606934,-3.8682188987731934,0.0020751168485730886,0.7668020129203796,0.16719812154769897,0.020751168951392174,0.9045339822769165,260,459.13502979278564
-8.853833198547363,-8.854940414428711,0.001107360003516078,0.53950434923172,0.46746549010276794,0.011073599569499493,0.7385489344596863,261,460.8852107524872
-0.8073709607124329,-0.8089059591293335,0.0015350272879004478,0.32463300228118896,0.4796157777309418,0.015350272879004478,0.5222328901290894,262,462.70984053611755
-1.1248116493225098,-1.1282908916473389,0.003479280276224017,0.5811805725097656,0.43309760093688965,0.03479280322790146,0.7385489344596863,263,464.4542717933655
5.750568389892578,5.749941825866699,0.0006264736293815076,0.5092648863792419,0.414394348859787,0.006264736410230398,0.738548994064331,264,466.13924908638
-2.0517263412475586,-2.054250717163086,0.0025243056006729603,0.8918290138244629,0.08732905983924866,0.025243055075407028,0.9045340418815613,265,467.8802750110626
7.028028964996338,7.027036190032959,0.0009927451610565186,0.7608659863471985,0.2390325367450714,0.009927451610565186,0.9045340418815613,266,469.66878938674927
3.771968364715576,3.768024444580078,0.003943809773772955,0.7432529330253601,0.2580408453941345,0.039438098669052124,0.9045339822769165,267,471.4000744819641
-2.4991159439086914,-2.501131057739258,0.002015064237639308,0.6122133731842041,0.4655035138130188,0.020150642842054367,0.5222330093383789,268,473.103963136673
0.7750083208084106,0.7721907496452332,0.00281754438765347,0.5295506715774536,0.43807685375213623,0.028175443410873413,0.7385489344596863,269,475.01633405685425
-1.0575451850891113,-1.0625503063201904,0.00500508351251483,0.5061315894126892,0.441589891910553,0.05005083605647087,0.7385489344596863,270,476.69549655914307
-8.264472007751465,-8.268959045410156,0.00448713218793273,0.7262603640556335,0.09963475912809372,0.04487132281064987,0.9045340418815613,271,478.4371483325958
-0.017291096970438957,-0.017839431762695312,0.000548334966879338,0.5568749904632568,0.416101336479187,0.005483349319547415,0.7385489344596863,272,480.11058926582336
1.7472739219665527,1.7453054189682007,0.001968471333384514,0.5625,0.4333569407463074,0.01968471333384514,0.7385489344596863,273,481.7800326347351
-1.8734995126724243,-1.8885905742645264,0.015091034583747387,0.8986241221427917,0.06345998495817184,0.15091034770011902,0.9045340418815613,274,483.4711971282959
-0.6028814911842346,-0.6038945913314819,0.0010131200542673469,0.5857612490653992,0.451035737991333,0.010131200775504112,0.7385489344596863,275,485.16203117370605
-0.21853618323802948,-0.21912384033203125,0.000587661110330373,0.5892755389213562,0.4424286484718323,0.005876610986888409,0.7385490536689758,276,486.84953904151917
-1.532364845275879,-1.5334829092025757,0.0011180102592334151,0.7703526616096497,0.06514039635658264,0.011180102825164795,0.9045339822769165,277,488.62025141716003
-2.6450884342193604,-2.64628005027771,0.0011917283991351724,0.5295054316520691,0.41704148054122925,0.01191728375852108,0.7385488748550415,278,490.3859865665436
1.9592761993408203,1.9484059810638428,0.01087016798555851,0.9605020880699158,0.04699229449033737,0.1087016761302948,0.9045340418815613,279,492.06451058387756
7.46645975112915,7.464908599853516,0.0015513530233874917,0.6196027398109436,0.34008416533470154,0.015513530001044273,0.904534101486206,280,493.7504153251648
-3.5047037601470947,-3.5052897930145264,0.0005861014360561967,0.5587779879570007,0.42172831296920776,0.005861014127731323,0.7385489344596863,281,495.4316020011902
-0.5292044878005981,-0.5311393737792969,0.0019348582718521357,0.5630166530609131,0.4259761869907379,0.01934858225286007,0.7385488748550415,282,497.1243631839752
-0.7946648001670837,-0.8002599477767944,0.005595128983259201,0.7686645984649658,0.10320203751325607,0.05595128983259201,0.9045340418815613,283,498.8265161514282
-7.776691913604736,-7.778199195861816,0.0015071671223267913,0.705583393573761,0.2613433003425598,0.015071670524775982,0.9045340418815613,284,500.6012032032013
0.4661981165409088,0.4635302424430847,0.002667865250259638,0.8221376538276672,0.20348003506660461,0.026678651571273804,0.9045339226722717,285,502.41826272010803
-0.883550226688385,-0.8888575434684753,0.005307336803525686,0.5098502039909363,0.42644646763801575,0.05307336896657944,0.7385488748550415,286,504.2169122695923
-7.104279518127441,-7.108874320983887,0.0045945714227855206,0.9061939120292664,0.07923272252082825,0.04594571515917778,0.9045340418815613,287,506.1778814792633
-4.211965084075928,-4.219180107116699,0.007215016521513462,0.793266773223877,0.23134295642375946,0.07215016335248947,0.904534101486206,288,507.9587161540985
-1.9274938106536865,-1.9297688007354736,0.0022750110365450382,0.5715747475624084,0.4274694621562958,0.022750109434127808,0.7385489344596863,289,509.72550439834595
1.4729381799697876,1.4694957733154297,0.0034424089826643467,0.9315378665924072,0.05304054170846939,0.03442408889532089,0.904534101486206,290,511.7146637439728
0.1889960914850235,0.18754546344280243,0.0014506310690194368,0.32227274775505066,0.4764677882194519,0.014506310224533081,0.5222330093383789,291,513.4687323570251
-8.109903335571289,-8.114524841308594,0.004621576517820358,0.8010023236274719,0.317681223154068,0.04621576517820358,0.9045340418815613,292,515.1696343421936
3.6456549167633057,3.6425366401672363,0.0031183273531496525,0.573040783405304,0.42813238501548767,0.03118327260017395,0.7385489344596863,293,516.8833410739899
0.4643259644508362,0.46030426025390625,0.004021709319204092,0.27165403962135315,0.4024685025215149,0.040217094123363495,0.5222330093383789,294,518.6933765411377
-6.528077602386475,-6.52860164642334,0.0005238830926828086,0.5307740569114685,0.41431793570518494,0.005238831043243408,0.7385489344596863,295,520.401477098465
-2.540644884109497,-2.5416259765625,0.0009810904739424586,0.45060864090919495,0.3603471517562866,0.00981090497225523,0.7385488748550415,296,522.1570496559143
-8.11495590209961,-8.118978500366211,0.004022328183054924,0.8492252230644226,0.2769324779510498,0.04022328183054924,0.9045340418815613,297,523.9467873573303
-5.516167163848877,-5.517241477966309,0.0010741502046585083,0.8343052268028259,0.094013512134552,0.010741502046585083,0.904534101486206,298,525.699015378952
-9.8433837890625,-9.845863342285156,0.0024800291284918785,0.7687127590179443,0.1734047532081604,0.024800291284918785,0.904534101486206,299,527.4591863155365
-4.5554680824279785,-4.557238578796387,0.0017705530626699328,0.5908958315849304,0.4414764940738678,0.017705529928207397,0.5222329497337341,300,529.1338334083557
-5.088046073913574,-5.088463306427002,0.0004171977925579995,0.42595982551574707,0.35763728618621826,0.004171977750957012,0.738548994064331,301,530.8267781734467
-0.39077794551849365,-0.3930646777153015,0.002286730334162712,0.2708333432674408,0.4034768342971802,0.02286730334162712,0.5222329497337341,302,532.5581932067871
-1.1221339702606201,-1.1225628852844238,0.0004289686621632427,0.7808682918548584,0.11158297210931778,0.004289686679840088,0.9045340418815613,303,534.2479736804962
-4.665853977203369,-4.674921989440918,0.009067821316421032,0.819592297077179,0.07495429366827011,0.09067820757627487,0.9045340418815613,304,535.958432674408
0.6443380117416382,0.6340103149414062,0.010327707976102829,0.7828485369682312,0.1433318704366684,0.10327707976102829,0.9045340418815613,305,537.8058450222015
-3.8017983436584473,-3.8045616149902344,0.0027631998527795076,0.7693546414375305,0.22349849343299866,0.02763199806213379,0.9045340418815613,306,539.6509430408478
-1.4760806560516357,-1.4763476848602295,0.0002669702225830406,0.23364780843257904,0.3455381989479065,0.002669702051207423,0.5222329497337341,307,541.3408358097076
-6.490241527557373,-6.492013931274414,0.0017724883509799838,0.4660762548446655,0.4035024344921112,0.017724882811307907,0.7385488748550415,308,543.0706107616425
-3.499851942062378,-3.5094408988952637,0.009589013643562794,0.9266957640647888,0.06727190315723419,0.09589013457298279,0.7385489344596863,309,544.7958991527557
0.39309608936309814,0.3920895457267761,0.0010065387468785048,0.29331448674201965,0.4346270263195038,0.01006538700312376,0.5222329497337341,310,546.4651045799255
-7.735767841339111,-7.738665580749512,0.002897584578022361,0.8199159502983093,0.11674461513757706,0.028975844383239746,0.9045340418815613,311,548.3977165222168
-6.398046016693115,-6.398573875427246,0.0005276849260553718,0.4634259045124054,0.4340144693851471,0.005276849027723074,0.7385489344596863,312,550.1598618030548
9.07928466796875,9.071327209472656,0.007957196794450283,0.43651676177978516,0.39472880959510803,0.07957196235656738,0.7385489344596863,313,551.9468851089478
-0.48697206377983093,-0.49223455786705017,0.005262506194412708,0.5415734052658081,0.40290898084640503,0.052625060081481934,0.7385489344596863,314,553.7641725540161
-5.601011276245117,-5.6036224365234375,0.0026110184844583273,0.8429550528526306,0.1172259971499443,0.02611018344759941,0.9045339822769165,315,555.5021886825562
-1.7299398183822632,-1.7336483001708984,0.003708518808707595,0.49364233016967773,0.3784855008125305,0.03708518669009209,0.7385489344596863,316,557.2046105861664
-1.098114013671875,-1.0992066860198975,0.0010927042458206415,0.6069900989532471,0.44993337988853455,0.010927041992545128,0.7385489344596863,317,558.9577951431274
0.9685760736465454,0.9640092849731445,0.0045667970553040504,0.8542978167533875,0.12864138185977936,0.045667968690395355,0.904534101486206,318,560.7287020683289
0.08785074204206467,0.08157603442668915,0.006274704821407795,0.9132291674613953,0.0803036168217659,0.0627470463514328,0.9045340418815613,319,562.4466216564178
-3.7916481494903564,-3.7994601726531982,0.007812126073986292,0.8732362389564514,0.1437225490808487,0.07812125980854034,0.904534101486206,320,564.1717691421509
-1.2438613176345825,-1.2491893768310547,0.005328107159584761,0.8210124969482422,0.20280563831329346,0.05328106880187988,0.9045340418815613,321,565.9515266418457
-7.716671943664551,-7.720376491546631,0.0037047755904495716,0.42533132433891296,0.332735538482666,0.03704775497317314,0.7385489344596863,322,568.1634948253632
-0.36335551738739014,-0.36357688903808594,0.00022136866755317897,0.6359614729881287,0.46999964118003845,0.00221368670463562,0.7385489344596863,323,569.9115953445435
-2.8378429412841797,-2.8415019512176514,0.0036589615046977997,0.5167728662490845,0.41566523909568787,0.036589615046978,0.7385488748550415,324,571.7306730747223
0.9375161528587341,0.9356187582015991,0.0018973738187924027,0.5872713923454285,0.4402550756931305,0.018973737955093384,0.7385488748550415,325,573.387106180191
-5.320348262786865,-5.322078227996826,0.001730072544887662,0.5639299750328064,0.44308343529701233,0.017300724983215332,0.7385489344596863,326,575.1432757377625
2.3365683555603027,2.334756374359131,0.001812012167647481,0.7684995532035828,0.25476300716400146,0.018120121210813522,0.9045340418815613,327,577.0026679039001
2.0170156955718994,2.013493061065674,0.0035226724576205015,0.7648012042045593,0.2474307268857956,0.0352267250418663,0.9045340418815613,328,578.7542643547058
-14.529797554016113,-14.532687187194824,0.0028899710159748793,0.4530864655971527,0.4022635817527771,0.02889971062541008,0.7385489344596863,329,580.5781373977661
3.1475155353546143,3.1444480419158936,0.0030674240551888943,0.4988518953323364,0.39349520206451416,0.030674239620566368,0.7385489344596863,330,582.28946352005
-0.6007252335548401,-0.6036370992660522,0.0029118708334863186,0.6049374938011169,0.45303967595100403,0.02911870740354061,0.7385489344596863,331,583.9789373874664
0.0005887061706744134,-0.0,0.0005887061706744134,0.3333333432674408,0.4923659563064575,0.005887061357498169,0.0,332,585.7223901748657
-1.023361325263977,-1.0266027450561523,0.0032413851004093885,0.9318901896476746,0.08260869234800339,0.03241385146975517,0.7385489344596863,333,587.4517703056335
-1.257555365562439,-1.2609281539916992,0.003372821258381009,0.7637817859649658,0.25696223974227905,0.033728212118148804,0.9045339822769165,334,589.1437652111053
-2.0582451820373535,-2.0584349632263184,0.00018970966630149633,0.424028605222702,0.44045519828796387,0.0018970966339111328,0.7385489344596863,335,591.2126114368439
-0.9528819918632507,-0.9565595388412476,0.0036775730550289154,0.795007050037384,0.1729123890399933,0.036775730550289154,0.9045339822769165,336,592.9428639411926
-4.486397743225098,-4.488771438598633,0.002373685594648123,0.8691110014915466,0.04182346165180206,0.023736855015158653,0.7385489344596863,337,594.7040843963623
-1.0377627611160278,-1.0432103872299194,0.005447567906230688,0.6188903450965881,0.457923024892807,0.05447567626833916,0.7385490536689758,338,596.4979059696198
-4.525930404663086,-4.533833980560303,0.007903572171926498,0.7542764544487,0.18884891271591187,0.07903572171926498,0.904534101486206,339,598.2488942146301
1.2306779623031616,1.2196210622787476,0.01105692982673645,0.5635229349136353,0.4200212061405182,0.1105692982673645,0.7385489344596863,340,600.0467085838318
3.3977694511413574,3.391396999359131,0.006372454110532999,0.2512539327144623,0.3729257881641388,0.06372454017400742,0.5222329497337341,341,601.7717199325562
0.4763171374797821,0.47535833716392517,0.0009587864624336362,0.30489131808280945,0.4507637321949005,0.009587864391505718,0.5222329497337341,342,603.5331602096558
-0.4767449200153351,-0.47799810767173767,0.0012531926622614264,0.2544330656528473,0.3999866545200348,0.012531926855444908,0.5222330093383789,343,605.2891714572906
-2.2929391860961914,-2.297722339630127,0.004783111158758402,0.512744665145874,0.39389246702194214,0.047831110656261444,0.7385489344596863,344,607.0135896205902
-2.406741142272949,-2.4077048301696777,0.0009636680479161441,0.537324845790863,0.44911450147628784,0.009636680595576763,0.7385489344596863,345,608.6820673942566
0.002699734875932336,-0.0,0.002699734875932336,0.0,0.0,0.02699734829366207,0.0,346,610.4617881774902
-2.6656014919281006,-2.672107696533203,0.0065061659552156925,0.8785037398338318,0.12515997886657715,0.06506165862083435,0.7385489344596863,347,612.1679954528809
-1.808039665222168,-1.8092765808105469,0.0012369583128020167,0.5846256613731384,0.43875181674957275,0.012369583360850811,0.5222329497337341,348,613.8569867610931
-7.752539157867432,-7.75632381439209,0.0037847429048269987,0.46617960929870605,0.3832877576351166,0.037847429513931274,0.7385489344596863,349,615.6300373077393
-3.482508897781372,-3.4851317405700684,0.002622753381729126,0.5655519366264343,0.4249298572540283,0.02622753381729126,0.7385489344596863,350,617.3672857284546
-6.895628452301025,-6.898309230804443,0.0026805668603628874,0.8531807065010071,0.2008066028356552,0.02680566906929016,0.7385489344596863,351,619.1547362804413
1.8377941846847534,1.8371226787567139,0.000671449291985482,0.19305555522441864,0.32694315910339355,0.006714493036270142,0.5222329497337341,352,620.9814281463623
3.227713108062744,3.223222255706787,0.004490935709327459,0.9251043796539307,0.06014947593212128,0.04490935802459717,0.9045339822769165,353,622.6778469085693
-3.1947343349456787,-3.1984660625457764,0.003731674049049616,0.45555126667022705,0.3586522340774536,0.037316739559173584,0.7385488748550415,354,624.3948249816895
-0.6436386108398438,-0.6460749506950378,0.002436351729556918,0.2611764669418335,0.40234118700027466,0.02436351776123047,0.5222329497337341,355,626.1693935394287
-1.0994892120361328,-1.1032752990722656,0.0037861429154872894,0.8778638243675232,0.05561945587396622,0.037861429154872894,0.9045339822769165,356,627.8926556110382
4.27719783782959,4.276175498962402,0.001022455166094005,0.8280176520347595,0.2389897108078003,0.01022455096244812,0.9045339822769165,357,629.7590749263763
-2.110961675643921,-2.1141529083251953,0.0031913339626044035,0.6254972815513611,0.46757084131240845,0.03191334009170532,0.7385489344596863,358,631.5577166080475
-5.998905181884766,-6.001303672790527,0.0023986310698091984,0.7546215057373047,0.25259003043174744,0.02398630976676941,0.904534101486206,359,633.4609928131104
2.8127031326293945,2.8075709342956543,0.005132097285240889,0.8670177459716797,0.0915251076221466,0.05132097005844116,0.9045339226722717,360,635.3811726570129
-0.241799458861351,-0.24477259814739227,0.002973146503791213,0.5484261512756348,0.41990891098976135,0.02973146364092827,0.7385489344596863,361,637.1032824516296
-5.944967746734619,-5.9475202560424805,0.0025524795055389404,0.8150513172149658,0.13438257575035095,0.025524795055389404,0.904534101486206,362,638.998583316803
7.117370128631592,7.117158889770508,0.00021104118786752224,0.46263739466667175,0.42069733142852783,0.0021104118786752224,0.7385489344596863,363,640.6605043411255
4.84929084777832,4.8481974601745605,0.0010934214806184173,0.739385187625885,0.2920253574848175,0.010934214107692242,0.9045340418815613,364,642.3872127532959
0.5027579069137573,0.5005334615707397,0.0022244444116950035,0.3191561698913574,0.47154414653778076,0.022244444116950035,0.5222329497337341,365,644.2527484893799
-0.5068972706794739,-0.5071951746940613,0.00029792689019814134,0.8203098177909851,0.19917656481266022,0.0029792687855660915,0.9045339822769165,366,646.0107009410858
-4.184140205383301,-4.18599271774292,0.0018527370411902666,0.8184426426887512,0.22320224344730377,0.01852736994624138,0.9045339226722717,367,647.8448293209076
0.3516702353954315,0.34981822967529297,0.0018520018784329295,0.5310941338539124,0.44171416759490967,0.018520018085837364,0.7385489344596863,368,649.5060880184174
-0.12112616747617722,-0.12227821350097656,0.0011520445114001632,0.6133220195770264,0.4585275650024414,0.011520445346832275,0.738548994064331,369,651.154275894165
-1.2766613960266113,-1.2778711318969727,0.001209709094837308,0.5469070672988892,0.4128783047199249,0.012097090482711792,0.7385489344596863,370,653.0056467056274
6.457361221313477,6.454324245452881,0.003036850830540061,0.6831559538841248,0.29735469818115234,0.030368506908416748,0.9045340418815613,371,654.7115519046783
0.30223163962364197,0.29728636145591736,0.004945287015289068,0.7169197201728821,0.21661698818206787,0.04945287108421326,0.9045340418815613,372,656.5455403327942
0.004056344740092754,-0.0,0.004056344740092754,0.0,0.0,0.040563445538282394,0.0,373,658.3679971694946
-6.4929304122924805,-6.4949750900268555,0.0020446719136089087,0.4889853298664093,0.4352401793003082,0.020446717739105225,0.7385489344596863,374,660.120986700058
-4.964280128479004,-4.965510368347168,0.0012300274102017283,0.5075767636299133,0.4420599937438965,0.012300273403525352,0.7385489344596863,375,661.903044462204
-1.633137822151184,-1.6344630718231201,0.0013252000790089369,0.5987417101860046,0.44417014718055725,0.013252000324428082,0.7385489344596863,376,663.7215692996979
-2.766052007675171,-2.7666268348693848,0.0005748073454014957,0.8138595223426819,0.11902666091918945,0.005748073570430279,0.9045340418815613,377,665.506621837616
4.045775413513184,4.042487144470215,0.0032880306243896484,0.8840909600257874,0.11588026583194733,0.032880306243896484,0.7385489344596863,378,667.3021731376648
-4.216850757598877,-4.2194318771362305,0.0025811782106757164,0.7068221569061279,0.19821949303150177,0.025811782106757164,0.9045340418815613,379,669.2927138805389
-0.17946895956993103,-0.18212509155273438,0.002656127093359828,0.29967063665390015,0.4438978433609009,0.026561271399259567,0.5222329497337341,380,671.0593960285187
-6.596341133117676,-6.5968217849731445,0.0004804959171451628,0.6007862687110901,0.4460650682449341,0.004804959055036306,0.738548994064331,381,672.8240778446198
0.34368619322776794,0.33921051025390625,0.004475689027458429,0.7848917841911316,0.2796698808670044,0.04475688934326172,0.7385488748550415,382,674.5878076553345
0.009261427447199821,0.007687409874051809,0.001574017689563334,0.5281557440757751,0.41226643323898315,0.015740176662802696,0.5222329497337341,383,676.2608156204224
-3.6014187335968018,-3.6051764488220215,0.003757758066058159,0.7720128893852234,0.22943592071533203,0.03757758066058159,0.9045340418815613,384,678.1286146640778
-2.171008825302124,-2.1753249168395996,0.004316102713346481,0.5942973494529724,0.4571950435638428,0.04316102713346481,0.7385488748550415,385,679.859395980835
5.42061710357666,5.41919469833374,0.0014225364429876208,0.11222222447395325,0.2274608612060547,0.014225363731384277,0.5222329497337341,386,681.6710817813873
2.4576961994171143,2.453786849975586,0.003909234423190355,0.7732306122779846,0.17695944011211395,0.03909234330058098,0.9045339822769165,387,683.489043712616
-4.509974479675293,-4.513913631439209,0.003939193673431873,0.606656014919281,0.45089492201805115,0.039391934871673584,0.7385489344596863,388,685.3420147895813
-1.0484683513641357,-1.0514901876449585,0.0030218183528631926,0.5976800918579102,0.44653457403182983,0.030218183994293213,0.7385489344596863,389,686.9781494140625
-4.857808589935303,-4.860030651092529,0.0022220623213797808,0.5745672583580017,0.42739033699035645,0.02222062274813652,0.7385488748550415,390,688.691793680191
-5.13823938369751,-5.140419006347656,0.0021796515211462975,0.5710355639457703,0.3560837507247925,0.021796515211462975,0.904534101486206,391,690.4213435649872
-1.2056889533996582,-1.2112007141113281,0.005511775612831116,0.8807857632637024,0.06380226463079453,0.05511775612831116,0.9045340418815613,392,692.4670467376709
-0.23791314661502838,-0.2400582730770111,0.002145119709894061,0.8583243489265442,0.13704995810985565,0.02145119570195675,0.904534101486206,393,694.2861142158508
0.6503519415855408,0.6471589803695679,0.003192949341610074,0.7299842238426208,0.309848427772522,0.03192949295043945,0.904534101486206,394,696.0377144813538
5.44155740737915,5.438301086425781,0.0032564604189246893,0.4227146804332733,0.32546985149383545,0.03256460279226303,0.7385488748550415,395,697.9556567668915
3.4126040935516357,3.407435894012451,0.005168143194168806,0.4396141469478607,0.3614504933357239,0.05168142914772034,0.7385489344596863,396,699.8125839233398
3.5213873386383057,3.5195424556732178,0.0018448353512212634,0.6749032139778137,0.2373725324869156,0.018448352813720703,0.9045339822769165,397,701.6101288795471
-2.1415152549743652,-2.1442573070526123,0.002742065116763115,0.8692635893821716,0.09093877673149109,0.02742065116763115,0.9045340418815613,398,703.4844219684601
8.283782958984375,8.280821800231934,0.0029614807572215796,0.5075996518135071,0.40557554364204407,0.029614806175231934,0.7385489344596863,399,705.3441319465637
14.768881797790527,14.763538360595703,0.005343205761164427,0.5666466355323792,0.2470913529396057,0.05343205854296684,0.9045340418815613,400,707.1433289051056
-3.3885011672973633,-3.390603542327881,0.0021024455782026052,0.5721003413200378,0.4372222423553467,0.02102445624768734,0.7385489344596863,401,708.7773749828339
-4.500656604766846,-4.502225399017334,0.001568871783092618,0.5708888173103333,0.42964476346969604,0.015688717365264893,0.7385489344596863,402,710.6337234973907
-3.3768749237060547,-3.381563186645508,0.004688366781920195,0.6806841492652893,0.24187546968460083,0.04688366502523422,0.9045340418815613,403,712.3806779384613
-9.395316123962402,-9.401728630065918,0.006412102375179529,0.7433796525001526,0.2374495565891266,0.06412102282047272,0.904534101486206,404,714.3610589504242
-0.5211869478225708,-0.5240313410758972,0.0028443734627217054,0.5917951464653015,0.4438650906085968,0.02844373509287834,0.7385489344596863,405,716.0804440975189
-7.667263031005859,-7.672181606292725,0.004918502178043127,0.435064435005188,0.35453373193740845,0.04918501898646355,0.7385489344596863,406,717.9514915943146
0.3272469639778137,0.31620535254478455,0.011041611433029175,0.6930932998657227,0.25496137142181396,0.11041611433029175,0.9045340418815613,407,719.8238153457642
-1.1758981943130493,-1.1776937246322632,0.0017954778159037232,0.8739098906517029,0.11184440553188324,0.01795477792620659,0.9045340418815613,408,721.5154776573181
1.1840695142745972,1.1816076040267944,0.0024619351606816053,0.49325811862945557,0.4058588147163391,0.02461935207247734,0.7385489344596863,409,723.2403128147125
-10.868409156799316,-10.878213882446289,0.00980438757687807,0.713901698589325,0.22301189601421356,0.09804387390613556,0.9045340418815613,410,725.0356481075287
1.9837110042572021,1.9790929555892944,0.004618094768375158,0.8324777483940125,0.10101931542158127,0.04618094488978386,0.9045339822769165,411,726.7935636043549
3.0855937004089355,3.0811476707458496,0.0044459872879087925,0.8899195790290833,0.06475281715393066,0.04445987194776535,0.9045340418815613,412,728.6058762073517
-3.487940788269043,-3.4946181774139404,0.006677393801510334,0.4677852690219879,0.3822256326675415,0.06677393615245819,0.7385489344596863,413,730.4071855545044
2.6009697914123535,2.598964214324951,0.0020056546200066805,0.5709381103515625,0.4234186112880707,0.020056545734405518,0.738548994064331,414,732.2432868480682
0.36220109462738037,0.3602924346923828,0.0019086649408563972,0.7375612258911133,0.17805075645446777,0.019086649641394615,0.9045340418815613,415,734.0075869560242
-1.0142589807510376,-1.017255187034607,0.0029962521512061357,0.554593563079834,0.41834425926208496,0.02996252104640007,0.7385488748550415,416,736.0227077007294
-5.460214138031006,-5.462691307067871,0.0024770856834948063,0.666549801826477,0.19082008302211761,0.02477085590362549,0.9045340418815613,417,737.7976558208466
1.3997100591659546,1.3934504985809326,0.006259576883167028,0.5137785077095032,0.39888355135917664,0.06259576976299286,0.7385488748550415,418,739.5492444038391
-1.0412893295288086,-1.0456874370574951,0.004398058168590069,0.7494354248046875,0.1426595002412796,0.04398057982325554,0.9045339822769165,419,741.3329191207886
-0.9703946113586426,-0.9711380004882812,0.0007433872087858617,0.25684884190559387,0.384915292263031,0.007433871738612652,0.5222329497337341,420,743.1875874996185
-4.229233741760254,-4.232469081878662,0.003235385986045003,0.836111843585968,0.12792636454105377,0.03235385939478874,0.904534101486206,421,744.9336442947388
6.651279926300049,6.6493730545043945,0.0019066929817199707,0.46293577551841736,0.36500251293182373,0.019066929817199707,0.7385489344596863,422,746.7217679023743
-1.266060471534729,-1.2687339782714844,0.002673452254384756,0.5344933867454529,0.3951576054096222,0.026734521612524986,0.7385489344596863,423,748.4775116443634
-0.3799908757209778,-0.3803825378417969,0.0003916601708624512,0.5384815335273743,0.41679632663726807,0.003916601650416851,0.7385489344596863,424,750.1264839172363
-2.2530629634857178,-2.2561073303222656,0.0030442557763308287,0.529228925704956,0.4153561592102051,0.030442556366324425,0.7385488748550415,425,751.9102337360382
-8.159819602966309,-8.165324211120605,0.005504333879798651,0.8213526606559753,0.26505300402641296,0.05504333972930908,0.9045340418815613,426,753.7368335723877
-2.7542226314544678,-2.7595996856689453,0.005377014633268118,0.6528358459472656,0.24584001302719116,0.053770147264003754,0.9045339822769165,427,755.6546647548676
-2.7610669136047363,-2.7658228874206543,0.004756012465804815,0.8499824404716492,0.0980781614780426,0.04756012558937073,0.9045339822769165,428,757.4743692874908
-3.193351984024048,-3.195014476776123,0.0016624977579340339,0.7635784149169922,0.20090077817440033,0.016624977812170982,0.9045340418815613,429,759.2244453430176
-6.929235935211182,-6.941460609436035,0.012224589474499226,0.53562331199646,0.40870824456214905,0.1222458928823471,0.7385488748550415,430,761.1646113395691
2.726957321166992,2.726001739501953,0.0009554982534609735,0.8571866154670715,0.13420231640338898,0.00955498218536377,0.7385489344596863,431,762.917325258255
0.16762180626392365,0.1659342497587204,0.0016875555738806725,0.8469054698944092,0.09000339359045029,0.016875555738806725,0.9045340418815613,432,764.7461907863617
-0.6551398038864136,-0.6615365743637085,0.006396771874278784,0.3083333373069763,0.4562927186489105,0.06396771967411041,0.5222329497337341,433,766.4936370849609
1.0885684490203857,1.087350845336914,0.001217594719491899,0.5582452416419983,0.4187780022621155,0.012175947427749634,0.738548994064331,434,768.2957990169525
3.3066978454589844,3.2960994243621826,0.010598457418382168,0.7172389030456543,0.18377923965454102,0.10598456859588623,0.9045339822769165,435,770.2485363483429
-0.6361804008483887,-0.6387761831283569,0.0025958013720810413,0.8992796540260315,0.045766983181238174,0.02595801278948784,0.904534101486206,436,772.1362946033478
-12.329463005065918,-12.340357780456543,0.010894671082496643,0.8147832751274109,0.2666161358356476,0.10894671082496643,0.9045340418815613,437,774.04381108284
-7.73137092590332,-7.73259162902832,0.00122059287969023,0.813493013381958,0.1147952526807785,0.012205928564071655,0.9045339822769165,438,775.8432879447937
-0.6718342304229736,-0.6732267141342163,0.0013924817321822047,0.5392758250236511,0.403781533241272,0.013924817554652691,0.7385488748550415,439,777.6745712757111
-0.33036568760871887,-0.3367087244987488,0.006343028042465448,0.8518016934394836,0.12043952196836472,0.06343027949333191,0.9045340418815613,440,779.4151992797852
-1.130832552909851,-1.1340816020965576,0.0032490373123437166,0.5333892703056335,0.39656302332878113,0.03249037265777588,0.738548994064331,441,781.1990776062012
-0.3752700686454773,-0.38111209869384766,0.00584203889593482,0.28533831238746643,0.42171457409858704,0.058420389890670776,0.5222329497337341,442,782.942049741745
-4.755836486816406,-4.758326530456543,0.0024899363052099943,0.4779006540775299,0.4325123429298401,0.02489936351776123,0.7385489344596863,443,784.6800401210785
0.7178856730461121,0.7172381281852722,0.0006475429399870336,0.6299980282783508,0.46822240948677063,0.006475429050624371,0.7385489344596863,444,786.4898641109467
-2.9869627952575684,-2.9893569946289062,0.002394154667854309,0.7324050068855286,0.19173197448253632,0.02394154667854309,0.9045340418815613,445,788.3280289173126
-2.9471583366394043,-2.9552979469299316,0.008139713667333126,0.8690614104270935,0.1858326941728592,0.08139713108539581,0.9045339822769165,446,790.019017457962
-5.0426130294799805,-5.0458784103393555,0.003265239065513015,0.8584828972816467,0.2646505534648895,0.032652389258146286,0.7385489344596863,447,791.7463443279266
-0.8428954482078552,-0.8442675471305847,0.0013720999704673886,0.6792708039283752,0.2779810428619385,0.013720999471843243,0.904534101486206,448,793.4604685306549
0.05669287219643593,0.04724852368235588,0.009444349445402622,0.2327967882156372,0.3441051244735718,0.09444349259138107,0.5222329497337341,449,795.2330858707428
-3.1088221073150635,-3.109467029571533,0.0006450086948461831,0.7460818886756897,0.15443359315395355,0.006450086832046509,0.9045340418815613,450,796.9175972938538
-4.1059746742248535,-4.109291076660156,0.0033162140753120184,0.8101162910461426,0.10748247057199478,0.03316213935613632,0.9045339822769165,451,798.693186044693
0.19373579323291779,0.19291655719280243,0.000819239008706063,0.7720315456390381,0.19599811732769012,0.008192390203475952,0.9045340418815613,452,800.4065477848053
-16.98737144470215,-16.99629783630371,0.008926162496209145,0.8146353363990784,0.2282327115535736,0.08926162123680115,0.9045340418815613,453,802.2613587379456
-3.389003276824951,-3.3903427124023438,0.0013394098496064544,0.8851171135902405,0.13829222321510315,0.013394097797572613,0.9045339822769165,454,804.2322125434875
-2.31176495552063,-2.313610076904297,0.0018450081115588546,0.8656869530677795,0.11110876500606537,0.01845008134841919,0.7385489344596863,455,806.0750794410706
-1.1246178150177002,-1.125532865524292,0.0009151002741418779,0.6002622246742249,0.44807517528533936,0.009151002392172813,0.7385488748550415,456,807.7767064571381
0.2858678996562958,0.27821096777915955,0.007656934205442667,0.8471842408180237,0.08365155756473541,0.0765693411231041,0.9045340418815613,457,809.5527060031891
-4.809945583343506,-4.810088157653809,0.00014268458471633494,0.4758569002151489,0.41476160287857056,0.0014268457889556885,0.7385488748550415,458,811.3292498588562
4.516039848327637,4.513813018798828,0.0022267650347203016,0.512816309928894,0.42113634943962097,0.022267650812864304,0.7385488748550415,459,813.2273178100586
-0.05927186831831932,-0.06022389978170395,0.0009520322200842202,0.5409920811653137,0.4179835915565491,0.00952032208442688,0.7385489344596863,460,815.007627248764
-0.5087510347366333,-0.5097745656967163,0.0010235271183773875,0.6075356006622314,0.45575565099716187,0.010235270485281944,0.7385489344596863,461,816.9203059673309
0.5949267745018005,0.5929819941520691,0.0019447874510660768,0.9008085131645203,0.10489971190690994,0.019447874277830124,0.7385488748550415,462,818.6538519859314
-1.6241099834442139,-1.6263835430145264,0.0022735667880624533,0.5545864105224609,0.42070114612579346,0.02273566648364067,0.7385490536689758,463,820.3695383071899
0.8316740393638611,0.8293418884277344,0.002332159085199237,0.6345833539962769,0.4717060923576355,0.023321589455008507,0.7385489344596863,464,822.0708475112915
2.13242244720459,2.1259512901306152,0.006471257656812668,0.6923491954803467,0.21067063510417938,0.06471257656812668,0.9045340418815613,465,823.9331250190735
-2.846066951751709,-2.8462367057800293,0.0001697917905403301,0.5839712023735046,0.43704378604888916,0.0016979178180918097,0.7385489344596863,466,825.7670795917511
-7.911899566650391,-7.912534713745117,0.0006349086761474609,0.7980144023895264,0.12120316177606583,0.006349086761474609,0.9045340418815613,467,827.5926597118378
2.7205581665039062,2.7194316387176514,0.0011265695793554187,0.47554054856300354,0.35707733035087585,0.011265695095062256,0.7385489344596863,468,829.355447769165
-0.3718146085739136,-0.3732055127620697,0.0013909190893173218,0.3616999089717865,0.27805954217910767,0.013909190893173218,0.738548994064331,469,831.1677255630493
-1.3602392673492432,-1.36380136013031,0.003562047379091382,0.7957448959350586,0.1608206331729889,0.03562047332525253,0.7385489344596863,470,832.9094042778015
-2.271916389465332,-2.2742927074432373,0.0023762553464621305,0.8369879722595215,0.13786064088344574,0.023762553930282593,0.9045340418815613,471,834.578631401062
0.0009201010689139366,-0.0,0.0009201010689139366,0.875194251537323,0.0590827502310276,0.009201010689139366,0.0,472,836.2634234428406
-6.1917853355407715,-6.192623138427734,0.0008378516067750752,0.7724118232727051,0.20326219499111176,0.00837851595133543,0.7385489344596863,473,837.9727458953857
-1.926312804222107,-1.9274051189422607,0.0010922959772869945,0.7617751955986023,0.23260250687599182,0.010922959074378014,0.7385489344596863,474,839.7692513465881
-5.085357666015625,-5.085813045501709,0.0004552960454020649,0.8521688580513,0.17889025807380676,0.004552960395812988,0.9045339822769165,475,841.5938334465027
-1.2029024362564087,-1.2034683227539062,0.0005658298614434898,0.39758801460266113,0.42752209305763245,0.00565829873085022,0.738548755645752,476,843.3347611427307
-13.008668899536133,-13.009321212768555,0.0006519824382849038,0.6510449051856995,0.23857010900974274,0.006519824266433716,0.9045340418815613,477,845.1094124317169
-3.899872303009033,-3.900397777557373,0.0005255222204141319,0.7229145169258118,0.29036059975624084,0.005255222320556641,0.904534101486206,478,846.8115663528442
-1.451228380203247,-1.4515349864959717,0.00030660233460366726,0.6134070754051208,0.36209332942962646,0.0030660233460366726,0.9045340418815613,479,848.5677976608276
-1.2217040061950684,-1.2237911224365234,0.0020870626904070377,0.8620666861534119,0.10821168124675751,0.020870625972747803,0.9045340418815613,480,850.3649549484253
-8.70632553100586,-8.706657409667969,0.0003314475470688194,0.6823998093605042,0.17363370954990387,0.0033144752960652113,0.9045340418815613,481,852.0416417121887
2.702150344848633,2.698495388031006,0.003655033651739359,0.8639904856681824,0.08203977346420288,0.036550335586071014,0.904534101486206,482,853.7040753364563
-0.875123918056488,-0.8756904602050781,0.0005665521021001041,0.6249546408653259,0.46376845240592957,0.005665521137416363,0.7385489344596863,483,855.4837322235107
-5.4383697509765625,-5.438713073730469,0.0003431350050959736,0.8933103680610657,0.07468155026435852,0.003431349992752075,0.904534101486206,484,857.2407681941986
-0.10282497107982635,-0.1038106307387352,0.0009856611723080277,0.4671739339828491,0.37752410769462585,0.009856611490249634,0.7385489344596863,485,858.901177406311
-1.8175626993179321,-1.8192031383514404,0.0016404023626819253,0.6053192019462585,0.4479770064353943,0.01640402339398861,0.7385489344596863,486,860.7877495288849
-5.00789737701416,-5.008462905883789,0.0005653401603922248,0.621067225933075,0.24119426310062408,0.005653401371091604,0.9045340418815613,487,862.4767360687256
-2.156926393508911,-2.1578192710876465,0.0008928398601710796,0.5108098983764648,0.39824411273002625,0.008928398601710796,0.738548994064331,488,864.2264258861542
-2.822071075439453,-2.8240065574645996,0.0019354692194610834,0.7650565505027771,0.11629649251699448,0.019354691728949547,0.9045340418815613,489,865.9551334381104
1.5005077123641968,1.499860167503357,0.0006475727423094213,0.49504852294921875,0.38804271817207336,0.0064757270738482475,0.7385489344596863,490,867.8207318782806
0.7399471998214722,0.7379986643791199,0.0019485553493723273,0.6193470358848572,0.4586602449417114,0.019485553726553917,0.7385489344596863,491,869.78986120224
-1.2771748304367065,-1.278241515159607,0.0010666827438399196,0.21795453131198883,0.3278285264968872,0.01066682767122984,0.5222329497337341,492,871.6123096942902
-1.6158316135406494,-1.6159543991088867,0.00012272795720491558,0.8709216117858887,0.08031956106424332,0.0012272795429453254,0.904534101486206,493,873.3175027370453
9.98752212524414,9.986186027526855,0.0013359487056732178,0.7680144309997559,0.2553316354751587,0.013359487056732178,0.904534101486206,494,875.1303555965424
-1.357272744178772,-1.3573932647705078,0.00012052854435751215,0.9027368426322937,0.04830732196569443,0.0012052854290232062,0.904534101486206,495,876.8773746490479
-5.232348918914795,-5.2328596115112305,0.0005107601755298674,0.8314743041992188,0.22287289798259735,0.005107601638883352,0.9045339822769165,496,878.6531558036804
-4.5244364738464355,-4.525717735290527,0.0012814075453206897,0.6009920835494995,0.447226881980896,0.012814074754714966,0.738548994064331,497,880.3676142692566
8.806506156921387,8.805557250976562,0.0009487887728027999,0.8186314702033997,0.26346245408058167,0.009487887844443321,0.9045340418815613,498,882.4295799732208
-5.359595775604248,-5.3617401123046875,0.002144344849511981,0.7820792198181152,0.3057156205177307,0.021443447098135948,0.9045340418815613,499,884.1427807807922
-2.149562358856201,-2.150522232055664,0.0009598871693015099,0.5404824614524841,0.4088191092014313,0.009598871693015099,0.7385489344596863,500,885.9119880199432
-3.941836357116699,-3.943115234375,0.0012789786560460925,0.8438782095909119,0.16028399765491486,0.012789785861968994,0.9045339822769165,501,888.385071516037
-3.798346757888794,-3.7986183166503906,0.00027163230697624385,0.7821955680847168,0.2213113009929657,0.002716322895139456,0.9045339226722717,502,890.0632741451263
-2.9600448608398438,-2.960690975189209,0.0006460348959080875,0.6769578456878662,0.2653324007987976,0.006460349075496197,0.9045340418815613,503,891.7343518733978
-0.4841056764125824,-0.4875609278678894,0.0034552395809441805,0.9304853081703186,0.09053852409124374,0.03455239534378052,0.9045340418815613,504,893.4044382572174
2.675309658050537,2.6750335693359375,0.0002761294599622488,0.863071858882904,0.1011410728096962,0.002761294599622488,0.904534101486206,505,895.1910803318024
-6.929680347442627,-6.9303083419799805,0.0006278356304392219,0.6250901818275452,0.14791437983512878,0.006278356071561575,0.9045340418815613,506,897.0908877849579
2.3117852210998535,2.3116672039031982,0.00011793374869739637,0.4861110746860504,0.4509716331958771,0.001179337501525879,0.5222329497337341,507,898.7239120006561
-4.671140670776367,-4.671834945678711,0.0006940692546777427,0.6116447448730469,0.177279993891716,0.006940692663192749,0.9045340418815613,508,900.5582695007324
4.261428356170654,4.26012659072876,0.001301851007156074,0.7528613209724426,0.12922489643096924,0.01301850937306881,0.9045339822769165,509,902.2601866722107
0.7564343214035034,0.7549397349357605,0.0014946083538234234,0.8539196848869324,0.036674320697784424,0.014946083538234234,0.9045340418815613,510,904.0989103317261
-3.489032745361328,-3.4906833171844482,0.0016506761312484741,0.8393732905387878,0.14987339079380035,0.01650676131248474,0.7385488748550415,511,905.9727582931519
-2.926985263824463,-2.9275145530700684,0.0005292405840009451,0.24214689433574677,0.3590334951877594,0.005292405840009451,0.5222330093383789,512,907.6910429000854
-1.8486950397491455,-1.8497899770736694,0.0010949692223221064,0.8118818402290344,0.07435926049947739,0.010949691757559776,0.9045340418815613,513,909.4155511856079
-2.046175241470337,-2.0468077659606934,0.0006325473659671843,0.8268265724182129,0.1639663130044937,0.006325473543256521,0.904534101486206,514,911.0819735527039
2.5414698123931885,2.540144681930542,0.0013251731870695949,0.7480916380882263,0.20057496428489685,0.013251732103526592,0.9045340418815613,515,912.8447725772858
-8.114755630493164,-8.115455627441406,0.0006995826843194664,0.8661386370658875,0.09985087811946869,0.006995826959609985,0.9045340418815613,516,914.6280181407928
-0.393069863319397,-0.393829345703125,0.0007594744674861431,0.7304947376251221,0.08801790326833725,0.007594744674861431,0.9045340418815613,517,916.3666563034058
1.01694655418396,1.0164501667022705,0.00049638154450804,0.6712766289710999,0.2785204350948334,0.004963815212249756,0.9045339822769165,518,918.0982277393341
-6.022805213928223,-6.024613857269287,0.001808474655263126,0.805108368396759,0.12282942235469818,0.018084745854139328,0.9045340418815613,519,919.8823688030243
1.9658942222595215,1.9642829895019531,0.0016112526645883918,0.8018009662628174,0.2763787508010864,0.01611252687871456,0.9045339822769165,520,921.5145833492279
-4.087193012237549,-4.087906837463379,0.0007139971130527556,0.726844310760498,0.2742000222206116,0.007139971014112234,0.9045339226722717,521,923.1974074840546
-1.0997018814086914,-1.1040821075439453,0.004380183760076761,0.293129563331604,0.4343685507774353,0.04380183666944504,0.5222329497337341,522,924.9100396633148
-3.391861915588379,-3.3932137489318848,0.001351798651739955,0.2691176235675812,0.40085723996162415,0.013517986051738262,0.5222330093383789,523,926.6786773204803
-2.643437385559082,-2.644500255584717,0.001062850235030055,0.5852193832397461,0.4400664269924164,0.010628501884639263,0.7385488748550415,524,928.4654965400696
-6.707343101501465,-6.70898962020874,0.0016464065993204713,0.6316207051277161,0.2933772802352905,0.01646406576037407,0.9045340418815613,525,930.1002204418182
1.2415926456451416,1.2392133474349976,0.0023792951833456755,0.8215394616127014,0.22905166447162628,0.023792952299118042,0.9045339822769165,526,931.9423298835754
-0.7137194275856018,-0.7164325714111328,0.002713128924369812,0.7885206341743469,0.11957895755767822,0.02713128924369812,0.904534101486206,527,933.7667720317841
3.34844708442688,3.3468551635742188,0.0015919983852654696,0.7358843684196472,0.2298768013715744,0.015919983386993408,0.9045339822769165,528,935.5745527744293
-5.711379051208496,-5.71392822265625,0.0025492054410278797,0.8442276120185852,0.1059846580028534,0.025492053478956223,0.9045340418815613,529,937.2764258384705
-4.341823101043701,-4.342060089111328,0.00023715496354270726,0.5972742438316345,0.44550544023513794,0.002371549606323242,0.7385489344596863,530,938.9958081245422
-4.555970191955566,-4.556857109069824,0.0008867561700753868,0.8687489032745361,0.18841056525707245,0.00886756181716919,0.9045339822769165,531,940.867196559906
-1.0076186656951904,-1.0076984167099,7.974704931257293e-05,0.6159265637397766,0.45589861273765564,0.0007974704494699836,0.7385489344596863,532,942.6055188179016
-3.1076090335845947,-3.1089210510253906,0.001312024425715208,0.5526049733161926,0.4172687232494354,0.01312024425715208,0.7385489344596863,533,944.4161138534546
-4.729452133178711,-4.730344295501709,0.0008923044661059976,0.8732976317405701,0.10155780613422394,0.008923044428229332,0.9045340418815613,534,946.1374523639679
-0.4471680223941803,-0.4498392939567566,0.0026712834369391203,0.575390636920929,0.4279835820198059,0.02671283483505249,0.7385489344596863,535,947.8676323890686
2.5967135429382324,2.5953547954559326,0.0013587723951786757,0.49927428364753723,0.3792170584201813,0.01358772348612547,0.7385489344596863,536,949.7183125019073
-1.4700645208358765,-1.4702785015106201,0.00021402239508461207,0.8751899600028992,0.060055818408727646,0.002140223979949951,0.7385489344596863,537,951.4044215679169
-1.182516098022461,-1.1829822063446045,0.00046613914310000837,0.4957559406757355,0.3740626573562622,0.004661391489207745,0.7385488748550415,538,953.0585007667542
-2.722346305847168,-2.7234179973602295,0.0010718078119680285,0.8407872319221497,0.08874800056219101,0.010718077421188354,0.9045340418815613,539,954.7397036552429
-5.659474849700928,-5.662364959716797,0.002889902563765645,0.3070667088031769,0.45402804017066956,0.028899025171995163,0.5222329497337341,540,956.5153346061707
-2.6057164669036865,-2.6068496704101562,0.0011332641588523984,0.859743595123291,0.07822415977716446,0.01133264135569334,0.7385489344596863,541,958.2932116985321
2.945803642272949,2.944054365158081,0.0017493009800091386,0.18194444477558136,0.2709856927394867,0.017493009567260742,0.5222329497337341,542,959.9162197113037
0.6432866454124451,0.6420434713363647,0.0012431949144229293,0.8164450526237488,0.21136045455932617,0.012431949377059937,0.9045340418815613,543,961.7738747596741
0.001512015936896205,-0.0,0.001512015936896205,0.0,0.0,0.015120158903300762,0.0,544,963.6120545864105
-4.780538558959961,-4.780653953552246,0.00011546015593921766,0.53104168176651,0.45783886313438416,0.0011546015739440918,0.7385488748550415,545,965.2660558223724
-1.8417571783065796,-1.8449554443359375,0.0031982422806322575,0.5946198105812073,0.4397766888141632,0.031982421875,0.7385489344596863,546,967.1423478126526
-2.2681758403778076,-2.2709813117980957,0.002805544063448906,0.2933947741985321,0.4343302547931671,0.02805544063448906,0.5222330093383789,547,968.9087135791779
-0.34442925453186035,-0.34533438086509705,0.0009051273809745908,0.842988908290863,0.12300854921340942,0.009051273576915264,0.904534101486206,548,970.6938388347626
-0.36803802847862244,-0.37156423926353455,0.00352620892226696,0.29077380895614624,0.43266865611076355,0.0352620892226696,0.5222329497337341,549,972.4156827926636
0.6640612483024597,0.6637204885482788,0.00034076572046615183,0.7101550698280334,0.18489892780780792,0.0034076571464538574,0.9045340418815613,550,974.1054139137268
-2.7947847843170166,-2.7952687740325928,0.0004839648900087923,0.8025757670402527,0.20883162319660187,0.004839648958295584,0.9045339822769165,551,975.7980177402496
2.6004176139831543,2.5994911193847656,0.0009264390100724995,0.5459888577461243,0.4232286810874939,0.009264389984309673,0.7385489344596863,552,977.4614403247833
-1.1259573698043823,-1.1271007061004639,0.0011433294275775552,0.569766104221344,0.4259240925312042,0.011433294042944908,0.7385489344596863,553,979.2679758071899
-0.27890628576278687,-0.27967071533203125,0.0007644425495527685,0.892742931842804,0.060727644711732864,0.007644425146281719,0.9045340418815613,554,981.1462497711182
-5.254831790924072,-5.256320953369141,0.0014891247265040874,0.7545070648193359,0.1686590015888214,0.014891247265040874,0.904534101486206,555,982.8193283081055
-0.6363311409950256,-0.6376914978027344,0.0013603548286482692,0.8687165379524231,0.10234764218330383,0.013603548519313335,0.9045339226722717,556,984.7058184146881
-0.09288626909255981,-0.09318988025188446,0.000303612177958712,0.30336257815361023,0.4491004943847656,0.003036121604964137,0.5222329497337341,557,986.3925433158875
-3.3250224590301514,-3.325183868408203,0.00016146004782058299,0.8335647583007812,0.208821102976799,0.001614600419998169,0.9045339226722717,558,988.0692207813263
-8.978940963745117,-8.980903625488281,0.0019628636073321104,0.1649010181427002,0.3030719757080078,0.019628634676337242,0.5222328901290894,559,989.9250254631042
-1.3275408744812012,-1.3277568817138672,0.0002159784344257787,0.5694699287414551,0.4352201223373413,0.0021597843151539564,0.7385489344596863,560,991.5805771350861
7.288354873657227,7.283820152282715,0.004534686915576458,0.4433945119380951,0.3930453360080719,0.04534686729311943,0.7385489344596863,561,993.5707433223724
-3.0413832664489746,-3.0430960655212402,0.0017126869643107057,0.8759220242500305,0.08972594141960144,0.017126869410276413,0.7385489344596863,562,995.3097026348114
-0.06933814287185669,-0.06990687549114227,0.0005687355878762901,0.6357143521308899,0.26443636417388916,0.005687355995178223,0.9045339822769165,563,997.1177313327789
0.0018785437569022179,-0.0,0.0018785437569022179,0.6259258389472961,0.4652053415775299,0.01878543756902218,0.0,564,998.891687631607
0.0034225655253976583,-0.0,0.0034225655253976583,0.0,0.0,0.03422565385699272,0.0,565,1000.6536884307861
-2.065042734146118,-2.0653305053710938,0.00028771162033081055,0.5408331751823425,0.4075504541397095,0.0028771162033081055,0.7385489344596863,566,1002.5324320793152
-2.568143844604492,-2.568610668182373,0.00046688318252563477,0.5716801881790161,0.426985502243042,0.004668831825256348,0.7385489344596863,567,1004.2803452014923
1.315062165260315,1.3139235973358154,0.0011385689722374082,0.7081923484802246,0.14902260899543762,0.011385689489543438,0.9045340418815613,568,1006.0237567424774
9.704333305358887,9.703588485717773,0.0007448186515830457,0.49015769362449646,0.45021817088127136,0.007448186632245779,0.738548994064331,569,1007.9097418785095
-1.3201318979263306,-1.3242366313934326,0.004104776307940483,0.8942429423332214,0.0990004763007164,0.04104776307940483,0.7385488748550415,570,1009.5779037475586
-2.5328309535980225,-2.5345335006713867,0.001702644512988627,0.7217679023742676,0.2392861694097519,0.017026444897055626,0.9045340418815613,571,1011.2968301773071
-5.349516868591309,-5.352302551269531,0.0027858775574713945,0.7304058074951172,0.2361535280942917,0.027858775109052658,0.9045340418815613,572,1013.1340780258179
-0.9535059928894043,-0.955130934715271,0.001624919124878943,0.8740329146385193,0.1242203637957573,0.016249191015958786,0.9045339226722717,573,1014.8368787765503
-0.20993894338607788,-0.21004962921142578,0.00011068483581766486,0.31949496269226074,0.4727362096309662,0.0011068483581766486,0.5222329497337341,574,1016.4968893527985
-0.08362480252981186,-0.08432801812887192,0.0007032136782072484,0.918376624584198,0.06324557214975357,0.007032136432826519,0.9045340418815613,575,1018.1906049251556
-4.801498889923096,-4.801849365234375,0.0003503610787447542,0.49642232060432434,0.401203989982605,0.003503610845655203,0.7385488748550415,576,1019.9707460403442
-2.3142988681793213,-2.3144760131835938,0.0001772145478753373,0.588409960269928,0.4355388879776001,0.0017721455078572035,0.5222330093383789,577,1021.6442234516144
0.5870985388755798,0.5866222381591797,0.0004763056931551546,0.5584841370582581,0.4427616000175476,0.004763056989759207,0.7385488748550415,578,1023.4089856147766
-7.703031063079834,-7.70334529876709,0.0003141562337987125,0.5478237271308899,0.44610917568206787,0.003141562221571803,0.7385489344596863,579,1025.1628413200378
-1.4295845031738281,-1.4319522380828857,0.002367691369727254,0.5409830212593079,0.4050191342830658,0.023676913231611252,0.7385488748550415,580,1027.1787550449371
2.043504238128662,2.042245864868164,0.0012583385687321424,0.5118420720100403,0.3938395380973816,0.012583385221660137,0.7385489344596863,581,1028.8869950771332
0.00017993152141571045,-0.0,0.00017993152141571045,0.3076190650463104,0.4543834626674652,0.0017993152141571045,0.0,582,1030.5196101665497
-1.5472004413604736,-1.54763925075531,0.0004387795925140381,0.5442526936531067,0.4093867242336273,0.004387795925140381,0.7385489344596863,583,1032.2403259277344
0.9247771501541138,0.9239031672477722,0.0008739918703213334,0.9637162089347839,0.04040240868926048,0.00873991847038269,0.9045340418815613,584,1034.0285358428955
9.910094261169434,9.908878326416016,0.0012161553604528308,0.5091766119003296,0.3066098392009735,0.012161552906036377,0.9045340418815613,585,1035.8401980400085
-5.68477725982666,-5.688479423522949,0.0037019632291048765,0.5349361300468445,0.40951600670814514,0.03701963275671005,0.7385489344596863,586,1037.683764219284
-2.4434356689453125,-2.443798780441284,0.0003631770669016987,0.5398550629615784,0.4388359487056732,0.003631770610809326,0.7385489344596863,587,1039.4541130065918
-3.2748239040374756,-3.2762858867645264,0.0014619658468291163,0.5371710658073425,0.4198765456676483,0.014619658701121807,0.7385489344596863,588,1041.216406583786
-4.438549995422363,-4.439553737640381,0.0010036826133728027,0.8794559836387634,0.08522947877645493,0.010036826133728027,0.9045340418815613,589,1042.9707517623901
-5.341716289520264,-5.342782497406006,0.0010663371067494154,0.1765872985124588,0.2811940908432007,0.010663370601832867,0.5222328901290894,590,1044.6719796657562
-4.593044757843018,-4.596348762512207,0.003304177662357688,0.17571429908275604,0.33133116364479065,0.03304177522659302,0.5222329497337341,591,1046.3792057037354
0.07734273374080658,0.07580439746379852,0.001538333366625011,0.5652448534965515,0.42507675290107727,0.015383332967758179,0.7385488748550415,592,1048.1518287658691
-4.3255228996276855,-4.326723098754883,0.0012002240400761366,0.723727285861969,0.20343682169914246,0.012002239935100079,0.9045338034629822,593,1049.8562834262848
-5.009718894958496,-5.010561943054199,0.0008429905283264816,0.5786777138710022,0.3524681031703949,0.008429905399680138,0.9045340418815613,594,1051.70427775383
-1.3582532405853271,-1.3589630126953125,0.000709792017005384,0.9019915461540222,0.07004326581954956,0.007097919937223196,0.9045340418815613,595,1053.4994962215424
-2.323683977127075,-2.3247275352478027,0.0010436446173116565,0.5375171899795532,0.41790249943733215,0.010436445474624634,0.7385489344596863,596,1055.3748290538788
-4.135130882263184,-4.136191368103027,0.0010606448631733656,0.6361538767814636,0.4723283052444458,0.010606448166072369,0.5222329497337341,597,1057.0844895839691
-6.5971293449401855,-6.598474025726318,0.0013447335222736,0.8264155387878418,0.07874701917171478,0.013447334989905357,0.9045339822769165,598,1058.900205373764
-5.852997779846191,-5.854877471923828,0.001879789517261088,0.7961023449897766,0.21361233294010162,0.018797894939780235,0.9045340418815613,599,1060.7152693271637
-0.04304599389433861,-0.044712066650390625,0.0016660720575600863,0.8544068336486816,0.06869157403707504,0.016660720109939575,0.9045339822769165,600,1062.9265067577362
-0.07899187505245209,-0.08224634826183319,0.0032544725108891726,0.32082971930503845,0.47416675090789795,0.03254472464323044,0.5222328901290894,601,1064.7726135253906
-12.399185180664062,-12.401006698608398,0.001821224926970899,0.8034069538116455,0.13010431826114655,0.018212249502539635,0.9045339822769165,602,1066.67986369133
2.2540080547332764,2.2492663860321045,0.004741595592349768,0.599607527256012,0.4518347382545471,0.04741595312952995,0.7385488748550415,603,1068.4810588359833
14.664050102233887,14.660795211791992,0.0032547474838793278,0.44193175435066223,0.4292777180671692,0.0325474739074707,0.7385489344596863,604,1070.2281646728516
-1.1916669607162476,-1.197694182395935,0.00602723378688097,0.5589105486869812,0.4272644519805908,0.06027233600616455,0.7385489344596863,605,1071.8944499492645
-2.150367259979248,-2.1528079509735107,0.002440660260617733,0.8014959692955017,0.21727967262268066,0.02440660260617733,0.9045338034629822,606,1073.6110360622406
-0.6619189977645874,-0.6641744375228882,0.0022554320748895407,0.863523006439209,0.06898389756679535,0.022554319351911545,0.9045340418815613,607,1075.4123208522797
-3.623300075531006,-3.623812437057495,0.0005124410381540656,0.5236589312553406,0.4077136218547821,0.0051244101487100124,0.7385489344596863,608,1077.1743211746216
-3.7175638675689697,-3.7213306427001953,0.0037667553406208754,0.491145521402359,0.3942696154117584,0.03766755387187004,0.738548994064331,609,1078.876585483551
-2.298412322998047,-2.2989449501037598,0.0005326261161826551,0.6230549216270447,0.4633503258228302,0.005326261278241873,0.7385489344596863,610,1080.6276874542236
0.13256315886974335,0.1298491209745407,0.0027140360325574875,0.5242156982421875,0.3928758502006531,0.027140360325574875,0.7385489344596863,611,1082.3546359539032
-2.8643016815185547,-2.8658652305603027,0.0015636157477274537,0.42754843831062317,0.3988994061946869,0.015636157244443893,0.7385489344596863,612,1084.0761969089508
-3.952878475189209,-3.9538474082946777,0.0009689202415756881,0.5498420000076294,0.4348609149456024,0.009689202532172203,0.7385488748550415,613,1085.8278639316559
0.5261581540107727,0.5200487971305847,0.006109368987381458,0.8323934674263,0.13465166091918945,0.061093688011169434,0.904534101486206,614,1087.5052633285522
-4.5327043533325195,-4.533733367919922,0.0010292301885783672,0.46739086508750916,0.39024537801742554,0.010292301885783672,0.738548994064331,615,1089.2576143741608
-0.01885613426566124,-0.02019500732421875,0.0013388723600655794,0.5059552788734436,0.40790966153144836,0.013388723134994507,0.7385489344596863,616,1090.9735782146454
-8.525107383728027,-8.532771110534668,0.007664191070944071,0.8355870842933655,0.1496995985507965,0.07664190977811813,0.9045339822769165,617,1092.7136540412903
-3.256690740585327,-3.2569262981414795,0.00023546120792161673,0.6372576355934143,0.47393640875816345,0.002354612108319998,0.7385489344596863,618,1094.3715415000916
-2.364532947540283,-2.3653934001922607,0.000860473548527807,0.8381150364875793,0.10885456949472427,0.008604735136032104,0.904534101486206,619,1096.1488320827484
-4.536328315734863,-4.542464256286621,0.006136118900030851,0.49748650193214417,0.2785828709602356,0.06136118620634079,0.9045340418815613,620,1098.1101109981537
-2.701470375061035,-2.703033447265625,0.001562961027957499,0.30605581402778625,0.4531741440296173,0.015629610046744347,0.5222329497337341,621,1100.0221967697144
-1.6722584962844849,-1.6809577941894531,0.008699332363903522,0.5654667019844055,0.440912127494812,0.08699332177639008,0.7385489344596863,622,1101.7257883548737
-3.9420673847198486,-3.9424855709075928,0.000418245792388916,0.310353547334671,0.45969799160957336,0.00418245792388916,0.5222330093383789,623,1103.4341475963593
-3.1658990383148193,-3.167604923248291,0.0017060022801160812,0.8578523993492126,0.1270192563533783,0.017060022801160812,0.5222329497337341,624,1105.1948783397675
1.9830584526062012,1.9824943542480469,0.000564125191885978,0.8493108153343201,0.1968626081943512,0.005641251802444458,0.9045340418815613,625,1107.045313835144
-3.808415174484253,-3.8134982585906982,0.005083043593913317,0.4364369809627533,0.43207842111587524,0.05083043500781059,0.7385488748550415,626,1108.8706967830658
-1.1037837266921997,-1.1045455932617188,0.0007618506788276136,0.5620269179344177,0.4223575294017792,0.007618506904691458,0.7385489344596863,627,1110.613127231598
-16.291357040405273,-16.29330062866211,0.0019428601954132318,0.7408137321472168,0.2452874332666397,0.01942860148847103,0.9045340418815613,628,1112.50541639328
-4.149744987487793,-4.1520819664001465,0.0023371558636426926,0.29383161664009094,0.43674275279045105,0.023371558636426926,0.5222330093383789,629,1114.4528908729553
-3.061314344406128,-3.0621719360351562,0.0008575986139476299,0.8891354203224182,0.095219686627388,0.0085759861394763,0.9045339822769165,630,1116.2756021022797
-5.684866905212402,-5.686561584472656,0.0016946851974353194,0.6167445778846741,0.45747676491737366,0.016946852207183838,0.7385489344596863,631,1118.019562959671
0.05196448415517807,0.04459444805979729,0.007370036095380783,0.8727864623069763,0.06066066399216652,0.07370036095380783,0.904534101486206,632,1119.7754850387573
0.134632408618927,0.13406357169151306,0.0005688329692929983,0.6077673435211182,0.4492601454257965,0.005688329692929983,0.5222329497337341,633,1121.5958995819092
-1.0315070152282715,-1.0347373485565186,0.0032302855979651213,0.8648661971092224,0.10205717384815216,0.0323028564453125,0.904534101486206,634,1123.3344278335571
-3.712179183959961,-3.713559627532959,0.0013803383335471153,0.8654435276985168,0.11170155555009842,0.013803383335471153,0.9045340418815613,635,1124.9950737953186
-4.544174671173096,-4.546087265014648,0.0019126873230561614,0.8428857922554016,0.1316869556903839,0.019126873463392258,0.9045339226722717,636,1126.930498600006
-3.679425001144409,-3.6811015605926514,0.001676645944826305,0.8393886089324951,0.12222187221050262,0.016766458749771118,0.9045339822769165,637,1128.802241563797
-2.285794973373413,-2.2864646911621094,0.0006697645294480026,0.16289682686328888,0.26433655619621277,0.00669764494523406,0.5222329497337341,638,1130.6454186439514
-1.4452314376831055,-1.4455255270004272,0.0002940356789622456,0.16333334147930145,0.24525393545627594,0.002940356731414795,0.5222330093383789,639,1132.2582788467407
-1.0735706090927124,-1.0741946697235107,0.0006240576622076333,0.40120768547058105,0.33102765679359436,0.006240576505661011,0.738548994064331,640,1133.9769384860992
5.103779315948486,5.101003170013428,0.0027762374375015497,0.8483505249023438,0.08620757609605789,0.02776237390935421,0.9045340418815613,641,1135.7766916751862
-4.56888484954834,-4.5694403648376465,0.0005556633113883436,0.884821355342865,0.12241967022418976,0.0055566332302987576,0.9045340418815613,642,1137.4889249801636
0.32508376240730286,0.32393646240234375,0.0011472931364551187,0.8498879075050354,0.08694339543581009,0.011472931131720543,0.904534101486206,643,1139.270711183548
2.712183952331543,2.709725856781006,0.0024581721518188715,0.5457414984703064,0.40890103578567505,0.024581721052527428,0.7385489344596863,644,1140.964566707611
-0.35954612493515015,-0.3622824549674988,0.002736335154622793,0.29523810744285583,0.4380922317504883,0.027363350614905357,0.5222328901290894,645,1142.7076830863953
11.924845695495605,11.924444198608398,0.0004016469174530357,0.5182676911354065,0.4712585508823395,0.004016469232738018,0.7385489344596863,646,1144.405062675476
-3.252610206604004,-3.262892484664917,0.010282236151397228,0.8708226084709167,0.1022004783153534,0.10282236337661743,0.9045339822769165,647,1146.1651737689972
-1.774267315864563,-1.7753093242645264,0.0010420035105198622,0.28999999165534973,0.44936317205429077,0.010420034639537334,0.5222329497337341,648,1147.8886151313782
-6.028244972229004,-6.02875280380249,0.0005079935654066503,0.5776854753494263,0.4340195953845978,0.005079935304820538,0.7385489344596863,649,1149.6334326267242
-2.8206393718719482,-2.823016881942749,0.0023774495348334312,0.8972389101982117,0.12105473130941391,0.023774495348334312,0.9045340418815613,650,1151.6297888755798
-1.6670491695404053,-1.6690267324447632,0.0019775659311562777,0.8999111652374268,0.08897199481725693,0.01977565884590149,0.9045340418815613,651,1153.353313446045
-12.005337715148926,-12.008769989013672,0.00343228573910892,0.7504073977470398,0.23667596280574799,0.03432285785675049,0.9045339822769165,652,1155.0877857208252
-2.108375072479248,-2.1115856170654297,0.0032105327118188143,0.8444361090660095,0.10117460042238235,0.032105326652526855,0.904534101486206,653,1157.2173500061035
-1.1046680212020874,-1.1060142517089844,0.001346277305856347,0.5564717054367065,0.41624000668525696,0.013462772592902184,0.7385488748550415,654,1158.9945788383484
-4.427125930786133,-4.4331536293029785,0.006027729716151953,0.5363243222236633,0.422621488571167,0.060277294367551804,0.7385489344596863,655,1160.93892288208
1.2537108659744263,1.2475039958953857,0.006206832360476255,0.89167720079422,0.04823927581310272,0.06206832453608513,0.904534101486206,656,1162.6388821601868
-0.12834832072257996,-0.12860362231731415,0.0002552986261434853,0.187333345413208,0.28669822216033936,0.0025529861450195312,0.5222329497337341,657,1164.2726759910583
-0.7638214230537415,-0.7656402587890625,0.0018188169924542308,0.5864972472190857,0.43723803758621216,0.018188169226050377,0.7385489344596863,658,1166.0987956523895
-5.192180633544922,-5.1928253173828125,0.00064444838790223,0.8854451179504395,0.13510778546333313,0.006444483995437622,0.9045340418815613,659,1167.8444783687592
-4.403199672698975,-4.408785820007324,0.005585942883044481,0.5984064936637878,0.45063355565071106,0.05585942789912224,0.5222328901290894,660,1169.5228817462921
-4.1932291984558105,-4.20084285736084,0.00761385215446353,0.4184342920780182,0.33001816272735596,0.07613851875066757,0.738548994064331,661,1171.2336802482605
0.3690836727619171,0.36506718397140503,0.00401649996638298,0.3620881140232086,0.3768417239189148,0.0401649996638298,0.7385489344596863,662,1172.89581990242
0.11831461638212204,0.1166483610868454,0.001666255877353251,0.8987317681312561,0.04971881955862045,0.016662558540701866,0.9045339822769165,663,1174.7044727802277
2.2484376430511475,2.2479794025421143,0.00045817793579772115,0.7161829471588135,0.30362042784690857,0.00458177924156189,0.7385489344596863,664,1176.4088418483734
-0.19290536642074585,-0.19537481665611267,0.0024694574531167746,0.8396944999694824,0.11636298894882202,0.024694573134183884,0.9045339822769165,665,1178.1293802261353
-3.75578236579895,-3.758960723876953,0.0031782917212694883,0.9211006760597229,0.061843059957027435,0.03178291767835617,0.9045340418815613,666,1179.96768450737
-1.2549505233764648,-1.2582769393920898,0.00332645489834249,0.2759420573711395,0.4095369875431061,0.03326454758644104,0.5222330093383789,667,1181.5991044044495
-0.9523111581802368,-0.9580068588256836,0.00569568807259202,0.2529761791229248,0.3760495185852051,0.056956879794597626,0.5222330093383789,668,1183.260470867157
-5.5448713302612305,-5.5517072677612305,0.0068358019925653934,0.8354816436767578,0.1641063243150711,0.06835801899433136,0.904534101486206,669,1185.0025930404663
-2.091520309448242,-2.093500852584839,0.001980652566999197,0.45252981781959534,0.3914760947227478,0.019806524738669395,0.7385489344596863,670,1186.7838654518127
0.5322559475898743,0.525146484375,0.007109454367309809,0.49385055899620056,0.38697588443756104,0.07109454274177551,0.7385489344596863,671,1188.60213804245
-0.8047593235969543,-0.8090362548828125,0.0042769284918904305,0.5134788751602173,0.3932662904262543,0.042769283056259155,0.738548994064331,672,1190.572214603424
-3.844327926635742,-3.85010027885437,0.005772453732788563,0.6071562767028809,0.45545801520347595,0.05772453546524048,0.7385489344596863,673,1192.3214824199677
-3.499879837036133,-3.5016849040985107,0.0018049966311082244,0.6271771788597107,0.4635162949562073,0.018049966543912888,0.7385489344596863,674,1194.247370004654
-1.325049638748169,-1.333875060081482,0.008825473487377167,0.7127647399902344,0.31704798340797424,0.08825473487377167,0.9045339226722717,675,1196.086817741394
1.5869389772415161,1.5863227844238281,0.0006161690107546747,0.7940022945404053,0.05795297026634216,0.006161689758300781,0.9045340418815613,676,1197.8506076335907
5.616212368011475,5.6114044189453125,0.004807945340871811,0.7837594151496887,0.1294395476579666,0.04807945340871811,0.9045340418815613,677,1199.6346971988678
0.13267937302589417,0.13029047846794128,0.0023888887371867895,0.2849685251712799,0.42211660742759705,0.023888885974884033,0.5222328901290894,678,1201.377879858017
-1.549974799156189,-1.5534617900848389,0.0034869492519646883,0.6093106865882874,0.45124295353889465,0.034869492053985596,0.7385489344596863,679,1203.342098236084
-2.4992175102233887,-2.503002882003784,0.0037853331305086613,0.7776424288749695,0.257171630859375,0.03785333037376404,0.9045340418815613,680,1205.0944910049438
-5.362874984741211,-5.367114067077637,0.0042389631271362305,0.5590550899505615,0.4266882538795471,0.042389631271362305,0.7385489344596863,681,1206.7684800624847
-0.20898158848285675,-0.21138033270835876,0.0023987493477761745,0.8770056366920471,0.08940273523330688,0.02398749254643917,0.9045339822769165,682,1208.4750547409058
-2.38256573677063,-2.3844640254974365,0.0018983762711286545,0.8268389105796814,0.1493155062198639,0.018983762711286545,0.9045340418815613,683,1210.1714594364166
-5.080590724945068,-5.084261894226074,0.0036713890731334686,0.8642438054084778,0.16676446795463562,0.036713890731334686,0.9045340418815613,684,1212.031272649765
-7.595727920532227,-7.599562644958496,0.0038346729706972837,0.674346387386322,0.25502339005470276,0.038346730172634125,0.904534101486206,685,1213.8481018543243
0.41506078839302063,0.41283321380615234,0.0022275885567069054,0.27166664600372314,0.4051000475883484,0.022275885567069054,0.5222329497337341,686,1215.534416437149
-1.4580148458480835,-1.460601806640625,0.0025869659148156643,0.6111167073249817,0.45247820019721985,0.02586965821683407,0.7385489344596863,687,1217.4330127239227
-7.802638053894043,-7.806344985961914,0.003706885501742363,0.914904773235321,0.041959624737501144,0.03706885501742363,0.904534101486206,688,1219.1469736099243
-0.5339437127113342,-0.5372428894042969,0.0032991718035191298,0.5802393555641174,0.4346157908439636,0.032991718500852585,0.7385489344596863,689,1220.9272651672363
2.046832323074341,2.04217529296875,0.004656955134123564,0.6040230393409729,0.45248767733573914,0.046569548547267914,0.7385489344596863,690,1222.639835357666
-0.6646909713745117,-0.6714973449707031,0.006806364748626947,0.9020218849182129,0.04167471081018448,0.0680636465549469,0.9045339822769165,691,1224.3966844081879
-2.0806996822357178,-2.089874267578125,0.009174658916890621,0.8466035723686218,0.11929454654455185,0.09174658358097076,0.9045339822769165,692,1226.1122159957886
-2.958185911178589,-2.968198776245117,0.010012893937528133,0.5142500400543213,0.4001522958278656,0.10012893378734589,0.7385488748550415,693,1227.8364605903625
-1.6957842111587524,-1.6965141296386719,0.0007298678392544389,0.4712596833705902,0.4017361104488373,0.007298678159713745,0.7385489344596863,694,1229.762943983078
-2.557095527648926,-2.56941294670105,0.012317389249801636,0.6317533850669861,0.46889999508857727,0.12317389249801636,0.7385489344596863,695,1231.5170273780823
-5.618155479431152,-5.623777389526367,0.005621692631393671,0.8796306252479553,0.09693624824285507,0.056216925382614136,0.904534101486206,696,1233.2308278083801
-7.134254455566406,-7.1388373374938965,0.004583050962537527,0.7317259311676025,0.2667285203933716,0.045830510556697845,0.9045340418815613,697,1235.1546812057495
-4.890217304229736,-4.892873287200928,0.0026560246478766203,0.8103646636009216,0.22957274317741394,0.02656024694442749,0.9045339822769165,698,1237.0348942279816
0.13739457726478577,0.134429931640625,0.002964648650959134,0.602861225605011,0.4495260417461395,0.029646486043930054,0.5222329497337341,699,1238.6889824867249
0.393988698720932,0.3916330337524414,0.002355660079047084,0.5836917757987976,0.43600112199783325,0.023556601256132126,0.7385489344596863,700,1240.6750710010529
-4.554355144500732,-4.557024955749512,0.002669916721060872,0.7767890095710754,0.20725484192371368,0.026699166744947433,0.9045339226722717,701,1242.3431494235992
-1.9859448671340942,-1.9896457195281982,0.0037008875515311956,0.855358362197876,0.09181156009435654,0.037008874118328094,0.7385489344596863,702,1244.0608377456665
-3.8155784606933594,-3.82081937789917,0.005240893457084894,0.9269773960113525,0.09902879595756531,0.05240893363952637,0.7385489344596863,703,1245.8571813106537
-5.0434370040893555,-5.044589519500732,0.001152707147412002,0.749484121799469,0.23360072076320648,0.011527071706950665,0.9045339822769165,704,1247.5753736495972
-3.2444729804992676,-3.2532472610473633,0.008774195797741413,0.6848674416542053,0.22750164568424225,0.08774195611476898,0.9045339226722717,705,1249.5095746517181
-1.9878652095794678,-1.9908788204193115,0.0030135910492390394,0.8430882096290588,0.12844498455524445,0.03013591095805168,0.904534101486206,706,1251.5136241912842
-1.9835143089294434,-1.9849138259887695,0.001399570726789534,0.5555686354637146,0.42365697026252747,0.013995707035064697,0.7385489344596863,707,1253.351756811142
2.4236981868743896,2.419219970703125,0.00447813980281353,0.5234423279762268,0.4019450843334198,0.0447813980281353,0.7385488748550415,708,1255.1773011684418
-9.066272735595703,-9.069170951843262,0.002898275852203369,0.6453294157981873,0.22593683004379272,0.02898275852203369,0.9045340418815613,709,1256.8965191841125
-2.15954852104187,-2.1639137268066406,0.004365152213722467,0.875450074672699,0.11605151742696762,0.0436515212059021,0.9045339822769165,710,1258.7039864063263
0.0008367956033907831,-0.0,0.0008367956033907831,0.0,0.0,0.008367955684661865,0.0,711,1260.351061820984
-1.9674298763275146,-1.9740817546844482,0.006651848088949919,0.5151606202125549,0.4044642746448517,0.06651847809553146,0.7385489344596863,712,1262.1880285739899
-7.6390604972839355,-7.641663551330566,0.0026028912980109453,0.8833686709403992,0.048264920711517334,0.026028912514448166,0.9045340418815613,713,1264.0539524555206
-0.7647666335105896,-0.7703120112419128,0.005545367952436209,0.2433333396911621,0.36013105511665344,0.05545368045568466,0.5222330093383789,714,1265.7519772052765
0.22071480751037598,0.2130177915096283,0.007697015535086393,0.8459194302558899,0.05946126952767372,0.07697015255689621,0.9045340418815613,715,1267.536568403244
-2.5261898040771484,-2.5292346477508545,0.003044801065698266,0.49749472737312317,0.39058059453964233,0.030448010191321373,0.7385489344596863,716,1269.541157245636
-8.553956031799316,-8.557493209838867,0.0035372537095099688,0.4723564386367798,0.43409448862075806,0.0353725366294384,0.7385489344596863,717,1271.371829032898
0.23451951146125793,0.23407110571861267,0.00044840178452432156,0.5682182908058167,0.4333970248699188,0.0044840178452432156,0.7385488748550415,718,1273.1770823001862
-3.5214552879333496,-3.5295474529266357,0.008092239499092102,0.7601139545440674,0.2611469626426697,0.08092239499092102,0.9045340418815613,719,1274.9591569900513
3.063380718231201,3.060020923614502,0.0033598821610212326,0.24709302186965942,0.3691321611404419,0.033598821610212326,0.5222329497337341,720,1276.5968263149261
-2.7124569416046143,-2.7138431072235107,0.001386083196848631,0.60813307762146,0.4549136161804199,0.013860831968486309,0.7385489344596863,721,1278.3610105514526
1.1109626293182373,1.1089198589324951,0.002042739652097225,0.494719535112381,0.3746635615825653,0.020427396520972252,0.7385489344596863,722,1280.1875240802765
-2.8958261013031006,-2.8976879119873047,0.0018618673784658313,0.5427274703979492,0.42788782715797424,0.018618673086166382,0.7385488748550415,723,1281.8772695064545
-1.9093350172042847,-1.9130020141601562,0.0036670200061053038,0.6232797503471375,0.4614897072315216,0.036670200526714325,0.738548994064331,724,1283.64417886734
-4.0377912521362305,-4.038867950439453,0.0010765939950942993,0.5505831837654114,0.41630762815475464,0.010765939950942993,0.7385489344596863,725,1285.3755531311035
-1.8235554695129395,-1.828667402267456,0.005111914128065109,0.28795507550239563,0.4313342571258545,0.05111914128065109,0.5222329497337341,726,1287.108737707138
1.282840371131897,1.2786026000976562,0.004237739369273186,0.8923172354698181,0.09190310537815094,0.04237739369273186,0.7385488748550415,727,1288.9365119934082
-0.059069789946079254,-0.062213264405727386,0.0031434756238013506,0.5042672753334045,0.4104901850223541,0.03143475577235222,0.7385489344596863,728,1290.7293365001678
-5.284194469451904,-5.290652275085449,0.006457981653511524,0.25456562638282776,0.39062270522117615,0.06457981467247009,0.5222330093383789,729,1292.5388395786285
-5.85196590423584,-5.853496551513672,0.0015304646221920848,0.5236508250236511,0.4419681131839752,0.015304645523428917,0.7385489344596863,730,1294.2971396446228
-1.2493220567703247,-1.2530994415283203,0.0037773530930280685,0.8564937114715576,0.10975716263055801,0.037773530930280685,0.9045340418815613,731,1296.1185991764069
1.0571907758712769,1.055694580078125,0.0014961491106078029,0.5898094773292542,0.46287059783935547,0.014961491338908672,0.7385488748550415,732,1297.7918937206268
-3.4376156330108643,-3.4390697479248047,0.0014541149139404297,0.6979439854621887,0.32226693630218506,0.014541149139404297,0.9045340418815613,733,1299.607084274292
-4.340779781341553,-4.3462347984313965,0.005454846657812595,0.7571144104003906,0.0696643590927124,0.054548464715480804,0.904534101486206,734,1301.3399047851562
-9.296273231506348,-9.299549102783203,0.0032759697642177343,0.13421986997127533,0.24384468793869019,0.03275969624519348,0.5222329497337341,735,1303.1150197982788
-3.0027809143066406,-3.006744384765625,0.003963551018387079,0.7777573466300964,0.1412070095539093,0.03963550925254822,0.9045339822769165,736,1304.9044981002808
-3.9801173210144043,-3.9836299419403076,0.0035125315189361572,0.3980628550052643,0.4261258542537689,0.03512531518936157,0.7385489344596863,737,1306.6587717533112
-3.4372425079345703,-3.438140869140625,0.0008984586456790566,0.8155226111412048,0.15299472212791443,0.008984586223959923,0.904534101486206,738,1308.5329940319061
-7.0764384269714355,-7.078145503997803,0.0017071685288101435,0.7524998784065247,0.24668356776237488,0.017071684822440147,0.904534101486206,739,1310.182871580124
-3.5355618000030518,-3.542367935180664,0.006806126330047846,0.25967419147491455,0.3881058096885681,0.06806126236915588,0.5222329497337341,740,1311.9209730625153
-2.707324743270874,-2.713289260864258,0.005964504089206457,0.7333499789237976,0.3378375768661499,0.05964503809809685,0.9045340418815613,741,1313.6674313545227
0.198194682598114,0.1907774657011032,0.007417220156639814,0.7565121054649353,0.22785012423992157,0.07417219877243042,0.904534101486206,742,1315.4881677627563
-18.732059478759766,-18.741878509521484,0.009819552302360535,0.2330765724182129,0.4218020737171173,0.09819552302360535,0.5222330093383789,743,1317.527983903885
-0.557216227054596,-0.5600458979606628,0.0028296620585024357,0.8514633774757385,0.07211770117282867,0.028296619653701782,0.9045340418815613,744,1319.2976474761963
-0.4295247197151184,-0.43211397528648376,0.002589267445728183,0.589653730392456,0.43961572647094727,0.025892674922943115,0.7385489344596863,745,1321.0609364509583
-2.083218574523926,-2.0936572551727295,0.010438657365739346,0.5929152369499207,0.2460174709558487,0.10438656806945801,0.9045340418815613,746,1322.8112258911133
-2.029876232147217,-2.0413260459899902,0.011449834331870079,0.5571012496948242,0.4156818091869354,0.11449833959341049,0.7385489344596863,747,1324.6895473003387
-0.34733617305755615,-0.34777259826660156,0.00043642325908876956,0.6393136978149414,0.4743999242782593,0.004364232532680035,0.5222329497337341,748,1326.3212177753448
-3.0885157585144043,-3.0966238975524902,0.008108070120215416,0.5673995018005371,0.4249782860279083,0.08108069747686386,0.7385490536689758,749,1328.1029834747314
-0.01639196276664734,-0.02055644989013672,0.004164486657828093,0.26522108912467957,0.4028225541114807,0.0416448637843132,0.5222329497337341,750,1329.8106932640076
-1.0325244665145874,-1.0328439474105835,0.0003194302262272686,0.5379577279090881,0.4077347218990326,0.0031943023204803467,0.7385489344596863,751,1331.5508558750153
-1.3568655252456665,-1.3583348989486694,0.001469347975216806,0.5470980405807495,0.4274579882621765,0.014693479053676128,0.7385489344596863,752,1333.3130576610565
-1.6380889415740967,-1.6433258056640625,0.0052368431352078915,0.8184843063354492,0.24469207227230072,0.05236843228340149,0.9045340418815613,753,1335.2108092308044
-9.33027172088623,-9.357604026794434,0.027331888675689697,0.4386243522167206,0.37518683075904846,0.273318886756897,0.7385489344596863,754,1337.0215961933136
-3.871419668197632,-3.8730506896972656,0.0016309916973114014,0.8045033812522888,0.20080672204494476,0.016309916973114014,0.904534101486206,755,1338.8555669784546
-3.879025936126709,-3.8801753520965576,0.0011494786012917757,0.5405523180961609,0.4241122305393219,0.01149478554725647,0.7385489344596863,756,1340.643300294876
-1.8287533521652222,-1.8339412212371826,0.005187846254557371,0.8739668726921082,0.09190969914197922,0.051878463476896286,0.9045340418815613,757,1342.4168977737427
-6.195488452911377,-6.196125030517578,0.0006363998400047421,0.4886727035045624,0.3998011350631714,0.006363998167216778,0.7385489344596863,758,1344.1491622924805
-0.9646715521812439,-0.966345489025116,0.0016739320708438754,0.803074061870575,0.13651616871356964,0.016739320009946823,0.9045339822769165,759,1345.8501768112183
-4.899941444396973,-4.902214050292969,0.0022726079914718866,0.6501507759094238,0.23309266567230225,0.02272607944905758,0.904534101486206,760,1347.6074442863464
-2.7219367027282715,-2.7229537963867188,0.0010171036701649427,0.5681395530700684,0.4220726788043976,0.01017103623598814,0.7385489344596863,761,1349.333372592926
-0.8495284914970398,-0.8506546020507812,0.0011260866886004806,0.5140096545219421,0.38600894808769226,0.01126086711883545,0.7385489344596863,762,1351.0291063785553
-9.954046249389648,-9.95542049407959,0.0013744852039963007,0.908255398273468,0.08599410206079483,0.01374485157430172,0.7385489344596863,763,1352.7676644325256
-1.7196025848388672,-1.7226715087890625,0.003068895312026143,0.7381661534309387,0.14986179769039154,0.030688952654600143,0.9045339226722717,764,1354.6340594291687
2.2381935119628906,2.2372958660125732,0.000897593330591917,0.7755370736122131,0.15433615446090698,0.00897593330591917,0.9045340418815613,765,1356.509613752365
-1.140106439590454,-1.1428821086883545,0.0027756511699408293,0.5196682810783386,0.39061352610588074,0.02775651216506958,0.5222329497337341,766,1358.312656402588
-0.012602021917700768,-0.012819926254451275,0.0002179046714445576,0.3295217752456665,0.48688241839408875,0.0021790466271340847,0.5222329497337341,767,1359.9725530147552
-2.810789108276367,-2.812028408050537,0.0012394040822982788,0.6106697916984558,0.4533021152019501,0.012394040822982788,0.7385490536689758,768,1361.7605171203613
-1.9931632280349731,-1.9934428930282593,0.00027962130843661726,0.20333333313465118,0.3296095132827759,0.00279621290974319,0.5222329497337341,769,1363.3766417503357
0.6831504106521606,0.6825262904167175,0.0006240964285098016,0.8321475386619568,0.13575074076652527,0.006240963935852051,0.9045339822769165,770,1365.1437990665436
-0.6157708168029785,-0.6159147024154663,0.00014386278053279966,0.5887435078620911,0.43701305985450745,0.0014386277180165052,0.7385489344596863,771,1366.8428027629852
-4.114267349243164,-4.122270584106445,0.00800343882292509,0.568925678730011,0.44108811020851135,0.08003439009189606,0.7385489344596863,772,1368.5629320144653
-6.634127616882324,-6.63421630859375,8.884171984391287e-05,0.23333333432674408,0.3892494738101959,0.0008884171838872135,0.5222330093383789,773,1370.1585795879364
-7.691982269287109,-7.693324089050293,0.0013417730806395411,0.8127121329307556,0.14050103724002838,0.013417731039226055,0.904534101486206,774,1371.8910653591156
-0.2205430120229721,-0.22308985888957977,0.0025468480307608843,0.810497522354126,0.09256058931350708,0.025468479841947556,0.7385490536689758,775,1373.6001334190369
-1.241627812385559,-1.2431482076644897,0.001520410180091858,0.8435909152030945,0.1257002055644989,0.015204101800918579,0.904534101486206,776,1375.2716927528381
2.0567586421966553,2.0549583435058594,0.001800399157218635,0.7601540088653564,0.28509414196014404,0.01800399087369442,0.904534101486206,777,1377.0076818466187
-6.0020294189453125,-6.012181758880615,0.010152187198400497,0.8185797333717346,0.11244644969701767,0.10152187198400497,0.904534101486206,778,1378.7828540802002
-7.6078081130981445,-7.60870361328125,0.0008953094366006553,0.6271633505821228,0.2866947054862976,0.008953094482421875,0.9045340418815613,779,1380.4764001369476
0.021230977028608322,0.019714992493391037,0.0015159836038947105,0.25051018595695496,0.41869357228279114,0.015159836038947105,0.5222329497337341,780,1382.1787967681885
-2.3420183658599854,-2.343740463256836,0.0017221749294549227,0.9035296440124512,0.09775172919034958,0.01722174882888794,0.9045340418815613,781,1383.9288980960846
-0.1217644214630127,-0.12381744384765625,0.0020530223846435547,0.4810143709182739,0.4448982775211334,0.020530223846435547,0.7385489344596863,782,1385.7031121253967
-0.5400238633155823,-0.5551077723503113,0.01508390810340643,0.5689987540245056,0.4213201403617859,0.15083907544612885,0.7385489344596863,783,1387.4721992015839
-0.08829644322395325,-0.0969797819852829,0.008683335036039352,0.8079028129577637,0.1182936355471611,0.08683335036039352,0.904534101486206,784,1389.2259163856506
-2.3966898918151855,-2.3970248699188232,0.0003349741455167532,0.41486039757728577,0.42383381724357605,0.003349741455167532,0.7385489344596863,785,1390.8859310150146
7.897321701049805,7.895118236541748,0.002203497337177396,0.694929301738739,0.2512812912464142,0.02203497290611267,0.9045339226722717,786,1392.7751116752625
-6.648502349853516,-6.650399684906006,0.0018974384292960167,0.7201685905456543,0.26869508624076843,0.018974384292960167,0.904534101486206,787,1394.578164100647
-1.4140712022781372,-1.4170711040496826,0.0029998512472957373,0.8320501446723938,0.11295893043279648,0.02999851107597351,0.9045340418815613,788,1396.270390510559
-3.0350914001464844,-3.0367202758789062,0.0016289890045300126,0.49800240993499756,0.37676525115966797,0.016289889812469482,0.7385489344596863,789,1398.072689294815
-4.202499866485596,-4.204303741455078,0.001803778694011271,0.8042724132537842,0.16228988766670227,0.018037786707282066,0.904534101486206,790,1399.8276436328888
0.6999348998069763,0.6942495107650757,0.0056853871792554855,0.8948578238487244,0.1206808015704155,0.056853871792554855,0.9045340418815613,791,1401.5648610591888
-4.790785789489746,-4.791723251342773,0.0009373566135764122,0.8333911895751953,0.13635873794555664,0.009373566135764122,0.9045339822769165,792,1403.309885263443
-2.7219598293304443,-2.7247800827026367,0.002820309018716216,0.75632643699646,0.24206669628620148,0.028203090652823448,0.9045340418815613,793,1405.2456953525543
5.133542060852051,5.1322102546691895,0.0013316005934029818,0.5343776941299438,0.4418186545372009,0.01331600546836853,0.7385489344596863,794,1406.9612958431244
-1.850418210029602,-1.8516649007797241,0.0012467106571421027,0.5642587542533875,0.4284651279449463,0.01246710680425167,0.7385489344596863,795,1408.727775812149
-2.0458121299743652,-2.0484042167663574,0.002591968746855855,0.8323920369148254,0.20259766280651093,0.025919687002897263,0.9045339226722717,796,1410.488461971283
0.5398015975952148,0.5395609736442566,0.00024064283934421837,0.4887554347515106,0.40196749567985535,0.002406428335234523,0.7385489344596863,797,1412.2505934238434
1.0576882362365723,1.0544803142547607,0.0032079070806503296,0.6464614272117615,0.2977176010608673,0.032079070806503296,0.9045340418815613,798,1414.0241119861603
-7.0831780433654785,-7.0849504470825195,0.001772486255504191,0.80061274766922,0.21547795832157135,0.017724862322211266,0.9045339822769165,799,1415.7732236385345
6.359976768493652,6.359181880950928,0.0007948270067572594,0.7243859171867371,0.24230338633060455,0.007948270067572594,0.9045339822769165,800,1417.5521566867828
3.389254570007324,3.3876962661743164,0.0015584140783175826,0.600426197052002,0.44820961356163025,0.01558414101600647,0.7385489344596863,801,1419.2388753890991
-7.43896484375,-7.440704345703125,0.0017394742462784052,0.6635059714317322,0.1613312065601349,0.017394741997122765,0.9045340418815613,802,1421.0533854961395
-5.798496246337891,-5.8009843826293945,0.002488035010173917,0.8259356617927551,0.13984306156635284,0.02488034963607788,0.9045339822769165,803,1422.7217082977295
-3.6684625148773193,-3.671731948852539,0.003269394626840949,0.5127614140510559,0.387165367603302,0.03269394487142563,0.7385489344596863,804,1424.4302928447723
-5.459635257720947,-5.461068630218506,0.0014332941500470042,0.6290610432624817,0.22679729759693146,0.014332940801978111,0.9045339822769165,805,1426.1398785114288
-4.921650409698486,-4.927349090576172,0.0056986333802342415,0.8526909351348877,0.12469951063394547,0.056986331939697266,0.904534101486206,806,1427.9031345844269
-3.371769666671753,-3.373340606689453,0.0015708645805716515,0.920977771282196,0.09421061724424362,0.015708645805716515,0.7385488748550415,807,1429.6967148780823
-5.679226398468018,-5.684859275817871,0.005632858723402023,0.5216497778892517,0.4134467840194702,0.05632858723402023,0.7385489344596863,808,1431.4492268562317
4.498426914215088,4.495774745941162,0.002652302384376526,0.5307092666625977,0.43140020966529846,0.02652302384376526,0.7385489344596863,809,1433.154934167862
-5.551242828369141,-5.555703639984131,0.004460710566490889,0.7076382637023926,0.3189750909805298,0.04460710287094116,0.9045339822769165,810,1434.9328706264496
0.29122939705848694,0.28554409742355347,0.005685301031917334,0.8275037407875061,0.16981132328510284,0.05685300752520561,0.9045339822769165,811,1436.7208020687103
0.2968820035457611,0.2962328791618347,0.0006491134990938008,0.6011241674423218,0.44396960735321045,0.006491134874522686,0.5222329497337341,812,1438.3866412639618
1.7243802547454834,1.7203420400619507,0.004038223531097174,0.8439775109291077,0.10700365155935287,0.04038223624229431,0.9045339822769165,813,1440.1408936977386
1.970658302307129,1.9695237874984741,0.0011344811646267772,0.4653414487838745,0.36749371886253357,0.01134481094777584,0.7385489344596863,814,1442.0345075130463
-3.5431132316589355,-3.5445735454559326,0.0014602532610297203,0.6050595641136169,0.44708481431007385,0.014602532610297203,0.5222329497337341,815,1443.7669649124146
-7.395842552185059,-7.400313377380371,0.004470868036150932,0.7789245247840881,0.2306286096572876,0.04470868036150932,0.9045339226722717,816,1445.5142948627472
-1.4568032026290894,-1.458680510520935,0.0018773417687043548,0.6303430199623108,0.46712449193000793,0.01877341791987419,0.7385489344596863,817,1447.2276842594147
-1.6843948364257812,-1.6895116567611694,0.005116796586662531,0.7628486752510071,0.2699381411075592,0.051167964935302734,0.9045339822769165,818,1448.9661138057709
-4.473223686218262,-4.484228134155273,0.011004301719367504,0.7709373831748962,0.275640606880188,0.11004301905632019,0.9045339226722717,819,1450.7094311714172
6.058590888977051,6.056568145751953,0.002022847533226013,0.819757878780365,0.2703779339790344,0.020228475332260132,0.904534101486206,820,1452.502777338028
0.003220864338800311,-0.0,0.003220864338800311,0.3057056963443756,0.4515572488307953,0.0322086438536644,0.0,821,1454.1805465221405
3.419459342956543,3.4187216758728027,0.0007376551511697471,0.31021299958229065,0.4586166739463806,0.007376551628112793,0.5222330093383789,822,1456.1660447120667
-1.1372519731521606,-1.137765884399414,0.0005139321438036859,0.9134564995765686,0.06749045848846436,0.0051393210887908936,0.7385489344596863,823,1457.9405403137207
-0.29430484771728516,-0.29966291785240173,0.005358077120035887,0.7062440514564514,0.14369873702526093,0.05358077213168144,0.9045339822769165,824,1459.7521381378174
-0.7024810314178467,-0.7083410024642944,0.005859970580786467,0.6246950626373291,0.3544502556324005,0.05859970301389694,0.9045340418815613,825,1461.511207818985
1.7199537754058838,1.71282958984375,0.0071242451667785645,0.5115029215812683,0.379563570022583,0.07124245166778564,0.7385489344596863,826,1463.198665857315
-4.180706977844238,-4.183306694030762,0.0025999536737799644,0.7790793776512146,0.15721482038497925,0.025999536737799644,0.9045340418815613,827,1464.893224954605
1.4809943437576294,1.4783904552459717,0.0026039076037704945,0.29804423451423645,0.44229644536972046,0.02603907510638237,0.5222329497337341,828,1466.5535278320312
-1.9713919162750244,-1.9732608795166016,0.0018689930438995361,0.8399614691734314,0.1385982483625412,0.01868993043899536,0.9045339822769165,829,1468.3152706623077
-1.2334492206573486,-1.2356040477752686,0.0021547984797507524,0.606561005115509,0.4530283510684967,0.021547984331846237,0.7385489344596863,830,1470.163563489914
0.37242716550827026,0.35216712951660156,0.020260049030184746,0.20853108167648315,0.31368765234947205,0.20260047912597656,0.5222329497337341,831,1472.037682056427
-6.635970592498779,-6.6377153396606445,0.0017446607816964388,0.7522308230400085,0.2270554006099701,0.0174466073513031,0.904534101486206,832,1473.825133562088
7.274311065673828,7.27323055267334,0.0010805230122059584,0.6292805075645447,0.22980636358261108,0.010805229656398296,0.904534101486206,833,1475.5991048812866
-0.006286372430622578,-0.010746955871582031,0.004460583440959454,0.5190947651863098,0.40908440947532654,0.04460583254694939,0.7385488748550415,834,1477.4361975193024
-0.6314177513122559,-0.6344528198242188,0.003035075729712844,0.6153321266174316,0.4570023715496063,0.030350755900144577,0.7385489344596863,835,1479.1707909107208
-2.703474760055542,-2.7064387798309326,0.0029640248976647854,0.856434166431427,0.07328642904758453,0.02964024804532528,0.9045340418815613,836,1481.1165146827698
-4.264301776885986,-4.279749870300293,0.015447882004082203,0.5562469959259033,0.42033809423446655,0.15447881817817688,0.7385489344596863,837,1482.8684508800507
-1.161940336227417,-1.1671054363250732,0.005165103357285261,0.9046016335487366,0.08613846451044083,0.05165103077888489,0.9045339822769165,838,1484.5718564987183
0.7566661238670349,0.7528146505355835,0.003851483343169093,0.526401162147522,0.3923700153827667,0.03851483389735222,0.738548994064331,839,1486.491010427475
-2.6670970916748047,-2.6765239238739014,0.009426734410226345,0.5509188771247864,0.4143754541873932,0.094267338514328,0.7385489344596863,840,1488.2367150783539
3.054267644882202,3.052945613861084,0.0013219735119491816,0.7246310114860535,0.1448177546262741,0.013219734653830528,0.9045340418815613,841,1489.9821944236755
-0.9688538908958435,-0.9697812795639038,0.0009273668983951211,0.573798418045044,0.433022677898407,0.009273668751120567,0.7385488748550415,842,1491.7285256385803
0.5584520101547241,0.5577583312988281,0.0006936570280231535,0.6884127259254456,0.3670286238193512,0.006936570163816214,0.9045340418815613,843,1493.3737833499908
-3.27129864692688,-3.273035764694214,0.0017370543209835887,0.6893331408500671,0.19274303317070007,0.017370542511343956,0.9045339822769165,844,1495.204119682312
-1.6539099216461182,-1.6559944152832031,0.0020844382233917713,0.4047340452671051,0.32797595858573914,0.02084438130259514,0.7385489344596863,845,1497.0310444831848
-3.9239156246185303,-3.9254350662231445,0.0015193979488685727,0.5269062519073486,0.44873863458633423,0.015193979255855083,0.738548994064331,846,1498.747133731842
0.2221308946609497,0.22020213305950165,0.0019287586910650134,0.4553302824497223,0.36037299036979675,0.019287586212158203,0.7385489344596863,847,1500.4625897407532
-7.034524440765381,-7.035038948059082,0.0005145679460838437,0.7342315316200256,0.30254173278808594,0.005145679228007793,0.7385489344596863,848,1502.1204636096954
-3.184202194213867,-3.184976577758789,0.0007743279566057026,0.5186147093772888,0.40195539593696594,0.0077432794496417046,0.7385489344596863,849,1503.8398277759552
4.612367153167725,4.608431816101074,0.0039351279847323895,0.5295740365982056,0.41778814792633057,0.03935127705335617,0.7385489344596863,850,1505.539068222046
2.6347901821136475,2.6323890686035156,0.002401176141574979,0.45361045002937317,0.38106587529182434,0.0240117609500885,0.7385489344596863,851,1507.3032519817352
-6.043935775756836,-6.046431541442871,0.002495796652510762,0.7917938828468323,0.2167777270078659,0.024957966059446335,0.9045340418815613,852,1509.0928621292114
-1.5769636631011963,-1.5781344175338745,0.0011707028606906533,0.9097278714179993,0.05827653780579567,0.01170702837407589,0.9045340418815613,853,1510.8062536716461
-2.113537549972534,-2.1203842163085938,0.0068466924130916595,0.5728772878646851,0.42528995871543884,0.0684669241309166,0.7385489344596863,854,1512.5408325195312
-8.815910339355469,-8.816754341125488,0.0008438309887424111,0.7410290837287903,0.28633660078048706,0.008438309654593468,0.9045339822769165,855,1514.2209022045135
-2.25958514213562,-2.2601242065429688,0.0005391498561948538,0.41903212666511536,0.35465747117996216,0.005391498561948538,0.738548994064331,856,1515.9653189182281
-11.876900672912598,-11.882265090942383,0.005364301148802042,0.6660739183425903,0.2404148280620575,0.053643010556697845,0.9045339822769165,857,1517.6934638023376
-3.5369997024536133,-3.5418601036071777,0.0048602852039039135,0.8632887005805969,0.09662395715713501,0.04860284924507141,0.9045340418815613,858,1519.4344818592072
-2.467496871948242,-2.4755163192749023,0.008019539527595043,0.5058271288871765,0.41405025124549866,0.08019538968801498,0.7385489344596863,859,1521.187512397766
-3.246048927307129,-3.2506327629089355,0.0045838686637580395,0.8619815707206726,0.12387263774871826,0.04583868384361267,0.9045339822769165,860,1522.9485874176025
-1.337860107421875,-1.339242935180664,0.001382832764647901,0.5768116116523743,0.42881250381469727,0.013828327879309654,0.7385489344596863,861,1524.6034488677979
4.210949897766113,4.2057366371154785,0.005213326308876276,0.4891565144062042,0.39982661604881287,0.052133262157440186,0.7385489344596863,862,1526.4034225940704
-2.1858572959899902,-2.227811336517334,0.041954003274440765,0.5286341309547424,0.3956303298473358,0.41954001784324646,0.7385489344596863,863,1528.303797006607
-0.4913158714771271,-0.4958159327507019,0.004500074312090874,0.45454564690589905,0.3691582977771759,0.04500074312090874,0.738548994064331,864,1530.1182322502136
-3.700641632080078,-3.7010154724121094,0.0003738284285645932,0.43636366724967957,0.35798054933547974,0.0037382841110229492,0.7385489344596863,865,1531.782809495926
-4.71536111831665,-4.71704626083374,0.001684918999671936,0.7253100275993347,0.23244808614253998,0.01684918999671936,0.7385489344596863,866,1533.6624641418457
1.4169272184371948,1.4084854125976562,0.008441784419119358,0.9118165373802185,0.1235496923327446,0.08441784232854843,0.9045339822769165,867,1535.5262813568115
-2.9085745811462402,-2.9113872051239014,0.002812738297507167,0.9154191017150879,0.04841117188334465,0.028127383440732956,0.9045340418815613,868,1537.4704310894012
1.235550045967102,1.2341029644012451,0.001447128364816308,0.8362879157066345,0.21483168005943298,0.014471283182501793,0.9045339822769165,869,1539.2264811992645
2.4666571617126465,2.4656996726989746,0.0009573966381140053,0.28651514649391174,0.4369015097618103,0.009573966264724731,0.5222329497337341,870,1540.9778294563293
0.008361690677702427,-0.0,0.008361690677702427,0.0,0.0,0.08361690491437912,0.0,871,1542.7516462802887
1.0961182117462158,1.0941190719604492,0.001999192638322711,0.6510680317878723,0.3714757263660431,0.019991924986243248,0.9045340418815613,872,1544.4854106903076
-1.2951550483703613,-1.2969856262207031,0.0018305740086361766,0.3088461458683014,0.4574049711227417,0.018305739387869835,0.5222330093383789,873,1546.1893072128296
-3.5357887744903564,-3.536418914794922,0.0006301363464444876,0.8460848927497864,0.2184944897890091,0.006301363464444876,0.7385488748550415,874,1547.9112644195557
0.4015076160430908,0.39987820386886597,0.0016294162487611175,0.8127667903900146,0.12623542547225952,0.016294162720441818,0.9045340418815613,875,1549.6129472255707
-5.823014736175537,-5.824790954589844,0.0017760813934728503,0.5547853112220764,0.42609602212905884,0.017760813236236572,0.7385488748550415,876,1551.371902704239
-1.3397176265716553,-1.3414764404296875,0.0017587542533874512,0.7859006524085999,0.24460966885089874,0.01758754253387451,0.9045340418815613,877,1553.1226670742035
-0.7038575410842896,-0.7091325521469116,0.005275021307170391,0.5991913676261902,0.4477485716342926,0.05275021120905876,0.5222330093383789,878,1554.970384836197
-0.9264663457870483,-0.9287227392196655,0.0022564083337783813,0.9003931879997253,0.06943847239017487,0.022564083337783813,0.9045339822769165,879,1556.6813378334045
-0.3031414747238159,-0.30444908142089844,0.0013076047180220485,0.5269892811775208,0.4269351661205292,0.013076047413051128,0.7385488748550415,880,1558.365617275238
-3.597032308578491,-3.5974388122558594,0.000406395411118865,0.8177022337913513,0.22277326881885529,0.00406395411118865,0.9045339822769165,881,1560.1304605007172
1.3090542554855347,1.3085063695907593,0.000547837233170867,0.506011962890625,0.38617536425590515,0.00547837233170867,0.7385489344596863,882,1561.8048684597015
4.0973920822143555,4.096986293792725,0.00040579840424470603,0.7965421080589294,0.1432064026594162,0.004057983867824078,0.9045340418815613,883,1563.5110392570496
-1.5977030992507935,-1.5996551513671875,0.0019520878558978438,0.621688187122345,0.46194708347320557,0.019520878791809082,0.7385489344596863,884,1565.2478206157684
3.422981023788452,3.421295166015625,0.0016857912996783853,0.828726053237915,0.10709331184625626,0.01685791276395321,0.9045340418815613,885,1566.9783477783203
0.5081878304481506,0.504547119140625,0.0036406845320016146,0.5991085767745972,0.44597163796424866,0.03640684485435486,0.7385489344596863,886,1568.680897951126
-3.4971630573272705,-3.50195574760437,0.004792662803083658,0.3599867820739746,0.31933820247650146,0.04792662709951401,0.7385488748550415,887,1570.403588294983
3.247957944869995,3.242175579071045,0.0057824463583528996,0.8145713806152344,0.09325698018074036,0.05782446265220642,0.9045339226722717,888,1572.2285406589508
2.157616376876831,2.156747341156006,0.0008689641836099327,0.2386763095855713,0.37428024411201477,0.008689641952514648,0.5222329497337341,889,1574.129997253418
-2.318042755126953,-2.3206050395965576,0.002562357112765312,0.8719515204429626,0.09998857975006104,0.025623571127653122,0.904534101486206,890,1575.862944841385
-3.3611810207366943,-3.3689544200897217,0.007773370947688818,0.553378164768219,0.4119492769241333,0.07773371040821075,0.7385489344596863,891,1577.7561469078064
3.194033145904541,3.192763328552246,0.0012698492500931025,0.4862091541290283,0.473888099193573,0.012698492035269737,0.5222330093383789,892,1579.4963533878326
2.9502313137054443,2.9464011192321777,0.003830201691016555,0.6980275511741638,0.2870926558971405,0.038302015513181686,0.9045339226722717,893,1581.290777683258
-6.6351470947265625,-6.6380767822265625,0.0029296339489519596,0.7785490155220032,0.1598254144191742,0.02929633855819702,0.9045339822769165,894,1583.039422750473
-2.7745931148529053,-2.775785446166992,0.0011923015117645264,0.8548674583435059,0.17443838715553284,0.011923015117645264,0.9045340418815613,895,1584.8125758171082
-1.5349149703979492,-1.5352237224578857,0.0003087898367084563,0.5262963175773621,0.3982766568660736,0.003087898250669241,0.7385489344596863,896,1586.519877910614
0.44911760091781616,0.4485534131526947,0.0005641798488795757,0.2827777862548828,0.4214550256729126,0.005641798488795757,0.5222329497337341,897,1588.2015092372894
-1.7327258586883545,-1.7364457845687866,0.0037198893260210752,0.8723520636558533,0.0524994432926178,0.03719889372587204,0.904534101486206,898,1589.9636948108673
-3.0986099243164062,-3.1018970012664795,0.003287028521299362,0.5491570830345154,0.4150717258453369,0.03287028521299362,0.7385489344596863,899,1591.746194601059
-2.0254132747650146,-2.028501510620117,0.003088131546974182,0.4908558130264282,0.375717431306839,0.03088131546974182,0.7385489344596863,900,1593.488135099411
1.7262481451034546,1.7252197265625,0.0010283709270879626,0.7922039031982422,0.2614777684211731,0.010283708572387695,0.9045339822769165,901,1595.352945804596
-4.397828578948975,-4.398559093475342,0.0007303923484869301,0.6206888556480408,0.465513676404953,0.0073039233684539795,0.5222330093383789,902,1597.007951259613
-1.8965212106704712,-1.8976287841796875,0.0011075686197727919,0.6192061901092529,0.30997949838638306,0.011075685732066631,0.9045340418815613,903,1598.7070243358612
-3.7514445781707764,-3.7517409324645996,0.00029633939266204834,0.2863636314868927,0.44785991311073303,0.0029633939266204834,0.5222329497337341,904,1600.3118875026703
2.0576119422912598,2.05649733543396,0.0011146863689646125,0.8832034468650818,0.0991080030798912,0.011146863922476768,0.9045339822769165,905,1602.0854935646057
-9.894209861755371,-9.896285057067871,0.0020754188299179077,0.8029683232307434,0.17672927677631378,0.020754188299179077,0.904534101486206,906,1603.9097814559937
1.6343802213668823,1.6217143535614014,0.012665892951190472,0.5764390230178833,0.4290662705898285,0.12665893137454987,0.7385489344596863,907,1605.708134174347
-3.756896734237671,-3.7584433555603027,0.0015466054901480675,0.5225582122802734,0.4018535017967224,0.015466054901480675,0.7385489344596863,908,1607.451381444931
-4.583395957946777,-4.587132930755615,0.003737096209079027,0.5705069899559021,0.4268839657306671,0.0373709611594677,0.7385489344596863,909,1609.4419462680817
1.3457231521606445,1.3446273803710938,0.0010957857593894005,0.5913262963294983,0.43824586272239685,0.010957857593894005,0.5222328901290894,910,1611.1532216072083
5.350991725921631,5.350003242492676,0.000988610670901835,0.9093878865242004,0.05572563782334328,0.009886106476187706,0.9045339822769165,911,1612.8725612163544
0.4859687089920044,0.48214787244796753,0.0038208216428756714,0.7870256900787354,0.07588457316160202,0.038208216428756714,0.9045339822769165,912,1614.6032991409302
-0.4474967420101166,-0.4489034116268158,0.0014066706644371152,0.7577836513519287,0.1410352736711502,0.014066706411540508,0.9045340418815613,913,1616.376461982727
-1.4641315937042236,-1.4707667827606201,0.006635201163589954,0.4145200252532959,0.38221096992492676,0.0663520097732544,0.7385489344596863,914,1618.1267547607422
-4.496249675750732,-4.500014305114746,0.0037647229619324207,0.7954440712928772,0.2656747102737427,0.03764722868800163,0.9045340418815613,915,1619.9162895679474
-2.2300050258636475,-2.2335052490234375,0.00350017542950809,0.7438614368438721,0.17131437361240387,0.03500175476074219,0.904534101486206,916,1621.7692022323608
-0.44605356454849243,-0.45771536231040955,0.011661791242659092,0.7024948596954346,0.1998957395553589,0.11661791056394577,0.9045339822769165,917,1623.5874910354614
-0.562483012676239,-0.5675621032714844,0.005079105030745268,0.30522873997688293,0.4522838890552521,0.050791047513484955,0.5222330093383789,918,1625.253793001175
0.0033101141452789307,-0.0,0.0033101141452789307,0.0,0.0,0.03310114145278931,0.0,919,1628.3480715751648
-1.8555041551589966,-1.8602237701416016,0.004719663877040148,0.3461494445800781,0.42692533135414124,0.0471966378390789,0.7385489344596863,920,1630.1433703899384
-2.6856372356414795,-2.6860904693603516,0.0004532655293587595,0.2999824285507202,0.44356805086135864,0.004532655235379934,0.5222329497337341,921,1631.8521032333374
0.8147187232971191,0.8112030029296875,0.0035157024394720793,0.675656259059906,0.3268788456916809,0.03515702486038208,0.9045338034629822,922,1633.8120539188385
0.03073180466890335,0.029374441131949425,0.0013573637697845697,0.8886236548423767,0.07835613936185837,0.01357363723218441,0.9045340418815613,923,1635.5956981182098
0.9699519872665405,0.965643584728241,0.00430840952321887,0.6318865418434143,0.4705977439880371,0.043084096163511276,0.738548994064331,924,1637.3208348751068
-0.2824042737483978,-0.2842445373535156,0.0018402746645733714,0.7999600768089294,0.24821783602237701,0.018402745947241783,0.9045340418815613,925,1639.0184679031372
1.6602833271026611,1.6575177907943726,0.002765509532764554,0.3547537624835968,0.28070375323295593,0.027655094861984253,0.7385489344596863,926,1640.7401609420776
-5.836546897888184,-5.837858200073242,0.0013114959001541138,0.6382860541343689,0.34408998489379883,0.013114959001541138,0.9045340418815613,927,1642.407374382019
-2.727790355682373,-2.7328567504882812,0.005066409707069397,0.4884490668773651,0.4072258174419403,0.05066409707069397,0.7385489344596863,928,1644.3020677566528
-1.2444957494735718,-1.2531001567840576,0.008604401722550392,0.882021427154541,0.09864833205938339,0.08604401350021362,0.9045340418815613,929,1646.0700857639313
-4.8080925941467285,-4.810483455657959,0.002390944166108966,0.49559834599494934,0.44286471605300903,0.023909440264105797,0.7385489344596863,930,1647.9480063915253
-5.788588523864746,-5.791193008422852,0.002604386303573847,0.5057728290557861,0.3817901015281677,0.026043862104415894,0.7385489344596863,931,1649.654414653778
-6.349496841430664,-6.350743293762207,0.001246255706064403,0.5232524871826172,0.4404795169830322,0.0124625563621521,0.7385489344596863,932,1651.451122045517
1.940609335899353,1.9401569366455078,0.00045242413762025535,0.8339273929595947,0.11746704578399658,0.004524241201579571,0.9045340418815613,933,1653.2938640117645
6.352122783660889,6.3494672775268555,0.0026552986819297075,0.501737654209137,0.4432249665260315,0.026552986353635788,0.7385489344596863,934,1655.2301774024963
-8.119343757629395,-8.167163848876953,0.047820184379816055,0.60277259349823,0.4635891616344452,0.47820183634757996,0.7385489344596863,935,1656.89004445076
-1.4694013595581055,-1.476851224899292,0.007449891418218613,0.8211178779602051,0.1317136287689209,0.07449891418218613,0.9045340418815613,936,1658.8457674980164
-2.6296894550323486,-2.630563259124756,0.0008737812750041485,0.29571494460105896,0.43762490153312683,0.008737812750041485,0.5222329497337341,937,1660.6254150867462
-3.376309394836426,-3.3779869079589844,0.0016776323318481445,0.8052098751068115,0.19127464294433594,0.016776323318481445,0.9045339822769165,938,1662.3774998188019
0.9932854771614075,0.9885775446891785,0.004707960411906242,0.6314972043037415,0.46919572353363037,0.047079604119062424,0.5222330093383789,939,1664.0612001419067
-2.0454413890838623,-2.047853469848633,0.0024119883310049772,0.7018119692802429,0.2739344835281372,0.02411988377571106,0.9045340418815613,940,1665.774250984192
-0.08411791920661926,-0.08974075317382812,0.005622832104563713,0.606635570526123,0.45027944445610046,0.05622832104563713,0.5222329497337341,941,1667.4676809310913
-5.998865127563477,-6.002769470214844,0.00390411913394928,0.8927399516105652,0.1047527939081192,0.0390411913394928,0.9045339822769165,942,1669.1898577213287
0.07206788659095764,0.070770263671875,0.0012976209400221705,0.7783836722373962,0.12093956023454666,0.012976209633052349,0.9045339822769165,943,1671.021677494049
-2.740842819213867,-2.743560552597046,0.002717718482017517,0.2658708393573761,0.392966628074646,0.02717718482017517,0.5222329497337341,944,1672.9584629535675
0.4931790232658386,0.490509033203125,0.0026700040325522423,0.745945930480957,0.17764388024806976,0.026700040325522423,0.9045340418815613,945,1674.741494178772
-3.727815866470337,-3.731367826461792,0.0035520547535270452,0.8332403302192688,0.05012492462992668,0.03552054613828659,0.9045340418815613,946,1676.48131275177
0.1794043332338333,0.17831484973430634,0.0010894855950027704,0.3128620386123657,0.46240735054016113,0.010894855484366417,0.5222329497337341,947,1678.1776282787323
-0.9555299282073975,-0.9590441584587097,0.0035142272245138884,0.45428094267845154,0.4217306673526764,0.03514227271080017,0.7385489344596863,948,1679.9180138111115
-2.3734447956085205,-2.375817060470581,0.0023722003679722548,0.3068840503692627,0.4546685814857483,0.023722004145383835,0.5222330093383789,949,1681.7353761196136
1.0669611692428589,1.063153624534607,0.0038074993062764406,0.7594740390777588,0.20920658111572266,0.03807499259710312,0.9045339822769165,950,1683.486493587494
-2.926124095916748,-2.934049129486084,0.007924975827336311,0.859991729259491,0.1317310929298401,0.07924975454807281,0.9045340418815613,951,1685.3638503551483
-0.7473486661911011,-0.7493562698364258,0.002007618546485901,0.5236122608184814,0.3954703211784363,0.02007618546485901,0.7385489344596863,952,1687.0775232315063
-1.53817617893219,-1.5385940074920654,0.00041788024827837944,0.484127014875412,0.4688056409358978,0.004178802482783794,0.7385489344596863,953,1688.7364342212677
0.4037061333656311,0.40059155225753784,0.0031145683024078608,0.5883838534355164,0.4461439549922943,0.03114568255841732,0.7385489344596863,954,1690.5287101268768
-6.587055206298828,-6.588759899139404,0.001704548834823072,0.6690762639045715,0.351444274187088,0.017045488581061363,0.9045340418815613,955,1692.255951166153
-2.3242132663726807,-2.328427791595459,0.004214462824165821,0.6888730525970459,0.17274954915046692,0.04214462637901306,0.9045339226722717,956,1694.0994951725006
5.606341361999512,5.605967998504639,0.0003733694611582905,0.5833333134651184,0.5149286389350891,0.003733694553375244,0.5222329497337341,957,1695.8311457633972
-1.0834368467330933,-1.0949186086654663,0.01148173213005066,0.6506733894348145,0.48099666833877563,0.11481732130050659,0.7385489344596863,958,1697.503926038742
-1.0631901025772095,-1.065255880355835,0.0020657412242144346,0.5192068219184875,0.3979257643222809,0.020657410845160484,0.7385489344596863,959,1699.2251167297363
4.305351257324219,4.298978805541992,0.006372605450451374,0.8112487196922302,0.18750201165676117,0.06372605264186859,0.738548994064331,960,1701.0042474269867
-8.888641357421875,-8.89116382598877,0.0025220930110663176,0.6798776984214783,0.2800850570201874,0.025220930576324463,0.9045340418815613,961,1702.7521858215332
-4.225316047668457,-4.2332658767700195,0.007949906401336193,0.5598905682563782,0.4198710322380066,0.07949906587600708,0.7385489344596863,962,1704.5222146511078
-3.096222162246704,-3.09749174118042,0.00126950244884938,0.6957560181617737,0.2656222879886627,0.012695024721324444,0.9045340418815613,963,1706.255289554596
-8.577179908752441,-8.583829879760742,0.006650438066571951,0.7803341746330261,0.18115860223770142,0.06650438159704208,0.9045340418815613,964,1708.0128872394562
0.022861521691083908,0.018761953338980675,0.004099567886441946,0.622750997543335,0.46099230647087097,0.040995679795742035,0.7385489344596863,965,1709.7379002571106
-5.361280918121338,-5.375826835632324,0.014545919373631477,0.5805864334106445,0.4410489499568939,0.14545919001102448,0.7385489344596863,966,1711.7085614204407
-2.00380539894104,-2.0052974224090576,0.0014919728273525834,0.752352774143219,0.1982748806476593,0.01491972804069519,0.9045340418815613,967,1713.433450460434
-2.911374807357788,-2.914698362350464,0.003323575248941779,0.6098049879074097,0.4559890925884247,0.03323575109243393,0.7385489344596863,968,1715.220728635788
7.073639869689941,7.06904935836792,0.0045903646387159824,0.7884914875030518,0.1474246382713318,0.04590364545583725,0.904534101486206,969,1717.003725528717
-1.302476406097412,-1.3030281066894531,0.0005516430246643722,0.5154634118080139,0.4563155472278595,0.005516429897397757,0.7385489344596863,970,1718.7536134719849
-3.5696990489959717,-3.5707244873046875,0.0010255217785015702,0.8259345889091492,0.0766780748963356,0.010255217552185059,0.904534101486206,971,1720.4948909282684
-6.123043060302734,-6.1258978843688965,0.0028549383860081434,0.3028070032596588,0.30030789971351624,0.02854938432574272,0.7385489344596863,972,1722.3103439807892
-8.217244148254395,-8.238225936889648,0.020982254296541214,0.4432331621646881,0.37465739250183105,0.20982253551483154,0.7385489344596863,973,1724.247062921524
7.254135608673096,7.246663570404053,0.007472159806638956,0.7684586644172668,0.12167362123727798,0.07472159713506699,0.904534101486206,974,1726.0164165496826
-5.97218132019043,-5.973119258880615,0.0009378701797686517,0.5464524030685425,0.4270702302455902,0.009378701448440552,0.7385489344596863,975,1727.7098121643066
-10.924418449401855,-10.93005657196045,0.005638075061142445,0.6868436932563782,0.35616546869277954,0.0563807487487793,0.904534101486206,976,1729.539237499237
0.05150584131479263,0.045159660279750824,0.006346181035041809,0.7061331868171692,0.30936911702156067,0.06346181035041809,0.9045339226722717,977,1731.4366149902344
-7.622315883636475,-7.625636577606201,0.0033204953651875257,0.5086702108383179,0.45474788546562195,0.033204954117536545,0.7385489344596863,978,1733.1446478366852
1.5806008577346802,1.5796546936035156,0.0009461969020776451,0.5999479293823242,0.45130181312561035,0.009461969137191772,0.5222330093383789,979,1735.094422340393
-4.249416828155518,-4.249928951263428,0.000512092316057533,0.8752665519714355,0.18965445458889008,0.005120923276990652,0.9045339226722717,980,1736.8152508735657
-2.642329216003418,-2.6465225219726562,0.004193222615867853,0.8099074363708496,0.08271656930446625,0.04193222522735596,0.9045339822769165,981,1738.6879794597626
-4.133039951324463,-4.134372234344482,0.0013322423910722136,0.7731328010559082,0.2984980344772339,0.013322423212230206,0.9045340418815613,982,1740.4905786514282
0.002487696474418044,-0.0,0.002487696474418044,0.0,0.0,0.02487696334719658,0.0,983,1742.18213057518
-1.3639202117919922,-1.365814208984375,0.0018940400332212448,0.48712387681007385,0.38079163432121277,0.018940400332212448,0.7385488748550415,984,1744.0134146213531
-5.325589656829834,-5.330234527587891,0.0046450248919427395,0.6696286797523499,0.4075934886932373,0.04645024985074997,0.904534101486206,985,1746.0680289268494
-4.829413414001465,-4.837434768676758,0.008021321147680283,0.4038635790348053,0.33597952127456665,0.08021321147680283,0.7385489344596863,986,1747.8344581127167
-3.0576045513153076,-3.061021327972412,0.0034166902769356966,0.5103224515914917,0.40452587604522705,0.03416690230369568,0.7385489344596863,987,1749.5444226264954
5.1162848472595215,5.108978271484375,0.007306505925953388,0.7443713545799255,0.24839134514331818,0.07306505739688873,0.9045340418815613,988,1751.3113288879395
-6.1269612312316895,-6.1302337646484375,0.0032724253833293915,0.7134009003639221,0.18641716241836548,0.032724253833293915,0.904534101486206,989,1753.0860304832458
-4.721247673034668,-4.7231268882751465,0.0018793087219819427,0.7828482985496521,0.16323310136795044,0.01879308745265007,0.904534101486206,990,1754.9962317943573
3.07912540435791,3.0771636962890625,0.0019616445060819387,0.5021428465843201,0.4206976294517517,0.019616445526480675,0.7385489344596863,991,1756.7433695793152
2.912306547164917,2.9087958335876465,0.003510604379698634,0.7159643173217773,0.20963066816329956,0.03510604426264763,0.9045339822769165,992,1758.680849313736
-1.2021371126174927,-1.2161540985107422,0.014016973786056042,0.612083375453949,0.45963650941848755,0.14016973972320557,0.5222329497337341,993,1760.3407053947449
1.6309564113616943,1.6241391897201538,0.006817193236202002,0.5219003558158875,0.43182915449142456,0.06817193329334259,0.7385489344596863,994,1762.2229964733124
-12.816315650939941,-12.830245971679688,0.013930088840425014,0.6924381852149963,0.29637449979782104,0.1393008828163147,0.904534101486206,995,1763.9880385398865
-2.4598095417022705,-2.4619815349578857,0.0021720509976148605,0.5052306056022644,0.37641724944114685,0.021720509976148605,0.7385489344596863,996,1765.6959552764893
-3.473726987838745,-3.4758002758026123,0.0020731708500534296,0.8239265084266663,0.15343721210956573,0.02073170803487301,0.9045340418815613,997,1767.4910190105438
-2.358276844024658,-2.360546588897705,0.002269627759233117,0.8724653720855713,0.11767028272151947,0.022696277126669884,0.904534101486206,998,1769.2364122867584
-2.3416213989257812,-2.342691421508789,0.00107002560980618,0.7117307782173157,0.3505086898803711,0.010700255632400513,0.9045340418815613,999,1770.924614906311
-0.07890445739030838,-0.08265368640422821,0.0037492276169359684,0.7773618102073669,0.1581651270389557,0.03749227523803711,0.9045339822769165,1000,1772.6941344738007
-6.091238021850586,-6.095976829528809,0.0047387718223035336,0.8161208629608154,0.1530030220746994,0.04738771915435791,0.904534101486206,1001,1775.1019351482391
-4.397957801818848,-4.401525020599365,0.0035671049263328314,0.6362923979759216,0.47127240896224976,0.03567104786634445,0.738548994064331,1002,1776.8136825561523
-0.9496607184410095,-0.9516658782958984,0.0020051461178809404,0.3125889003276825,0.46182695031166077,0.020051460713148117,0.5222329497337341,1003,1778.603751897812
-5.432945251464844,-5.436130523681641,0.0031853013206273317,0.4141348898410797,0.3795323967933655,0.03185301274061203,0.7385488748550415,1004,1780.3678750991821
-0.6165924072265625,-0.6206703186035156,0.004077935125678778,0.8643393516540527,0.13989216089248657,0.04077935218811035,0.9045340418815613,1005,1782.193329334259
-1.3470783233642578,-1.3528913259506226,0.0058129699900746346,0.7772565484046936,0.16012981534004211,0.058129698038101196,0.904534101486206,1006,1783.9807612895966
-2.889099359512329,-2.898308277130127,0.009208953939378262,0.5858163237571716,0.43491318821907043,0.09208953380584717,0.7385489344596863,1007,1785.7878217697144
-2.725107431411743,-2.7300994396209717,0.004992042202502489,0.7541679739952087,0.2954053282737732,0.049920421093702316,0.9045340418815613,1008,1787.473732471466
-3.1010854244232178,-3.1053237915039062,0.004238438792526722,0.8080968856811523,0.11055314540863037,0.04238438606262207,0.9045340418815613,1009,1789.2407774925232
-3.67219877243042,-3.6745553016662598,0.002356599783524871,0.8480062484741211,0.10340385138988495,0.023565998300909996,0.9045340418815613,1010,1791.1028921604156
0.3359256088733673,0.3287700116634369,0.00715560931712389,0.4144947826862335,0.3681330680847168,0.07155609130859375,0.7385489344596863,1011,1792.9478266239166
-4.682783126831055,-4.690499305725098,0.007716228254139423,0.7905777096748352,0.13397832214832306,0.07716228067874908,0.9045340418815613,1012,1794.7510623931885
-1.3597019910812378,-1.3674724102020264,0.007770469877868891,0.7483527064323425,0.21832524240016937,0.07770469784736633,0.904534101486206,1013,1796.49147772789
2.6591858863830566,2.652036190032959,0.007149617653340101,0.5029725432395935,0.42852887511253357,0.07149617373943329,0.7385488748550415,1014,1798.2147245407104
-3.856951951980591,-3.8585777282714844,0.0016258469549939036,0.2970537543296814,0.43931588530540466,0.016258468851447105,0.5222329497337341,1015,1800.045651435852
-3.947679281234741,-3.948439359664917,0.0007601380348205566,0.8818455338478088,0.21593764424324036,0.007601380348205566,0.9045339822769165,1016,1801.7332456111908
-4.698433876037598,-4.698794841766357,0.0003610491694416851,0.5411447882652283,0.480293869972229,0.0036104917526245117,0.7385489344596863,1017,1803.4014439582825
-5.13771390914917,-5.143199920654297,0.005485802423208952,0.8120992183685303,0.14540685713291168,0.054858021438121796,0.9045340418815613,1018,1805.0954065322876
2.237013339996338,2.2328429222106934,0.004170447122305632,0.4862515926361084,0.37734243273735046,0.04170446842908859,0.7385489344596863,1019,1806.923527956009
-0.10720203816890717,-0.10939407348632812,0.002192038344219327,0.3291803300380707,0.4864056706428528,0.021920382976531982,0.5222328901290894,1020,1808.8936839103699
-0.7380492091178894,-0.7430407404899597,0.0049915313720703125,0.5529289245605469,0.43518006801605225,0.049915313720703125,0.5222329497337341,1021,1810.6058928966522
-1.576228141784668,-1.5858052968978882,0.009577124379575253,0.5720370411872864,0.42788201570510864,0.09577124565839767,0.7385488748550415,1022,1812.289210319519
-2.5260772705078125,-2.5360183715820312,0.009941061958670616,0.9567112326622009,0.030819298699498177,0.09941061586141586,0.9045340418815613,1023,1814.1705062389374
-2.8067543506622314,-2.8106296062469482,0.0038751454558223486,0.7314394116401672,0.30235064029693604,0.038751453161239624,0.9045340418815613,1024,1815.9763007164001
2.2694880962371826,2.2655539512634277,0.0039341333322227,0.8834628462791443,0.0831436738371849,0.03934133052825928,0.9045340418815613,1025,1817.7290751934052
0.5998933911323547,0.5974801778793335,0.0024132065009325743,0.2875308692455292,0.4252011179924011,0.02413206361234188,0.5222329497337341,1026,1819.4653820991516
-1.116713285446167,-1.120718002319336,0.004004701506346464,0.5299370288848877,0.4040527641773224,0.04004701226949692,0.7385489344596863,1027,1821.180759191513
0.2729909420013428,0.27264469861984253,0.0003462284803390503,0.32585468888282776,0.48188939690589905,0.003462284803390503,0.5222329497337341,1028,1823.0222573280334
-0.6811494827270508,-0.6819534301757812,0.0008039465174078941,0.294226735830307,0.43499821424484253,0.008039465174078941,0.5222329497337341,1029,1824.788190126419
1.5572072267532349,1.5521682500839233,0.005039022769778967,0.5163406133651733,0.43559443950653076,0.050390224903821945,0.7385488748550415,1030,1826.6602864265442
-3.0831758975982666,-3.0854785442352295,0.0023026627022773027,0.7894430756568909,0.1240285336971283,0.02302662655711174,0.7385489344596863,1031,1828.4783058166504
-0.7190326452255249,-0.7221845388412476,0.0031519215553998947,0.7534570693969727,0.3500239849090576,0.03151921555399895,0.904534101486206,1032,1830.2051331996918
-6.3590779304504395,-6.359340667724609,0.0002628763613756746,0.424107164144516,0.3689184784889221,0.002628763671964407,0.7385488748550415,1033,1831.827914237976
-5.0193257331848145,-5.024940490722656,0.005614685360342264,0.7009899616241455,0.31059256196022034,0.05614685267210007,0.9045340418815613,1034,1833.5713260173798
-0.6013336777687073,-0.6066710352897644,0.005337354727089405,0.8118299841880798,0.13564665615558624,0.0533735454082489,0.9045339822769165,1035,1835.3989667892456
-0.2070917785167694,-0.21473567187786102,0.007643898483365774,0.45587992668151855,0.3422461152076721,0.07643898576498032,0.7385489344596863,1036,1837.238445520401
-1.6277084350585938,-1.6305183172225952,0.0028099080082029104,0.6186486482620239,0.4611803889274597,0.02809908054769039,0.7385489344596863,1037,1838.935274362564
-1.2154524326324463,-1.2167651653289795,0.0013127804268151522,0.6213182210922241,0.46105653047561646,0.013127803802490234,0.738548994064331,1038,1840.7353041172028
-1.517045021057129,-1.5183372497558594,0.0012922704918310046,0.7741437554359436,0.1974548101425171,0.012922704219818115,0.9045340418815613,1039,1842.4374475479126
5.352747917175293,5.345632076263428,0.00711605791002512,0.4532383978366852,0.42180368304252625,0.07116057723760605,0.7385489344596863,1040,1844.189297914505
-4.871206760406494,-4.881406307220459,0.010199499316513538,0.7668511271476746,0.17889416217803955,0.10199499130249023,0.9045340418815613,1041,1845.9337198734283
-1.518398404121399,-1.5207856893539429,0.0023872375022619963,0.6023945212364197,0.4575222432613373,0.02387237548828125,0.7385489344596863,1042,1847.7838125228882
-2.5637366771698,-2.5708770751953125,0.007140379399061203,0.8218204975128174,0.09323437511920929,0.07140379399061203,0.9045340418815613,1043,1849.7152736186981
13.757681846618652,13.741857528686523,0.015824249014258385,0.6727206110954285,0.4032851755619049,0.15824247896671295,0.9045340418815613,1044,1851.4074251651764
4.363856315612793,4.361686706542969,0.0021697802003473043,0.551111102104187,0.42455288767814636,0.02169780060648918,0.5222329497337341,1045,1853.0342543125153
-2.7799408435821533,-2.784719467163086,0.004778733942657709,0.5853946805000305,0.4342454671859741,0.04778733849525452,0.5222328901290894,1046,1854.7530043125153
1.1559665203094482,1.1524766683578491,0.0034898442681878805,0.725540816783905,0.279226690530777,0.03489844128489494,0.9045340418815613,1047,1856.6687214374542
-4.6344194412231445,-4.646581172943115,0.01216181181371212,0.8261623382568359,0.11875796318054199,0.1216181144118309,0.904534101486206,1048,1858.4027526378632
-0.4903861880302429,-0.49200186133384705,0.001615668530575931,0.8342423439025879,0.13426172733306885,0.01615668460726738,0.9045340418815613,1049,1860.270099401474
-1.7479119300842285,-1.7561213970184326,0.008209477178752422,0.4643822908401489,0.3938574492931366,0.08209477365016937,0.7385489344596863,1050,1861.9929115772247
2.042043447494507,2.0396499633789062,0.002393406582996249,0.7569819092750549,0.2507880628108978,0.02393406629562378,0.9045340418815613,1051,1863.6889090538025
-2.9733381271362305,-2.9789042472839355,0.005566040985286236,0.5753538608551025,0.43050307035446167,0.05566040799021721,0.7385489344596863,1052,1865.466769695282
-0.4113040268421173,-0.41571044921875,0.004406425636261702,0.5381346344947815,0.43850454688072205,0.04406425356864929,0.7385489344596863,1053,1867.3846549987793
-1.6276990175247192,-1.6303985118865967,0.0026995092630386353,0.4570739269256592,0.4568819999694824,0.026995092630386353,0.738548994064331,1054,1869.1797215938568
-2.6851251125335693,-2.695861577987671,0.010736382566392422,0.8644683361053467,0.1818913370370865,0.10736382007598877,0.9045340418815613,1055,1871.024270772934
-0.4125904440879822,-0.4232826232910156,0.010692188516259193,0.9416741728782654,0.05157053470611572,0.10692188143730164,0.7385489344596863,1056,1872.8815264701843
-1.6530756950378418,-1.6644287109375,0.011353010311722755,0.7626993060112,0.2440594583749771,0.11353009939193726,0.9045340418815613,1057,1874.5815706253052
-4.739315986633301,-4.74574089050293,0.006424939725548029,0.5716524720191956,0.4322221577167511,0.06424939632415771,0.7385489344596863,1058,1876.3043613433838
-2.9008634090423584,-2.9022395610809326,0.001376076601445675,0.8801696300506592,0.08607781678438187,0.013760766014456749,0.9045340418815613,1059,1878.0678794384003
-1.4898632764816284,-1.5035285949707031,0.013665333390235901,0.7743458151817322,0.1304878443479538,0.136653333902359,0.9045339822769165,1060,1879.885181903839
3.532352924346924,3.530926465988159,0.001426523900590837,0.4913753569126129,0.291114866733551,0.014265239238739014,0.7385489344596863,1061,1881.6984152793884
0.269557923078537,0.2596343457698822,0.009923571720719337,0.86753249168396,0.11161506921052933,0.09923571348190308,0.7385489344596863,1062,1883.3558554649353
-0.2722785174846649,-0.2760556638240814,0.003777146339416504,0.5929483771324158,0.44006478786468506,0.03777146339416504,0.7385489344596863,1063,1885.0488934516907
-5.419605731964111,-5.426333427429199,0.006727853324264288,0.898276150226593,0.04535536840558052,0.06727853417396545,0.9045340418815613,1064,1887.0093369483948
-5.99153470993042,-5.997239589691162,0.005705011077225208,0.8144102096557617,0.13676728308200836,0.057050108909606934,0.9045339822769165,1065,1888.8112435340881
-9.331049919128418,-9.338754653930664,0.007705007679760456,0.7054226398468018,0.18703581392765045,0.07705007493495941,0.9045340418815613,1066,1890.674046754837
-2.118666410446167,-2.122093915939331,0.003427393501624465,0.8866713047027588,0.11458779126405716,0.03427393361926079,0.904534101486206,1067,1892.353082895279
-2.6128439903259277,-2.6169943809509277,0.004150426480919123,0.5451006293296814,0.4048220217227936,0.04150426387786865,0.7385489344596863,1068,1894.2552962303162
-1.308329701423645,-1.3140323162078857,0.0057026706635952,0.5734121203422546,0.42498329281806946,0.057026706635951996,0.7385489344596863,1069,1896.1375477313995
2.3913936614990234,2.388828754425049,0.0025650185998529196,0.7992694973945618,0.18378569185733795,0.025650184601545334,0.9045339822769165,1070,1897.823183298111
-4.629893779754639,-4.6319403648376465,0.002046727342531085,0.8224199414253235,0.10446854680776596,0.020467272028326988,0.904534101486206,1071,1899.6801311969757
-2.183727502822876,-2.1882426738739014,0.004515079781413078,0.8741815090179443,0.09624748677015305,0.04515079781413078,0.904534101486206,1072,1901.403204202652
-7.978837490081787,-7.9839887619018555,0.005151064600795507,0.8032374978065491,0.22307156026363373,0.05151064321398735,0.9045340418815613,1073,1903.2070767879486
-4.451560020446777,-4.455489158630371,0.003929364029318094,0.7565841674804688,0.2788594663143158,0.03929363936185837,0.9045339822769165,1074,1904.9724192619324
-3.898365020751953,-3.9072837829589844,0.00891875009983778,0.6067144274711609,0.21050019562244415,0.08918749541044235,0.904534101486206,1075,1906.640814781189
-1.354899287223816,-1.3572452068328857,0.002345873974263668,0.8410780429840088,0.15661069750785828,0.02345873974263668,0.9045339822769165,1076,1908.3596761226654
-3.6239373683929443,-3.625732421875,0.0017951667541638017,0.8344805240631104,0.15452198684215546,0.017951667308807373,0.9045340418815613,1077,1910.0453045368195
-2.7902438640594482,-2.7943732738494873,0.004129424225538969,0.4850800037384033,0.42822369933128357,0.04129423946142197,0.7385488748550415,1078,1911.8488035202026
4.353448390960693,4.349626541137695,0.003821843070909381,0.8421835899353027,0.10143523663282394,0.038218431174755096,0.9045340418815613,1079,1913.6089134216309
-0.8678770065307617,-0.8717734813690186,0.0038964778650552034,0.8197796940803528,0.13954836130142212,0.03896477818489075,0.9045340418815613,1080,1915.3778383731842
-3.4503324031829834,-3.4533233642578125,0.00299104955047369,0.9439981579780579,0.07880125194787979,0.0299104955047369,0.904534101486206,1081,1917.1657226085663
1.6541614532470703,1.6441510915756226,0.010010399855673313,0.7784854769706726,0.10768910497426987,0.10010399669408798,0.904534101486206,1082,1918.9318165779114
-6.128072738647461,-6.164514064788818,0.036441169679164886,0.7985216975212097,0.11497197300195694,0.36441168189048767,0.9045340418815613,1083,1920.7230079174042
-3.386228322982788,-3.3978450298309326,0.01161680556833744,0.6539298892021179,0.28582465648651123,0.1161680519580841,0.9045339822769165,1084,1922.4144983291626
-8.028043746948242,-8.034400939941406,0.006357461214065552,0.41900917887687683,0.3221084177494049,0.06357461214065552,0.738548994064331,1085,1924.3722133636475
-2.369401216506958,-2.3826422691345215,0.013241003267467022,0.5793967247009277,0.4305665194988251,0.13241003453731537,0.7385488748550415,1086,1926.0740633010864
0.2251219004392624,0.2209371030330658,0.004184790886938572,0.8063767552375793,0.2188185751438141,0.04184790700674057,0.7385488152503967,1087,1927.7436521053314
1.5847718715667725,1.5799764394760132,0.004795384593307972,0.5576830506324768,0.422317236661911,0.04795384407043457,0.7385489344596863,1088,1929.5524220466614
-1.6229186058044434,-1.6273601055145264,0.004441527649760246,0.43362340331077576,0.36639925837516785,0.04441527649760246,0.7385488748550415,1089,1931.302461385727
-0.6987919211387634,-0.7252985835075378,0.02650665119290352,0.8776810765266418,0.1496342420578003,0.2650665044784546,0.7385489344596863,1090,1932.9822804927826
-3.299450635910034,-3.3048758506774902,0.005425104405730963,0.7058926224708557,0.22340503334999084,0.0542510449886322,0.9045339822769165,1091,1934.65615940094
-0.4365502595901489,-0.4380480647087097,0.0014977912651374936,0.9006463885307312,0.0991760864853859,0.014977912418544292,0.5222330093383789,1092,1936.32461977005
-0.4218881130218506,-0.4267680048942566,0.004879894200712442,0.31071794033050537,0.4599771797657013,0.04879894107580185,0.5222330093383789,1093,1938.0619220733643
1.940573811531067,1.9351190328598022,0.005454736296087503,0.8198910355567932,0.12419244647026062,0.05454736202955246,0.9045340418815613,1094,1939.8758261203766
1.4159256219863892,1.4128965139389038,0.00302910222671926,0.5290427207946777,0.4651852548122406,0.03029102087020874,0.738548994064331,1095,1941.5548603534698
-2.2141213417053223,-2.2199044227600098,0.00578314671292901,0.24166667461395264,0.3936041593551636,0.05783146619796753,0.5222330093383789,1096,1943.2511267662048
-2.331848382949829,-2.343761444091797,0.011913176625967026,0.9018434882164001,0.05960291251540184,0.11913176625967026,0.904534101486206,1097,1944.9809534549713
-5.450676918029785,-5.4571967124938965,0.0065199630334973335,0.5904597640037537,0.45701441168785095,0.06519962847232819,0.7385489344596863,1098,1946.7310709953308
4.197380065917969,4.1907806396484375,0.006599594838917255,0.7955455183982849,0.16150058805942535,0.0659959465265274,0.904534101486206,1099,1948.4893140792847
13.483085632324219,13.477788925170898,0.005297174211591482,0.7941966652870178,0.2954634428024292,0.052971743047237396,0.9045339226722717,1100,1950.4757940769196
2.8525707721710205,2.8509230613708496,0.0016476809978485107,0.36189529299736023,0.409268319606781,0.016476809978485107,0.738548994064331,1101,1952.285312652588
4.59304141998291,4.58054256439209,0.01249872799962759,0.6225867867469788,0.2588765621185303,0.12498727440834045,0.9045340418815613,1102,1954.2926170825958
3.2614903450012207,3.2499561309814453,0.011534174904227257,0.7179713845252991,0.25282829999923706,0.11534174531698227,0.9045339822769165,1103,1956.0022213459015
-1.7016068696975708,-1.7021739482879639,0.0005671362741850317,0.6090278029441833,0.4606649875640869,0.005671362392604351,0.7385489344596863,1104,1957.7340307235718
-4.471659183502197,-4.484123229980469,0.012464224360883236,0.862432062625885,0.08292137086391449,0.12464224547147751,0.9045339226722717,1105,1959.692310333252
-5.675349712371826,-5.6760759353637695,0.0007260273559950292,0.25,0.45226702094078064,0.007260273210704327,0.5222329497337341,1106,1961.4951508045197
-0.007228989619761705,-0.009278933517634869,0.0020499438978731632,0.3280038833618164,0.48478153347969055,0.020499438047409058,0.5222330689430237,1107,1963.1463367938995
-4.360325336456299,-4.3697614669799805,0.009436003863811493,0.7973611354827881,0.22484137117862701,0.09436003863811493,0.904534101486206,1108,1964.9238722324371
1.196111798286438,1.1906871795654297,0.005424614064395428,0.27346938848495483,0.4041767716407776,0.05424613878130913,0.5222330093383789,1109,1966.6258337497711
-2.330113410949707,-2.3324267864227295,0.002313400385901332,0.7886529564857483,0.2387607842683792,0.023134004324674606,0.9045339822769165,1110,1968.4085834026337
-9.548248291015625,-9.550369262695312,0.002120536519214511,0.8784955143928528,0.1021365374326706,0.021205365657806396,0.9045340418815613,1111,1970.1144001483917
-1.8626964092254639,-1.863569974899292,0.000873615441378206,0.5673214197158813,0.42039263248443604,0.008736154064536095,0.7385489344596863,1112,1971.8000175952911
-3.0865581035614014,-3.1029860973358154,0.016428079456090927,0.5686634182929993,0.44820600748062134,0.16428078711032867,0.5222329497337341,1113,1973.6635427474976
-2.3029189109802246,-2.310084104537964,0.007165222894400358,0.5140306949615479,0.40155333280563354,0.07165222615003586,0.7385489344596863,1114,1975.5367748737335
6.9256205558776855,6.924924373626709,0.0006959885358810425,0.6998226046562195,0.3039235770702362,0.006959885358810425,0.9045339822769165,1115,1977.2384717464447
-10.968564987182617,-10.991419792175293,0.02285505272448063,0.2826599180698395,0.39436575770378113,0.228550523519516,0.738548994064331,1116,1979.1246535778046
-3.3026788234710693,-3.3062210083007812,0.0035420728381723166,0.8968260884284973,0.2398260533809662,0.035420726984739304,0.9045340418815613,1117,1980.8409991264343
-3.9777777194976807,-3.987800121307373,0.010022426955401897,0.5617032647132874,0.4179913103580475,0.10022427141666412,0.738548994064331,1118,1982.5855782032013
-5.6645894050598145,-5.667774200439453,0.0031846642959862947,0.5437256693840027,0.41313615441322327,0.03184664249420166,0.7385488748550415,1119,1984.3529493808746
2.649782419204712,2.642315626144409,0.0074669006280601025,0.2546052634716034,0.37988176941871643,0.0746690034866333,0.5222329497337341,1120,1986.1742904186249
-0.8161687254905701,-0.8180936574935913,0.001924948999658227,0.5586705207824707,0.42148062586784363,0.019249489530920982,0.738548994064331,1121,1988.0054585933685
0.38256216049194336,0.3803780972957611,0.002184065291658044,0.5528388619422913,0.44576093554496765,0.02184065245091915,0.7385489344596863,1122,1989.707670211792
0.006512729916721582,-0.0,0.006512729916721582,0.0,0.0,0.06512729823589325,0.0,1123,1991.345522403717
0.2938447892665863,0.28959083557128906,0.0042539625428617,0.5570535063743591,0.4172839820384979,0.042539626359939575,0.7385489344596863,1124,1993.0292563438416
-4.314841270446777,-4.31534481048584,0.0005034536006860435,0.25772541761398315,0.38402095437049866,0.005034536123275757,0.5222329497337341,1125,1994.8589489459991
0.575110137462616,0.5748023986816406,0.0003077566798310727,0.5609705448150635,0.4203718900680542,0.003077566623687744,0.7385489344596863,1126,1996.5906159877777
-1.6932406425476074,-1.6972084045410156,0.003967753145843744,0.8358957171440125,0.1818009912967682,0.03967753052711487,0.904534101486206,1127,1998.3317894935608
-3.2032697200775146,-3.207296371459961,0.004026764538139105,0.5799647569656372,0.45333993434906006,0.04026764631271362,0.5222329497337341,1128,2000.1453590393066
-1.8050167560577393,-1.8066095113754272,0.0015927981585264206,0.5798958539962769,0.4357419013977051,0.015927981585264206,0.7385489344596863,1129,2001.7914662361145
-4.507986068725586,-4.543366432189941,0.03538021445274353,0.6415249109268188,0.4743131101131439,0.3538021445274353,0.7385489344596863,1130,2003.5497710704803
-1.26371169090271,-1.2696762084960938,0.0059644728899002075,0.7320554852485657,0.11817408353090286,0.059644728899002075,0.9045340418815613,1131,2005.5442759990692
-2.2454097270965576,-2.2565410137176514,0.011131228879094124,0.5880106091499329,0.4384749233722687,0.11131228506565094,0.7385489344596863,1132,2007.475352048874
-2.9395945072174072,-2.9446208477020264,0.0050264219753444195,0.48253098130226135,0.3969578146934509,0.05026422068476677,0.7385489344596863,1133,2009.1202311515808
-0.7782999277114868,-0.7836456298828125,0.005345688667148352,0.7206292748451233,0.2168750911951065,0.05345688387751579,0.9045340418815613,1134,2010.8283150196075
0.9100862145423889,0.8987026214599609,0.011383620090782642,0.5181928277015686,0.4044595956802368,0.11383619904518127,0.738548994064331,1135,2012.5625157356262
-3.6350018978118896,-3.6444907188415527,0.009488859213888645,0.8005542159080505,0.18353810906410217,0.0948885902762413,0.9045339226722717,1136,2014.4060904979706
-7.347740650177002,-7.3500471115112305,0.0023062974214553833,0.7984469532966614,0.11263810098171234,0.023062974214553833,0.9045340418815613,1137,2016.2532217502594
-1.0625269412994385,-1.069027304649353,0.006500320043414831,0.5395931601524353,0.40490004420280457,0.06500320136547089,0.7385488748550415,1138,2018.0863711833954
1.3461365699768066,1.34295654296875,0.0031800461001694202,0.7085831761360168,0.2578383684158325,0.03180046007037163,0.9045339226722717,1139,2019.8595058918
-15.493173599243164,-15.498671531677246,0.005497570149600506,0.7910056710243225,0.20309272408485413,0.05497569963335991,0.9045340418815613,1140,2021.948165655136
-2.945357322692871,-2.949507474899292,0.004150102846324444,0.5361537933349609,0.4009988605976105,0.04150102660059929,0.7385489344596863,1141,2023.711189508438
-5.017564296722412,-5.019707679748535,0.002143226331099868,0.8501486778259277,0.16624964773654938,0.021432261914014816,0.7385489344596863,1142,2025.4434797763824
-6.447615623474121,-6.4530181884765625,0.005402599927037954,0.911038339138031,0.05121482163667679,0.05402600020170212,0.9045340418815613,1143,2027.3756289482117
6.01039457321167,6.002123832702637,0.008270795457065105,0.7311882376670837,0.3432728946208954,0.0827079564332962,0.9045339226722717,1144,2029.0551583766937
-4.203677654266357,-4.208477020263672,0.004799346439540386,0.8628346920013428,0.06283693015575409,0.04799346253275871,0.9045339226722717,1145,2030.8026492595673
0.7167832255363464,0.7094230651855469,0.007360163610428572,0.5081395506858826,0.40203365683555603,0.073601633310318,0.9045340418815613,1146,2032.50084066391
-0.1479133665561676,-0.15262731909751892,0.00471395393833518,0.5762837529182434,0.43358972668647766,0.04713953658938408,0.7385489344596863,1147,2034.2234296798706
-1.8712140321731567,-1.8755029439926147,0.004288875963538885,0.535125195980072,0.40399169921875,0.042888760566711426,0.7385489344596863,1148,2035.9543817043304
4.657184600830078,4.653620719909668,0.003563723061233759,0.6145542860031128,0.2253047227859497,0.035637229681015015,0.9045340418815613,1149,2037.642858505249
-4.788247585296631,-4.794227600097656,0.005980210844427347,0.8594379425048828,0.06286557018756866,0.0598021075129509,0.9045340418815613,1150,2039.380143404007
-4.437352657318115,-4.439687252044678,0.002334817312657833,0.7524039149284363,0.2601887881755829,0.02334817312657833,0.9045340418815613,1151,2041.0699663162231
-0.990034282207489,-0.9944292902946472,0.004395021125674248,0.577943742275238,0.4314686954021454,0.04395021125674248,0.7385489344596863,1152,2042.814250946045
-3.03855299949646,-3.04988169670105,0.011328669264912605,0.4087521731853485,0.31883084774017334,0.11328668892383575,0.7385489344596863,1153,2044.5500736236572
-0.5959309935569763,-0.6066617965698242,0.01073079090565443,0.5632783770561218,0.44795385003089905,0.10730791091918945,0.7385489344596863,1154,2046.3217298984528
-6.579534530639648,-6.586106777191162,0.006572313606739044,0.820234477519989,0.18746007978916168,0.06572313606739044,0.9045340418815613,1155,2048.1269891262054
-1.8332178592681885,-1.8452479839324951,0.01203013863414526,0.47307053208351135,0.3601551055908203,0.12030138075351715,0.7385489344596863,1156,2049.84988117218
-6.987452983856201,-6.990724086761475,0.0032711904495954514,0.8332831263542175,0.1904633343219757,0.032711904495954514,0.9045340418815613,1157,2051.565106153488
-5.734431743621826,-5.750102996826172,0.015671228989958763,0.5612242817878723,0.41604483127593994,0.15671227872371674,0.7385489344596863,1158,2053.853375673294
0.4109565317630768,0.4016917645931244,0.00926477462053299,0.4044300317764282,0.31597039103507996,0.0926477462053299,0.738548994064331,1159,2055.6027216911316
-2.520127534866333,-2.524704694747925,0.004577215760946274,0.880731999874115,0.12661750614643097,0.04577215760946274,0.904534101486206,1160,2057.244116306305
-1.0511839389801025,-1.0543162822723389,0.0031323933508247137,0.2768031060695648,0.4120963513851166,0.031323932111263275,0.5222330093383789,1161,2058.9116702079773
-0.9792466759681702,-0.98687744140625,0.007630791515111923,0.8036839962005615,0.18358175456523895,0.07630791515111923,0.9045340418815613,1162,2060.735271692276
-14.425786972045898,-14.431049346923828,0.00526215136051178,0.4674708843231201,0.3791328966617584,0.0526215136051178,0.7385488748550415,1163,2062.4977571964264
-1.0161806344985962,-1.0282924175262451,0.012111765332520008,0.4625878632068634,0.3690495789051056,0.12111765146255493,0.7385489344596863,1164,2064.268714427948
-6.8420796394348145,-6.854418754577637,0.012338915839791298,0.7702350616455078,0.16819800436496735,0.12338915467262268,0.9045339226722717,1165,2066.058577775955
-3.7847957611083984,-3.796647548675537,0.011851668357849121,0.7937642931938171,0.08429309725761414,0.11851668357849121,0.904534101486206,1166,2067.8090465068817
-0.34681716561317444,-0.34692448377609253,0.00010731816291809082,0.5151570439338684,0.38391581177711487,0.0010731816291809082,0.738548994064331,1167,2069.4209275245667
1.450071096420288,1.4441947937011719,0.005876296665519476,0.7627763152122498,0.16578523814678192,0.058762967586517334,0.9045340418815613,1168,2071.1995482444763
-1.5964454412460327,-1.5985139608383179,0.002068497007712722,0.6230490207672119,0.46388331055641174,0.020684968680143356,0.5222329497337341,1169,2072.9534385204315
3.449145555496216,3.4431228637695312,0.006022706162184477,0.5315170288085938,0.4192414879798889,0.060227058827877045,0.7385488748550415,1170,2074.6811668872833
-1.5135940313339233,-1.5148563385009766,0.0012623112415894866,0.25893720984458923,0.39236003160476685,0.012623111717402935,0.5222329497337341,1171,2076.3528323173523
-5.573875427246094,-5.578822135925293,0.004946799483150244,0.8641080856323242,0.09631779789924622,0.049467992037534714,0.9045339822769165,1172,2078.1195962429047
-0.5262220501899719,-0.5406469106674194,0.01442486047744751,0.5906223654747009,0.4451747536659241,0.1442486047744751,0.7385489344596863,1173,2079.88054561615
0.8348907828330994,0.8286044001579285,0.006286412011831999,0.5724115967750549,0.43221157789230347,0.06286411732435226,0.7385489344596863,1174,2081.620669364929
-5.225212574005127,-5.236205101013184,0.0109923230484128,0.8253981471061707,0.1189148873090744,0.10992322862148285,0.9045340418815613,1175,2083.5073413848877
-10.665496826171875,-10.669744491577148,0.004248071927577257,0.7612420916557312,0.2258436381816864,0.04248071834445,0.904534101486206,1176,2085.2311537265778
-1.2198659181594849,-1.2246818542480469,0.004815977998077869,0.6936256885528564,0.23234021663665771,0.048159778118133545,0.9045340418815613,1177,2086.9488322734833
-2.32930326461792,-2.3419368267059326,0.012633511796593666,0.5984790921211243,0.18545347452163696,0.12633511424064636,0.9045339822769165,1178,2088.7388021945953
-2.3441708087921143,-2.350996732711792,0.006826027762144804,0.8940455317497253,0.07692209631204605,0.06826027482748032,0.9045340418815613,1179,2090.5231008529663
-7.9675798416137695,-7.970876216888428,0.0032964013516902924,0.459011048078537,0.4166490435600281,0.032964013516902924,0.7385488748550415,1180,2092.3462901115417
-1.369132161140442,-1.370351791381836,0.0012196352472528815,0.6042742133140564,0.4468960762023926,0.012196352705359459,0.7385489344596863,1181,2094.09419465065
-8.727262496948242,-8.733173370361328,0.005910922307521105,0.5804741978645325,0.29689839482307434,0.059109222143888474,0.9045340418815613,1182,2095.8852953910828
-1.6240719556808472,-1.6305370330810547,0.006465067621320486,0.8317765593528748,0.13640500605106354,0.06465067714452744,0.904534101486206,1183,2097.611958026886
-6.855968475341797,-6.879092216491699,0.02312374673783779,0.6322619318962097,0.2533024251461029,0.23123745620250702,0.9045340418815613,1184,2099.489649772644
-2.254643201828003,-2.2594316005706787,0.0047883642837405205,0.5511410236358643,0.42147770524024963,0.047883640974760056,0.7385489344596863,1185,2101.261713027954
-4.439088344573975,-4.456572532653809,0.01748410239815712,0.5698202848434448,0.42643284797668457,0.1748410165309906,0.7385489344596863,1186,2103.1297302246094
-0.4776153564453125,-0.4792448878288269,0.0016295363893732429,0.4684682786464691,0.4379093050956726,0.016295364126563072,0.5222329497337341,1187,2104.9075627326965
-0.14439506828784943,-0.14691703021526337,0.0025219679810106754,0.9263400435447693,0.05314779654145241,0.02521967887878418,0.7385489344596863,1188,2106.6822242736816
-5.157985687255859,-5.160462379455566,0.002476528286933899,0.8362653851509094,0.30028730630874634,0.02476528286933899,0.9045340418815613,1189,2108.37863779068
2.191129446029663,2.186079502105713,0.005049948114901781,0.595397412776947,0.44198641180992126,0.050499480217695236,0.7385489344596863,1190,2110.0660784244537
-0.4431256353855133,-0.4446255564689636,0.0014999270206317306,0.6061828136444092,0.4491899311542511,0.01499927043914795,0.5222329497337341,1191,2111.7275128364563
-2.966608762741089,-2.975738525390625,0.009129667654633522,0.8316472172737122,0.1321486383676529,0.09129667282104492,0.9045339226722717,1192,2113.5822246074677
-4.456162929534912,-4.458404064178467,0.002240985631942749,0.540389358997345,0.4061824381351471,0.02240985631942749,0.7385489344596863,1193,2115.387551307678
-4.943531513214111,-4.946584224700928,0.003052645130082965,0.4453730285167694,0.424612432718277,0.030526449903845787,0.7385489344596863,1194,2117.1065979003906
1.8537065982818604,1.8480510711669922,0.0056555732153356075,0.7290579676628113,0.15051358938217163,0.05655572935938835,0.9045340418815613,1195,2119.069569826126
1.207170844078064,1.202699065208435,0.0044718156568706036,0.8335844874382019,0.21974755823612213,0.04471815750002861,0.904534101486206,1196,2120.796835899353
-3.6963398456573486,-3.703087568283081,0.006747652776539326,0.5753235816955566,0.4340885579586029,0.06747652590274811,0.7385488748550415,1197,2122.567197084427
-2.70988392829895,-2.712118148803711,0.0022341341245919466,0.1510000079870224,0.27137961983680725,0.02234134078025818,0.5222329497337341,1198,2124.213270187378
-4.48388147354126,-4.492680549621582,0.008799287490546703,0.5468401312828064,0.44444385170936584,0.08799286931753159,0.7385489344596863,1199,2125.9076120853424
-3.3414387702941895,-3.345209836959839,0.003770955605432391,0.8144322037696838,0.0796326994895935,0.0377095565199852,0.9045340418815613,1200,2127.597553730011
-0.15159796178340912,-0.15674591064453125,0.005147945135831833,0.568842351436615,0.42386478185653687,0.05147945135831833,0.7385489344596863,1201,2129.3134500980377
0.6480659246444702,0.6465333700180054,0.0015325318090617657,0.4456961154937744,0.337993323802948,0.015325318090617657,0.5222330093383789,1202,2131.046436548233
-2.770859718322754,-2.7738394737243652,0.0029797276947647333,0.596129298210144,0.46424567699432373,0.029797276481986046,0.5222329497337341,1203,2132.8027713298798
-6.988152503967285,-6.991571426391602,0.0034189962316304445,0.49141713976860046,0.3969501256942749,0.03418996185064316,0.7385489344596863,1204,2134.571137905121
-0.1978728473186493,-0.19987106323242188,0.0019982210360467434,0.312978595495224,0.4623773396015167,0.01998220942914486,0.5222329497337341,1205,2136.3356080055237
-0.6062670946121216,-0.6164347529411316,0.010167642496526241,0.8917691111564636,0.031222637742757797,0.10167641937732697,0.9045340418815613,1206,2138.2269740104675
-6.486001491546631,-6.504051208496094,0.018049800768494606,0.8529541492462158,0.1891421675682068,0.18049800395965576,0.9045340418815613,1207,2139.95543217659
-0.2942105829715729,-0.29887136816978455,0.004660791251808405,0.9173684120178223,0.054221514612436295,0.046607911586761475,0.9045340418815613,1208,2141.945471048355
2.0758988857269287,2.0629825592041016,0.01291640754789114,0.2731792628765106,0.4126419126987457,0.12916406989097595,0.5222328901290894,1209,2143.640201330185
-1.8759509325027466,-1.8805274963378906,0.004576525185257196,0.8086957335472107,0.1110507994890213,0.04576525092124939,0.9045339822769165,1210,2145.3080446720123
7.3707594871521,7.368337631225586,0.002421824261546135,0.3880603313446045,0.3722549080848694,0.02421824261546135,0.7385489344596863,1211,2146.9935064315796
1.8917555809020996,1.8875453472137451,0.004210231825709343,0.27631819248199463,0.40927958488464355,0.04210231825709343,0.5222330093383789,1212,2148.814292192459
-7.070629596710205,-7.075243949890137,0.004614521283656359,0.8235347270965576,0.12021263688802719,0.04614521190524101,0.9045340418815613,1213,2150.6668689250946
5.379067897796631,5.367424011230469,0.011643657460808754,0.8347234725952148,0.1014934852719307,0.11643657088279724,0.904534101486206,1214,2152.390855550766
0.4192442297935486,0.41544216871261597,0.0038020473439246416,0.618190348148346,0.323348730802536,0.03802047297358513,0.9045340418815613,1215,2154.282597064972
-6.126567840576172,-6.13063907623291,0.004071045201271772,0.6723809242248535,0.2800371050834656,0.04071044921875,0.9045340418815613,1216,2156.074576854706
-0.2166828066110611,-0.22365698218345642,0.006974174175411463,0.5102981925010681,0.3903055787086487,0.06974174082279205,0.7385489344596863,1217,2157.7942507267
-2.5453386306762695,-2.548846960067749,0.003508400171995163,0.18568752706050873,0.3031752407550812,0.03508400171995163,0.5222329497337341,1218,2159.5686893463135
-3.888068437576294,-3.8886821269989014,0.0006136596202850342,0.2694607675075531,0.39905649423599243,0.006136596202850342,0.5222329497337341,1219,2161.28102850914
-5.7439374923706055,-5.775327205657959,0.03138967975974083,0.47914066910743713,0.3911009132862091,0.3138967752456665,0.7385489344596863,1220,2163.5369486808777
0.5215511322021484,0.5139147639274597,0.00763639435172081,0.590104341506958,0.43682220578193665,0.0763639435172081,0.7385489344596863,1221,2165.396082162857
-4.2201128005981445,-4.220812797546387,0.0007001400226727128,0.5083333253860474,0.46425241231918335,0.007001399993896484,0.7385489344596863,1222,2167.081439256668
-1.7001099586486816,-1.7051137685775757,0.0050038606859743595,0.46294867992401123,0.38564059138298035,0.05003860592842102,0.7385489344596863,1223,2168.7507832050323
1.3531814813613892,1.3484853506088257,0.004696187563240528,0.8371520042419434,0.2474835067987442,0.04696187376976013,0.9045340418815613,1224,2170.4510395526886
-5.949065208435059,-5.95327091217041,0.004205797333270311,0.5588506460189819,0.426665723323822,0.04205797240138054,0.7385489344596863,1225,2172.3834793567657
-2.739291191101074,-2.741724729537964,0.0024335694033652544,0.9218975901603699,0.09782160818576813,0.024335693567991257,0.904534101486206,1226,2174.1303219795227
-8.216486930847168,-8.219206809997559,0.0027199338655918837,0.8038888573646545,0.3030635416507721,0.027199339121580124,0.904534101486206,1227,2175.807974100113
-1.679072618484497,-1.6811740398406982,0.002101391553878784,0.8511711955070496,0.18022285401821136,0.021013915538787842,0.9045339226722717,1228,2177.6210491657257
0.11830401420593262,0.08249378204345703,0.035810232162475586,0.5416180491447449,0.40224531292915344,0.35810232162475586,0.5222329497337341,1229,2179.4501583576202
0.7947114706039429,0.7882398366928101,0.006471648346632719,0.8439505696296692,0.22226686775684357,0.06471648067235947,0.9045339822769165,1230,2181.167198896408
-12.497438430786133,-12.508262634277344,0.010824646800756454,0.8363011479377747,0.1407686024904251,0.10824646800756454,0.9045340418815613,1231,2183.103975534439
-6.610308647155762,-6.62410831451416,0.013799455948174,0.8843331933021545,0.11231641471385956,0.13799455761909485,0.9045340418815613,1232,2185.037722826004
-1.6379621028900146,-1.6408971548080444,0.0029350032564252615,0.7895240187644958,0.11658978462219238,0.029350033029913902,0.9045340418815613,1233,2186.743944168091
-3.43408465385437,-3.4372851848602295,0.003200568025931716,0.7172265648841858,0.19740431010723114,0.0320056788623333,0.9045340418815613,1234,2188.570505619049
1.626234769821167,1.6254361867904663,0.0007985353586263955,0.5688840746879578,0.4252714514732361,0.007985353469848633,0.7385489344596863,1235,2190.6610703468323
-0.7103754878044128,-0.7134250402450562,0.003049546619877219,0.5398809313774109,0.4279731512069702,0.03049546480178833,0.7385489344596863,1236,2192.3434948921204
-3.318927049636841,-3.3229098320007324,0.003982726950198412,0.8698081374168396,0.08675384521484375,0.039827268570661545,0.9045339822769165,1237,2194.2538578510284
1.6923716068267822,1.6710433959960938,0.02132815681397915,0.54396653175354,0.4296848177909851,0.2132815718650818,0.7385488748550415,1238,2196.020952939987
-1.358028531074524,-1.3650033473968506,0.006974783726036549,0.8836214542388916,0.07326322793960571,0.06974783539772034,0.9045340418815613,1239,2197.7717003822327
-2.316073417663574,-2.3191351890563965,0.0030616968870162964,0.9052681922912598,0.0916006788611412,0.030616968870162964,0.904534101486206,1240,2199.549277305603
0.018908092752099037,0.012368838302791119,0.006539254914969206,0.8482100367546082,0.18892061710357666,0.06539254635572433,0.9045339822769165,1241,2201.3900356292725
-2.957847833633423,-2.9590072631835938,0.0011595309479162097,0.7699190974235535,0.1889021247625351,0.011595308780670166,0.9045340418815613,1242,2203.157341003418
-2.4822535514831543,-2.48602294921875,0.0037694049533456564,0.8942269682884216,0.10457731783390045,0.0376940481364727,0.7385489344596863,1243,2204.8762879371643
3.902475118637085,3.895404815673828,0.007070344872772694,0.7722837924957275,0.2289082258939743,0.07070344686508179,0.9045339822769165,1244,2206.695885181427
-4.053323745727539,-4.056209087371826,0.0028853982221335173,0.4386064112186432,0.46337175369262695,0.02885398268699646,0.738548994064331,1245,2208.4076614379883
-3.3423879146575928,-3.417804718017578,0.07541688531637192,0.9218316078186035,0.050765957683324814,0.7541688680648804,0.9045340418815613,1246,2210.206407546997
3.745661735534668,3.7419002056121826,0.0037615210749208927,0.8877002596855164,0.05946502834558487,0.03761520981788635,0.9045340418815613,1247,2211.9678304195404
-5.822380542755127,-5.8250322341918945,0.0026516299694776535,0.858717143535614,0.09036599844694138,0.026516299694776535,0.9045339226722717,1248,2213.854781150818
1.4348647594451904,1.4285253286361694,0.0063394843600690365,0.8334460854530334,0.06165587157011032,0.06339484453201294,0.9045340418815613,1249,2215.5630128383636
-1.0352604389190674,-1.0404046773910522,0.0051442645490169525,0.5522683262825012,0.41265255212783813,0.051442645490169525,0.7385488748550415,1250,2217.315609931946
-7.1096110343933105,-7.119872093200684,0.010261164978146553,0.6088724732398987,0.3340781331062317,0.10261164605617523,0.9045340418815613,1251,2219.233843564987
1.3498270511627197,1.3468093872070312,0.003017640206962824,0.19895893335342407,0.3222421407699585,0.030176401138305664,0.5222329497337341,1252,2221.0030262470245
-6.854359149932861,-6.858964443206787,0.004605175461620092,0.7326701283454895,0.2699248492717743,0.0460517518222332,0.9045340418815613,1253,2222.7139286994934
-0.25158706307411194,-0.2536125183105469,0.0020254652481526136,0.96541827917099,0.023096583783626556,0.020254652947187424,0.7385489344596863,1254,2224.4432911872864
-2.3662827014923096,-2.370309352874756,0.004026557318866253,0.2650472819805145,0.39205202460289,0.04026557132601738,0.5222329497337341,1255,2226.1962974071503
2.7788589000701904,2.7700576782226562,0.008801301941275597,0.4806399643421173,0.44691184163093567,0.08801301568746567,0.7385489344596863,1256,2227.901693344116
1.727381944656372,1.7123464345932007,0.015035486780107021,0.8641250133514404,0.0514802522957325,0.15035486221313477,0.7385488748550415,1257,2229.636080265045
-1.6043307781219482,-1.6065089702606201,0.0021782349795103073,0.5634346604347229,0.4220908582210541,0.021782349795103073,0.7385489344596863,1258,2231.5678725242615
-0.9660942554473877,-0.978836715221405,0.012742429971694946,0.6177245378494263,0.4600587487220764,0.12742429971694946,0.7385489344596863,1259,2233.2787437438965
-0.8629660606384277,-0.8692817687988281,0.006315718870609999,0.7525132298469543,0.28996148705482483,0.06315718591213226,0.9045339822769165,1260,2235.0268199443817
-1.518117904663086,-1.5198497772216797,0.0017319184262305498,0.8762559294700623,0.07026158273220062,0.01731918379664421,0.9045339822769165,1261,2236.790291786194
-1.5356800556182861,-1.5436033010482788,0.007923264987766743,0.5632550120353699,0.4200971722602844,0.07923264801502228,0.7385489344596863,1262,2238.6938416957855
-1.2227150201797485,-1.228314757347107,0.005599756259471178,0.5475555658340454,0.41687604784965515,0.055997561663389206,0.7385489344596863,1263,2240.435129404068
-1.6448335647583008,-1.6455968618392944,0.0007632385240867734,0.594941258430481,0.44119566679000854,0.00763238500803709,0.7385489344596863,1264,2242.2627050876617
-4.128024101257324,-4.1375250816345215,0.009500937536358833,0.8167267441749573,0.1766817718744278,0.09500937163829803,0.9045340418815613,1265,2244.048537492752
-10.693050384521484,-10.698049545288086,0.004998946096748114,0.6682025790214539,0.3844839632511139,0.04998946189880371,0.9045340418815613,1266,2245.866224527359
-2.7601919174194336,-2.7630863189697266,0.0028944751247763634,0.48686841130256653,0.42495399713516235,0.028944751247763634,0.7385489344596863,1267,2247.623379468918
2.837320327758789,2.8345859050750732,0.0027343451511114836,0.73947674036026,0.2398991584777832,0.027343451976776123,0.9045340418815613,1268,2249.3320605754852
-2.6572206020355225,-2.659163236618042,0.0019426763756200671,0.40048643946647644,0.3702213764190674,0.01942676305770874,0.7385489344596863,1269,2251.0676872730255
-2.5439298152923584,-2.5471601486206055,0.003230356378480792,0.5150458812713623,0.3919578492641449,0.03230356425046921,0.7385489344596863,1270,2252.895681142807
-13.028618812561035,-13.036336898803711,0.0077180759981274605,0.781487762928009,0.2712429463863373,0.07718075811862946,0.9045340418815613,1271,2254.802450656891
7.353019714355469,7.350675106048584,0.0023448041174560785,0.5447791814804077,0.4788035750389099,0.023448040708899498,0.7385489344596863,1272,2256.650676727295
-0.3923876881599426,-0.4016987681388855,0.009311086498200893,0.7113059163093567,0.20396465063095093,0.09311085939407349,0.9045340418815613,1273,2258.458833217621
-0.756521999835968,-0.7855002284049988,0.028978241607546806,0.28292545676231384,0.4195958375930786,0.28978240489959717,0.5222329497337341,1274,2260.1852943897247
-5.5668158531188965,-5.56976318359375,0.002947362372651696,0.5147891640663147,0.4227655231952667,0.029473623260855675,0.7385489344596863,1275,2261.875426054001
1.0714842081069946,1.0544536113739014,0.01703055389225483,0.5443548560142517,0.4149540960788727,0.170305535197258,0.7385489344596863,1276,2263.58429646492
-2.4723634719848633,-2.4769694805145264,0.004606104921549559,0.9122969508171082,0.06777417659759521,0.04606105014681816,0.9045340418815613,1277,2265.324714899063
-3.4608278274536133,-3.46667742729187,0.005849561188369989,0.8705725073814392,0.08295679837465286,0.05849561095237732,0.904534101486206,1278,2267.0452811717987
-6.153497219085693,-6.1639323234558105,0.010435305535793304,0.766018807888031,0.17832455039024353,0.10435305535793304,0.9045339822769165,1279,2268.824074745178
-10.24517822265625,-10.24860954284668,0.0034316920209676027,0.5868874788284302,0.31137406826019287,0.03431691974401474,0.9045340418815613,1280,2270.6410698890686
-0.2786872982978821,-0.29246267676353455,0.013775368221104145,0.9068415760993958,0.1327381283044815,0.1377536803483963,0.9045339822769165,1281,2272.4940814971924
-5.292962551116943,-5.30188512802124,0.008922439999878407,0.7017555832862854,0.17013871669769287,0.08922439813613892,0.904534101486206,1282,2274.2400147914886
4.2407145500183105,4.229516506195068,0.011197923682630062,0.46546030044555664,0.4003930389881134,0.11197923123836517,0.7385489344596863,1283,2276.1728966236115
2.2597782611846924,2.254178524017334,0.005599696654826403,0.5519278049468994,0.41945406794548035,0.05599696561694145,0.7385489344596863,1284,2277.9002447128296
-4.752405166625977,-4.754121780395508,0.001716838451102376,0.6475453972816467,0.47967952489852905,0.017168384045362473,0.5222330093383789,1285,2279.5898287296295
-0.5637900233268738,-0.5712992548942566,0.007509221322834492,0.46527695655822754,0.4029128849506378,0.07509221136569977,0.7385489344596863,1286,2281.653092622757
-3.0401771068573,-3.043914794921875,0.003737571183592081,0.6052552461624146,0.44841328263282776,0.037375710904598236,0.7385488748550415,1287,2283.4588866233826
-2.66469407081604,-2.672405958175659,0.007711885962635279,0.6674960255622864,0.11492075026035309,0.07711885869503021,0.9045340418815613,1288,2285.194210290909
-2.871694326400757,-2.8764662742614746,0.00477200374007225,0.8799383640289307,0.12480916827917099,0.047720037400722504,0.9045340418815613,1289,2286.907233953476
-4.920455455780029,-4.9241132736206055,0.003657969180494547,0.7438661456108093,0.18096031248569489,0.036579690873622894,0.904534101486206,1290,2288.592883825302
-6.321084022521973,-6.324312210083008,0.0032280825544148684,0.5477644205093384,0.41356807947158813,0.032280825078487396,0.7385489344596863,1291,2290.2763781547546
-1.5050781965255737,-1.5134468078613281,0.00836863648146391,0.23223477602005005,0.34362784028053284,0.08368636667728424,0.5222329497337341,1292,2292.0557532310486
-0.2792181670665741,-0.28134411573410034,0.0021259626373648643,0.22519774734973907,0.3421386480331421,0.021259626373648643,0.5222329497337341,1293,2293.7834463119507
-11.0518217086792,-11.059757232666016,0.007935385219752789,0.8566586375236511,0.16143417358398438,0.07935385406017303,0.9045339822769165,1294,2295.5032906532288
-3.9223616123199463,-3.9297385215759277,0.007377013098448515,0.4711695909500122,0.3556259274482727,0.07377012819051743,0.7385489344596863,1295,2297.244841337204
1.1692301034927368,1.165379285812378,0.003850818844512105,0.2849315106868744,0.42146316170692444,0.03850818797945976,0.5222330093383789,1296,2298.981627702713
0.2104611098766327,0.20696036517620087,0.0035007379483431578,0.2782081365585327,0.4169241189956665,0.035007379949092865,0.5222329497337341,1297,2300.6642231941223
-11.278055191040039,-11.280692100524902,0.002637120196595788,0.8014360070228577,0.19257470965385437,0.026371201500296593,0.9045339822769165,1298,2302.4854197502136
-5.604901313781738,-5.606000900268555,0.0010994523763656616,0.8671321868896484,0.19976788759231567,0.010994523763656616,0.7385488748550415,1299,2304.174497127533
-5.706205368041992,-5.711236953735352,0.005031774751842022,0.5147778391838074,0.4147469103336334,0.05031774565577507,0.7385489344596863,1300,2305.908547401428
2.1063807010650635,2.101785182952881,0.004595416132360697,0.488140732049942,0.41526544094085693,0.04595416039228439,0.738548994064331,1301,2307.708957195282
-2.6423234939575195,-2.645627975463867,0.0033043944276869297,0.6005603671073914,0.4486011564731598,0.03304394334554672,0.7385489344596863,1302,2309.429476737976
-0.1972031593322754,-0.2067546844482422,0.00955153163522482,0.3612048923969269,0.32711896300315857,0.09551531076431274,0.7385489344596863,1303,2311.196525335312
0.3216927945613861,0.3161347806453705,0.005558007396757603,0.44084879755973816,0.37961846590042114,0.05558007210493088,0.7385489344596863,1304,2313.0316865444183
-1.7677428722381592,-1.7722333669662476,0.004490529652684927,0.5373659729957581,0.40069520473480225,0.044905297458171844,0.7385489344596863,1305,2314.745679616928
-6.0172905921936035,-6.0300397872924805,0.012749274261295795,0.8584771156311035,0.09969694167375565,0.1274927407503128,0.9045340418815613,1306,2316.4825229644775
-2.7334835529327393,-2.7425436973571777,0.00906006433069706,0.4673391878604889,0.43938523530960083,0.0906006395816803,0.738548994064331,1307,2318.3289270401
-0.6552439332008362,-0.6608365774154663,0.005592647474259138,0.8324702382087708,0.07611937820911407,0.05592647194862366,0.9045340418815613,1308,2320.0511701107025
0.015404125675559044,0.007506688591092825,0.007897436618804932,0.2839380204677582,0.420095831155777,0.07897436618804932,0.5222330093383789,1309,2321.712509870529
2.114250898361206,2.107128143310547,0.007122814189642668,0.6150574088096619,0.45592057704925537,0.07122813910245895,0.7385489344596863,1310,2323.7182519435883
-1.6209022998809814,-1.6293668746948242,0.008464583195745945,0.30225640535354614,0.4475763738155365,0.0846458300948143,0.5222329497337341,1311,2325.440001964569
-6.550593376159668,-6.554245948791504,0.0036524198949337006,0.8205146789550781,0.09008842706680298,0.036524198949337006,0.904534101486206,1312,2327.202674627304
-2.7106118202209473,-2.7166900634765625,0.006078358739614487,0.7378152012825012,0.1494712233543396,0.06078358739614487,0.9045340418815613,1313,2328.949109315872
0.15082703530788422,0.14743313193321228,0.003393907565623522,0.5337069630622864,0.400803804397583,0.03393907472491264,0.7385489344596863,1314,2330.6629927158356
0.6739749312400818,0.6586202383041382,0.015354718081653118,0.886160135269165,0.11477459967136383,0.15354718267917633,0.738548994064331,1315,2332.494091272354
5.127569675445557,5.122790813446045,0.004778815433382988,0.1880059689283371,0.31347545981407166,0.04778815433382988,0.5222329497337341,1316,2334.2658388614655
-4.081671237945557,-4.0823974609375,0.0007261167629621923,0.8414815068244934,0.09529324620962143,0.0072611672803759575,0.7385489344596863,1317,2336.0825724601746
-2.150946855545044,-2.157670497894287,0.006723728030920029,0.500952422618866,0.37514251470565796,0.06723728030920029,0.7385488748550415,1318,2337.871558904648
-4.489675045013428,-4.501792907714844,0.012117661535739899,0.8289847373962402,0.15782026946544647,0.12117661535739899,0.738548994064331,1319,2339.6462342739105
1.8858593702316284,1.8829702138900757,0.002889111638069153,0.8411454558372498,0.13025672733783722,0.02889111638069153,0.9045340418815613,1320,2341.3945276737213
-9.76762580871582,-9.77705192565918,0.009425755590200424,0.526879072189331,0.48830607533454895,0.09425755590200424,0.7385489344596863,1321,2343.1265394687653
3.4667809009552,3.4634158611297607,0.0033650975674390793,0.8071138858795166,0.10176190733909607,0.03365097567439079,0.9045340418815613,1322,2344.915512084961
-1.835288405418396,-1.8465137481689453,0.011225337162613869,0.8724350333213806,0.09074230492115021,0.11225336790084839,0.9045340418815613,1323,2346.6577758789062
-2.694307327270508,-2.719512939453125,0.025205522775650024,0.8160973191261292,0.0836179107427597,0.25205522775650024,0.9045339822769165,1324,2348.3643391132355
-0.3929176330566406,-0.40840786695480347,0.015490240417420864,0.5161098837852478,0.38343575596809387,0.1549023985862732,0.7385489344596863,1325,2350.07377910614
1.8276331424713135,1.8229854106903076,0.0046476866118609905,0.7229299545288086,0.22936715185642242,0.04647686332464218,0.9045339226722717,1326,2351.9348537921906
-1.3290482759475708,-1.3311901092529297,0.0021418731193989515,0.8445818424224854,0.18480467796325684,0.021418731659650803,0.9045340418815613,1327,2353.6068942546844
-3.3474175930023193,-3.3509650230407715,0.0035474859178066254,0.7207872867584229,0.1682226061820984,0.035474859178066254,0.7385489344596863,1328,2355.3335330486298
-3.087048053741455,-3.0909132957458496,0.00386533560231328,0.6951451897621155,0.17369398474693298,0.038653355091810226,0.9045340418815613,1329,2357.125679731369
-1.4014679193496704,-1.4139392375946045,0.012471365742385387,0.6069809794425964,0.4549424350261688,0.12471365183591843,0.7385489344596863,1330,2358.829131603241
-13.560038566589355,-13.60510540008545,0.045066725462675095,0.7460412383079529,0.1934100091457367,0.45066726207733154,0.9045340418815613,1331,2360.7866592407227
-2.03320574760437,-2.034574031829834,0.001368257449939847,0.8683998584747314,0.13724686205387115,0.013682574033737183,0.9045340418815613,1332,2362.5568149089813
-0.11931455880403519,-0.1327889859676361,0.013474426232278347,0.8677582144737244,0.05532751604914665,0.13474425673484802,0.738548994064331,1333,2364.3653478622437
-2.487060308456421,-2.488969326019287,0.00190911500249058,0.23673398792743683,0.35223090648651123,0.019091149792075157,0.5222329497337341,1334,2366.0542702674866
0.16170503199100494,0.1572020947933197,0.004502933472394943,0.7069432139396667,0.18162356317043304,0.04502933472394943,0.9045340418815613,1335,2367.9362082481384
-1.9857076406478882,-1.9883506298065186,0.0026429842691868544,0.8163137435913086,0.08409439027309418,0.02642984315752983,0.7385489344596863,1336,2369.602696418762
-0.5436053276062012,-0.5521177053451538,0.008512362837791443,0.6845423579216003,0.2285446971654892,0.08512362837791443,0.9045338034629822,1337,2371.43088054657
-7.684391975402832,-7.68720006942749,0.0028079759795218706,0.6718742847442627,0.2968946099281311,0.02807975932955742,0.904534101486206,1338,2373.1159579753876
3.321831464767456,3.295518398284912,0.026312965899705887,0.704556405544281,0.29241374135017395,0.26312965154647827,0.9045340418815613,1339,2374.8738985061646
1.6822841167449951,1.6778533458709717,0.004430749919265509,0.48814788460731506,0.3968655467033386,0.04430750012397766,0.7385488152503967,1340,2376.658168077469
3.7291958332061768,3.724045515060425,0.0051503791473805904,0.5903233289718628,0.4432431161403656,0.05150378867983818,0.738548994064331,1341,2378.380453824997
-5.040979385375977,-5.044700622558594,0.0037213258910924196,0.5521090626716614,0.45242172479629517,0.03721325844526291,0.7385489344596863,1342,2380.1080112457275
5.142358779907227,5.138768196105957,0.003590598702430725,0.38650640845298767,0.34467512369155884,0.03590598702430725,0.7385489344596863,1343,2381.901356935501
-0.3381694257259369,-0.3440644145011902,0.005894982721656561,0.4290504455566406,0.369951456785202,0.058949828147888184,0.738548994064331,1344,2383.6151411533356
0.7694315314292908,0.7676073908805847,0.00182413961738348,0.5081797242164612,0.4186103045940399,0.0182413961738348,0.7385489344596863,1345,2385.330244779587
-8.413122177124023,-8.423675537109375,0.010552993044257164,0.7393634915351868,0.3484869599342346,0.10552992671728134,0.9045340418815613,1346,2387.0236492156982
6.94476318359375,6.943691253662109,0.0010718575213104486,0.69931960105896,0.2823258340358734,0.0107185747474432,0.9045340418815613,1347,2388.790757894516
-1.6406244039535522,-1.6429367065429688,0.0023122511338442564,0.5667362213134766,0.4392736852169037,0.023122509941458702,0.7385489344596863,1348,2390.5011899471283
-2.7118234634399414,-2.7188003063201904,0.006976732052862644,0.5816307663917542,0.436357706785202,0.06976731866598129,0.7385489344596863,1349,2392.6183264255524
-4.254974365234375,-4.26230001449585,0.007325708866119385,0.5307263731956482,0.41262465715408325,0.07325708866119385,0.738548994064331,1350,2394.4346573352814
-1.3987658023834229,-1.4084848165512085,0.009719058871269226,0.5276634097099304,0.4126652777194977,0.09719058871269226,0.7385488748550415,1351,2396.1506991386414
-6.4979567527771,-6.503767967224121,0.005811113398522139,0.586018979549408,0.43718183040618896,0.05811113119125366,0.7385488748550415,1352,2398.072140455246
0.0033094347454607487,-0.0,0.0033094347454607487,0.0,0.0,0.03309434652328491,0.0,1353,2399.767945766449
-12.640687942504883,-12.645223617553711,0.0045359088107943535,0.40583837032318115,0.4143616259098053,0.045359086245298386,0.7385488748550415,1354,2401.4693484306335
0.05898811295628548,0.056690216064453125,0.002297895262017846,0.5149697661399841,0.38919371366500854,0.022978952154517174,0.7385489344596863,1355,2403.2276322841644
-0.21498559415340424,-0.217193603515625,0.0022080044727772474,0.8916805386543274,0.10769670456647873,0.02208004519343376,0.9045339226722717,1356,2404.987526655197
-3.3398494720458984,-3.3435263633728027,0.003676901338621974,0.5308838486671448,0.3957187235355377,0.03676901385188103,0.738548994064331,1357,2406.8617730140686
-5.076847076416016,-5.08120059967041,0.004353515338152647,0.574698805809021,0.42742985486984253,0.043535154312849045,0.7385489344596863,1358,2408.565536260605
-0.9516493678092957,-0.953399658203125,0.0017503034323453903,0.4749999940395355,0.36220109462738037,0.017503034323453903,0.738548994064331,1359,2410.2076649665833
-2.718705892562866,-2.720452070236206,0.0017461261013522744,0.37861260771751404,0.46923282742500305,0.0174612607806921,0.7385489344596863,1360,2412.10165643692
-1.6046676635742188,-1.6117732524871826,0.007105580065399408,0.7665991187095642,0.2700939476490021,0.07105579972267151,0.9045340418815613,1361,2413.7969596385956
-3.0225026607513428,-3.023789882659912,0.0012871584622189403,0.7730967402458191,0.23770713806152344,0.012871583923697472,0.7385489344596863,1362,2415.528637647629
0.7073380947113037,0.6876017451286316,0.01973637007176876,0.7393979430198669,0.22349344193935394,0.1973637044429779,0.9045340418815613,1363,2417.3155076503754
1.4435847997665405,1.4388049840927124,0.004779831971973181,0.5203317999839783,0.3890749514102936,0.047798316925764084,0.7385489344596863,1364,2419.032304048538
-0.03602827712893486,-0.038166046142578125,0.002137769479304552,0.5860214829444885,0.4405789077281952,0.021377693861722946,0.7385489344596863,1365,2420.6813406944275
-4.960329055786133,-4.966518402099609,0.00618926202878356,0.5253449082374573,0.39606302976608276,0.06189262121915817,0.7385489344596863,1366,2422.4086496829987
-5.560845851898193,-5.561988830566406,0.0011428863508626819,0.5644144415855408,0.45691680908203125,0.011428862810134888,0.7385489344596863,1367,2424.110078573227
-2.7151927947998047,-2.719294548034668,0.0041018021292984486,0.3825332820415497,0.31839683651924133,0.04101802036166191,0.7385489344596863,1368,2426.1019520759583
-3.3354310989379883,-3.3381755352020264,0.002744362922385335,0.5147352814674377,0.4031541347503662,0.027443628758192062,0.7385489344596863,1369,2427.824004650116
1.7682322263717651,1.7660434246063232,0.0021887761540710926,0.27291667461395264,0.4038814902305603,0.02188776060938835,0.5222329497337341,1370,2429.4890110492706
-11.258508682250977,-11.260394096374512,0.001885731122456491,0.7710162997245789,0.31350627541542053,0.018857311457395554,0.9045339822769165,1371,2431.2946190834045
-2.3394486904144287,-2.3423423767089844,0.0028937510214746,0.730346143245697,0.3212014138698578,0.028937509283423424,0.904534101486206,1372,2433.0059773921967
-1.7275832891464233,-1.7353395223617554,0.007756248116493225,0.7262787818908691,0.12772664427757263,0.07756248116493225,0.9045340418815613,1373,2434.6915061473846
-0.41411304473876953,-0.42027410864830017,0.006161057390272617,0.828400194644928,0.10516711324453354,0.061610572040081024,0.904534101486206,1374,2436.496058702469
4.414234161376953,4.4044599533081055,0.009774147532880306,0.6443873047828674,0.32154566049575806,0.09774146974086761,0.9045339226722717,1375,2438.2949347496033
4.530776500701904,4.526761531829834,0.0040150904096663,0.4917154014110565,0.3928377032279968,0.040150903165340424,0.9045340418815613,1376,2439.9999825954437
0.8032889366149902,0.7969138026237488,0.006375121418386698,0.5740074515342712,0.42742854356765747,0.0637512132525444,0.5222330093383789,1377,2441.6475360393524
-0.08186914026737213,-0.08610375970602036,0.004234618041664362,0.7619776129722595,0.29348990321159363,0.042346179485321045,0.9045339822769165,1378,2443.4217851161957
5.207182884216309,5.203250885009766,0.003932207357138395,0.19201679527759552,0.33927059173583984,0.03932207077741623,0.5222329497337341,1379,2445.1164383888245
0.7895185947418213,0.7787825465202332,0.010736020281910896,0.8371279835700989,0.1795046180486679,0.10736019909381866,0.904534101486206,1380,2446.803096294403
1.0001274347305298,0.9956595301628113,0.004467944614589214,0.8727176785469055,0.08146754652261734,0.044679444283246994,0.7385489344596863,1381,2448.488127231598
-4.950196266174316,-4.953855514526367,0.0036592415999621153,0.39264509081840515,0.3976465165615082,0.03659241646528244,0.7385489344596863,1382,2450.209067583084
-9.592680931091309,-9.620344161987305,0.027662798762321472,0.767429530620575,0.15202896296977997,0.2766279876232147,0.9045340418815613,1383,2452.049089193344
-11.210830688476562,-11.212743759155273,0.0019134831381961703,0.8251471519470215,0.19798196852207184,0.019134830683469772,0.9045340418815613,1384,2453.7764115333557
-3.06036114692688,-3.066990852355957,0.006629735231399536,0.5883333086967468,0.43910926580429077,0.06629735231399536,0.7385489344596863,1385,2455.466842651367
-7.9118733406066895,-7.917780876159668,0.005907426588237286,0.5778349041938782,0.4334981143474579,0.05907426401972771,0.7385489344596863,1386,2457.2317218780518
-2.218137502670288,-2.2191271781921387,0.0009895801777020097,0.2896035611629486,0.428488552570343,0.009895801544189453,0.5222329497337341,1387,2459.0067999362946
-7.403872966766357,-7.4075164794921875,0.003643564647063613,0.8693787455558777,0.06709937006235123,0.03643564507365227,0.904534101486206,1388,2460.7959134578705
-1.177722692489624,-1.1824836730957031,0.004760993644595146,0.8253472447395325,0.09841497987508774,0.04760993644595146,0.9045340418815613,1389,2462.527635574341
6.878048896789551,6.876753807067871,0.001294880174100399,0.7329785823822021,0.22499920427799225,0.01294880174100399,0.9045339822769165,1390,2464.1974737644196
-0.14158374071121216,-0.14494197070598602,0.0033582360483705997,0.7465807795524597,0.2228003442287445,0.03358235955238342,0.9045340418815613,1391,2465.948369026184
2.629002571105957,2.6244735717773438,0.004529012367129326,0.7130985856056213,0.22178088128566742,0.04529012367129326,0.9045340418815613,1392,2467.7306299209595
-0.2754792869091034,-0.2838986814022064,0.008419400081038475,0.322159081697464,0.47600361704826355,0.08419399708509445,0.5222328901290894,1393,2469.3915786743164
1.7261964082717896,1.724827527999878,0.0013688674662262201,0.9004197716712952,0.05610428750514984,0.013688674196600914,0.9045340418815613,1394,2471.118405818939
-2.9147040843963623,-2.9207828044891357,0.006078791804611683,0.9102935791015625,0.09583359956741333,0.06078791618347168,0.7385489344596863,1395,2472.8131573200226
-2.9065189361572266,-2.910118818283081,0.003599775955080986,0.5021278858184814,0.37612980604171753,0.03599775955080986,0.7385489344596863,1396,2474.5617756843567
-0.2252720445394516,-0.22803497314453125,0.002762934658676386,0.815783679485321,0.14511556923389435,0.027629345655441284,0.9045340418815613,1397,2476.2253353595734
-5.529440402984619,-5.5327606201171875,0.003320163581520319,0.8410356044769287,0.09726278483867645,0.033201634883880615,0.904534101486206,1398,2477.9549448490143
1.2146202325820923,1.2104390859603882,0.004181134048849344,0.7646568417549133,0.14950641989707947,0.04181133955717087,0.9045339822769165,1399,2479.6519947052
-1.6471803188323975,-1.6560935974121094,0.008913325145840645,0.7343088984489441,0.18096479773521423,0.08913324773311615,0.9045340418815613,1400,2481.352604866028
-19.436933517456055,-19.440677642822266,0.003743354696780443,0.5449185371398926,0.42844128608703613,0.03743354603648186,0.7385489344596863,1401,2483.5390923023224
-4.329599857330322,-4.3341383934021,0.0045387279242277145,0.6245803236961365,0.4625488519668579,0.045387279242277145,0.7385489344596863,1402,2485.2426187992096
-0.4786337614059448,-0.48064297437667847,0.0020092278718948364,0.872536838054657,0.13807639479637146,0.020092278718948364,0.9045340418815613,1403,2486.947336912155
-3.175701856613159,-3.1786842346191406,0.0029824853409081697,0.5656060576438904,0.43713727593421936,0.02982485294342041,0.7385489344596863,1404,2488.768773794174
-0.9649062752723694,-0.9672622680664062,0.002355968113988638,0.49125638604164124,0.3983185291290283,0.023559680208563805,0.7385488748550415,1405,2490.4663553237915
-0.7817682027816772,-0.787207305431366,0.005439107771962881,0.5812785029411316,0.44142475724220276,0.054391078650951385,0.7385489344596863,1406,2492.229467391968
-1.229951024055481,-1.2311897277832031,0.0012386947637423873,0.6163366436958313,0.4564545154571533,0.012386947870254517,0.7385489344596863,1407,2494.044516801834
-1.6686328649520874,-1.6723188161849976,0.003685940522700548,0.9020606875419617,0.05694980174303055,0.03685940429568291,0.9045340418815613,1408,2495.910596847534
-18.97093391418457,-18.975845336914062,0.004911279771476984,0.6241208910942078,0.2569813132286072,0.049112796783447266,0.9045339822769165,1409,2497.9199867248535
-2.3955881595611572,-2.3990283012390137,0.0034400851000100374,0.21594594419002533,0.32064393162727356,0.03440085053443909,0.5222329497337341,1410,2499.702455997467
-1.5408347845077515,-1.5523580312728882,0.011523234657943249,0.519268810749054,0.3962444067001343,0.11523234844207764,0.7385489344596863,1411,2501.4663367271423
-7.38642692565918,-7.3883771896362305,0.0019502651412039995,0.7793779969215393,0.24187783896923065,0.019502650946378708,0.9045339822769165,1412,2503.165784597397
-11.329864501953125,-11.33123779296875,0.0013736358378082514,0.7411425113677979,0.23951804637908936,0.013736357912421227,0.9045340418815613,1413,2505.014408826828
3.31523060798645,3.306910276412964,0.008320358581840992,0.7493634223937988,0.11993643641471863,0.08320358395576477,0.904534101486206,1414,2506.77103972435
-3.471681833267212,-3.4787254333496094,0.007043682038784027,0.5895241498947144,0.43776142597198486,0.07043682038784027,0.738548994064331,1415,2508.4472942352295
-4.385158538818359,-4.387430191040039,0.002271444769576192,0.5762479901313782,0.4332157075405121,0.02271444723010063,0.7385489344596863,1416,2510.1864247322083
0.9133163094520569,0.9048932790756226,0.008423039689660072,0.47542858123779297,0.3771976828575134,0.08423039317131042,0.7385489344596863,1417,2511.8285336494446
-3.4449918270111084,-3.449268341064453,0.004276399966329336,0.7757482528686523,0.11592505127191544,0.042764000594615936,0.904534101486206,1418,2513.588108778
-4.3417158126831055,-4.351292610168457,0.009576677344739437,0.5444888472557068,0.4174904525279999,0.09576677531003952,0.738548994064331,1419,2515.420290708542
-4.324478626251221,-4.336428165435791,0.011949722655117512,0.8666065335273743,0.0970485731959343,0.11949722468852997,0.9045340418815613,1420,2517.141061067581
0.7880264520645142,0.7820879817008972,0.005938459653407335,0.2935776114463806,0.43372175097465515,0.05938459560275078,0.5222328901290894,1421,2518.79070353508
-3.9096407890319824,-3.922182559967041,0.012541775591671467,0.5713089108467102,0.43358880281448364,0.12541775405406952,0.7385489344596863,1422,2520.6612243652344
1.269962191581726,1.266554594039917,0.00340761779807508,0.5044137835502625,0.45053622126579285,0.03407617658376694,0.7385486364364624,1423,2522.483827352524
-0.09363216906785965,-0.0941518172621727,0.0005196511629037559,0.4545634686946869,0.38035258650779724,0.005196511745452881,0.7385489344596863,1424,2524.3385784626007
-0.8894334435462952,-0.8919728994369507,0.0025394342374056578,0.2593333423137665,0.38991591334342957,0.025394340977072716,0.5222329497337341,1425,2525.969498872757
-4.549666881561279,-4.555753231048584,0.00608627637848258,0.7174062132835388,0.32969558238983154,0.06086276099085808,0.7385489344596863,1426,2527.7039337158203
0.5064098238945007,0.4995940625667572,0.006815753877162933,0.5901562571525574,0.44676557183265686,0.06815753877162933,0.7385489344596863,1427,2529.4152727127075
-1.7059001922607422,-1.7070510387420654,0.0011508435709401965,0.5281060338020325,0.41933560371398926,0.011508435010910034,0.904534101486206,1428,2531.258950948715
-1.183964729309082,-1.1851119995117188,0.0011472563492134213,0.6015586256980896,0.45280176401138306,0.01147256325930357,0.7385489344596863,1429,2533.0707364082336
10.503167152404785,10.500755310058594,0.002412186237052083,0.49736347794532776,0.43816062808036804,0.024121861904859543,0.738548994064331,1430,2534.80668258667
0.19540420174598694,0.19093768298625946,0.004466523882001638,0.5578994154930115,0.4191111624240875,0.04466523975133896,0.7385489344596863,1431,2536.6261019706726
-7.922051429748535,-7.927632808685303,0.005581153556704521,0.672549307346344,0.28034839034080505,0.05581153556704521,0.9045339822769165,1432,2538.400850057602
4.097420692443848,4.093213081359863,0.004207577556371689,0.93696528673172,0.07791908830404282,0.04207577556371689,0.7385489344596863,1433,2540.172860622406
-0.09897171705961227,-0.10213088989257812,0.0031591744627803564,0.3077976107597351,0.4552610516548157,0.0315917432308197,0.5222329497337341,1434,2541.90087890625
-1.8391956090927124,-1.8520162105560303,0.012820600531995296,0.6723043918609619,0.34043389558792114,0.12820599973201752,0.9045340418815613,1435,2543.598654985428
-1.37490713596344,-1.3807348012924194,0.005827662535011768,0.8231000900268555,0.10379523038864136,0.058276623487472534,0.9045340418815613,1436,2545.3204197883606
-0.12225162982940674,-0.1303313672542572,0.008079739287495613,0.7646859288215637,0.29078102111816406,0.08079738914966583,0.904534101486206,1437,2547.0555815696716
-2.2022440433502197,-2.2083778381347656,0.00613373750820756,0.4468750059604645,0.4184091091156006,0.06133737415075302,0.738548994064331,1438,2548.7653591632843
6.5359697341918945,6.5311102867126465,0.004859658423811197,0.7403681874275208,0.24633106589317322,0.0485965833067894,0.9045340418815613,1439,2550.604410171509
-3.292898654937744,-3.2948927879333496,0.0019941043574362993,0.8706451058387756,0.12047246098518372,0.019941043108701706,0.904534101486206,1440,2552.3758232593536
-2.4625024795532227,-2.4781394004821777,0.015636960044503212,0.5671769976615906,0.43132737278938293,0.15636959671974182,0.7385489344596863,1441,2554.0821492671967
-1.4134633541107178,-1.4216687679290771,0.008205386810004711,0.8963723182678223,0.0796637013554573,0.08205386996269226,0.904534101486206,1442,2555.793198108673
-8.168585777282715,-8.17137336730957,0.002787431236356497,0.49046826362609863,0.424225777387619,0.027874311432242393,0.7385489344596863,1443,2557.5853383541107
-4.15939474105835,-4.171465873718262,0.012071105651557446,0.5045052170753479,0.3986920714378357,0.12071105092763901,0.7385489344596863,1444,2559.3454308509827
-2.4886481761932373,-2.493234157562256,0.004586049355566502,0.8883123993873596,0.12255539000034332,0.04586049169301987,0.7385489344596863,1445,2561.0839002132416
-0.09882238507270813,-0.10546620935201645,0.006643824279308319,0.7053894400596619,0.23644518852233887,0.06643824279308319,0.9045340418815613,1446,2563.07519698143
3.747675657272339,3.7364470958709717,0.011228476651012897,0.6288964152336121,0.46562460064888,0.11228476464748383,0.738548994064331,1447,2564.842372894287
-3.578590154647827,-3.5850017070770264,0.006411513779312372,0.7661052346229553,0.1061297357082367,0.06411513686180115,0.904534101486206,1448,2566.5656127929688
0.40709584951400757,0.4049568176269531,0.0021390318870544434,0.5689401030540466,0.44955137372016907,0.021390318870544434,0.7385489344596863,1449,2568.3274188041687
-1.225715160369873,-1.2329833507537842,0.0072682262398302555,0.5561463236808777,0.43218567967414856,0.07268226146697998,0.7385489344596863,1450,2570.0277466773987
-1.5837968587875366,-1.5875003337860107,0.003703481052070856,0.2998334467411041,0.4434770941734314,0.037034809589385986,0.5222330689430237,1451,2571.90052318573
-0.763818085193634,-0.7652791738510132,0.0014610717771574855,0.7375385165214539,0.1720915138721466,0.014610718004405499,0.904534101486206,1452,2573.7658104896545
-3.404512643814087,-3.406137466430664,0.00162486732006073,0.788032591342926,0.10946650058031082,0.0162486732006073,0.904534101486206,1453,2575.5465259552
1.7952492237091064,1.7942397594451904,0.0010094832396134734,0.5460967421531677,0.42254239320755005,0.010094831697642803,0.7385488152503967,1454,2577.25962805748
-2.6876754760742188,-2.7026126384735107,0.014937278814613819,0.8729965090751648,0.07601712644100189,0.14937278628349304,0.9045340418815613,1455,2578.94797706604
-2.8568785190582275,-2.857853651046753,0.0009750664466992021,0.5707792639732361,0.42549633979797363,0.009750664234161377,0.7385489344596863,1456,2580.7143688201904
-4.970456123352051,-4.976222991943359,0.005766962189227343,0.7714195847511292,0.2528989613056183,0.05766962096095085,0.9045340418815613,1457,2582.473618030548
0.8030644655227661,0.8016287684440613,0.0014356902102008462,0.8875803351402283,0.1018257662653923,0.014356901869177818,0.9045340418815613,1458,2584.30783367157
-2.3439676761627197,-2.356062650680542,0.012094932608306408,0.3222973048686981,0.47660019993782043,0.12094932049512863,0.5222330093383789,1459,2586.0022478103638
-9.145598411560059,-9.155258178710938,0.009659335017204285,0.5218309760093689,0.4188542664051056,0.09659335017204285,0.7385488748550415,1460,2587.7114429473877
-1.2315715551376343,-1.241345763206482,0.009774234145879745,0.8876194357872009,0.08945458382368088,0.09774234145879745,0.904534101486206,1461,2589.5810322761536
0.01046048291027546,0.0048770904541015625,0.0055833919905126095,0.6321733593940735,0.46804118156433105,0.05583391711115837,0.7385488748550415,1462,2591.305376768112
0.3425268530845642,0.33632978796958923,0.006197050213813782,0.8680824637413025,0.09646210074424744,0.06197050213813782,0.9045339226722717,1463,2592.955601453781
2.7095513343811035,2.7060132026672363,0.003538065357133746,0.17987863719463348,0.3244257867336273,0.03538065403699875,0.5222330093383789,1464,2594.788551568985
-4.622841835021973,-4.629117488861084,0.006275513209402561,0.7943129539489746,0.09395521134138107,0.06275513023138046,0.9045339226722717,1465,2596.530901193619
-2.774087429046631,-2.7853598594665527,0.011272444389760494,0.7771157622337341,0.22238075733184814,0.1127244383096695,0.9045339226722717,1466,2598.2776215076447
-1.0095549821853638,-1.0438385009765625,0.03428351879119873,0.8621635437011719,0.14264118671417236,0.3428351879119873,0.9045340418815613,1467,2600.032104730606
-5.359714984893799,-5.367675304412842,0.007960393093526363,0.5411864519119263,0.4077397584915161,0.07960392534732819,0.7385489344596863,1468,2601.731123685837
0.06485287845134735,0.0604197196662426,0.004433158319443464,0.8981368541717529,0.0537782646715641,0.04433158040046692,0.904534101486206,1469,2603.5652933120728
-0.9471475481987,-0.949432373046875,0.0022848418448120356,0.5504888296127319,0.4374637007713318,0.02284841798245907,0.7385489344596863,1470,2605.278683900833
-5.362464904785156,-5.374366760253906,0.011901944875717163,0.7552881836891174,0.3197624981403351,0.11901944875717163,0.9045339226722717,1471,2607.13112950325
-0.05669611319899559,-0.061489105224609375,0.004792993422597647,0.9100454449653625,0.07998470216989517,0.04792993515729904,0.904534101486206,1472,2608.9881644248962
-4.843563556671143,-4.854796409606934,0.011233031749725342,0.5555189847946167,0.4208087921142578,0.11233031749725342,0.7385489344596863,1473,2610.889573097229
-1.7935771942138672,-1.7977079153060913,0.004130668472498655,0.7848554253578186,0.15777342021465302,0.04130668565630913,0.904534101486206,1474,2612.570900917053
1.5274391174316406,1.5255346298217773,0.0019045453518629074,0.6097287535667419,0.45231693983078003,0.019045453518629074,0.7385489344596863,1475,2614.3080248832703
-3.2517881393432617,-3.256495237350464,0.004707017447799444,0.8000579476356506,0.1521083563566208,0.04707017540931702,0.9045339822769165,1476,2616.015600204468
3.3671538829803467,3.362116575241089,0.005037372466176748,0.7647349238395691,0.1208033561706543,0.05037372559309006,0.9045339822769165,1477,2617.729744911194
-5.803889751434326,-5.811683654785156,0.007793906610459089,0.7467635273933411,0.1289326250553131,0.07793906331062317,0.9045340418815613,1478,2619.468496322632
-1.3161470890045166,-1.321576476097107,0.005429340526461601,0.7642679214477539,0.1649371087551117,0.05429340526461601,0.904534101486206,1479,2621.1981179714203
-8.212770462036133,-8.23785400390625,0.025083089247345924,0.5746778845787048,0.4287751019001007,0.25083088874816895,0.7385489344596863,1480,2623.10391497612
-2.8504209518432617,-2.857468366622925,0.007047369610518217,0.7655053734779358,0.28211963176727295,0.07047369331121445,0.9045339822769165,1481,2624.913947582245
-0.3216696083545685,-0.3321113586425781,0.010441761463880539,0.7679072022438049,0.21753822267055511,0.10441761463880539,0.9045340418815613,1482,2626.6255292892456
-8.65009593963623,-8.663475036621094,0.013378997333347797,0.752154529094696,0.15831032395362854,0.13378997147083282,0.904534101486206,1483,2628.5302233695984
-3.6231324672698975,-3.624850034713745,0.001717540668323636,0.8993263840675354,0.041857749223709106,0.017175406217575073,0.9045340418815613,1484,2630.3529722690582
3.6175076961517334,3.6136348247528076,0.003872858826071024,0.8046376705169678,0.22386595606803894,0.038728587329387665,0.9045339822769165,1485,2632.0383760929108
-12.034354209899902,-12.067031860351562,0.03267784044146538,0.5295197367668152,0.4128458499908447,0.3267784118652344,0.7385489344596863,1486,2633.8988065719604
0.4873582720756531,0.48328718543052673,0.00407107500359416,0.5993767380714417,0.4462147355079651,0.04071074724197388,0.7385489344596863,1487,2635.6675131320953
-3.9540607929229736,-3.958705425262451,0.004644621629267931,0.9195735454559326,0.08363734930753708,0.046446215361356735,0.7385489344596863,1488,2637.3598248958588
2.145840644836426,2.1399192810058594,0.005921359173953533,0.8569936752319336,0.15021081268787384,0.05921358987689018,0.9045340418815613,1489,2639.112375020981
-7.748198986053467,-7.763053894042969,0.014854678884148598,0.766055166721344,0.30278101563453674,0.14854678511619568,0.9045340418815613,1490,2640.8673112392426
-4.14508056640625,-4.146352291107178,0.001271675108000636,0.8152194023132324,0.2194175273180008,0.012716750614345074,0.9045340418815613,1491,2642.594872713089
-0.9063848853111267,-0.9213654398918152,0.01498053502291441,0.589133083820343,0.4397771656513214,0.14980535209178925,0.5222329497337341,1492,2644.24053812027
-3.5770580768585205,-3.5787856578826904,0.0017276108264923096,0.6129550933837891,0.4541255533695221,0.017276108264923096,0.7385489344596863,1493,2646.082911014557
-2.0974977016448975,-2.0982158184051514,0.0007181465625762939,0.32083335518836975,0.3652261793613434,0.0071814656257629395,0.7385489344596863,1494,2647.6701521873474
-0.7055732607841492,-0.7097193598747253,0.00414607347920537,0.5041287541389465,0.39345604181289673,0.041460733860731125,0.7385489344596863,1495,2649.6457629203796
-4.674903869628906,-4.681278228759766,0.006374554242938757,0.4712243974208832,0.3735223710536957,0.06374554336071014,0.738548994064331,1496,2651.426587820053
6.413761615753174,6.40462589263916,0.009135915897786617,0.792401134967804,0.2582484781742096,0.09135916084051132,0.9045340418815613,1497,2653.1507334709167
-9.21534252166748,-9.22970962524414,0.01436753012239933,0.3543145954608917,0.3458334803581238,0.143675297498703,0.7385489344596863,1498,2654.9160606861115
2.752699375152588,2.7471556663513184,0.005543771665543318,0.20841269195079803,0.30882585048675537,0.055437713861465454,0.5222329497337341,1499,2656.691159725189
