loss,pg_loss,kl_loss,reward_mean,reward_std,kl_mean,advantage_std,step,stage,elapsed
-0.25225260853767395,-0.25225260853767395,0.0,0.439639151096344,0.2957945168018341,0.0,0.8230547904968262,0,easy,0.7144448757171631
-0.24294203519821167,-0.2429642379283905,2.220757414761465e-05,0.8786519169807434,0.07971318811178207,0.00022207573056221008,0.9503819346427917,1,easy,0.7910447120666504
-0.0429421104490757,-0.04298190027475357,3.978870881837793e-05,0.6660335659980774,0.16811156272888184,0.00039788708090782166,0.9503818154335022,2,easy,0.8616600036621094
-0.06873548030853271,-0.06876015663146973,2.4675950044183992e-05,0.48800963163375854,0.32818037271499634,0.0002467595040798187,0.823054850101471,3,easy,0.9370055198669434
-0.15256401896476746,-0.15305030345916748,0.0004862871137447655,0.8035089373588562,0.09062560647726059,0.004862871021032333,0.950381875038147,4,easy,1.010345220565796
-0.321608304977417,-0.3216732144355774,6.490237865364179e-05,0.5201414227485657,0.344577819108963,0.0006490238010883331,0.823054850101471,5,easy,1.0786869525909424
-1.5023820400238037,-1.5026626586914062,0.00028056427254341543,0.8796764612197876,0.059531036764383316,0.002805642783641815,0.9503819346427917,6,easy,1.1494555473327637
-0.12133443355560303,-0.12137137353420258,3.6939607525710016e-05,0.8401893377304077,0.1320755034685135,0.00036939606070518494,0.8230547904968262,7,easy,1.2206997871398926
-1.2292475700378418,-1.2293851375579834,0.0001375980646116659,0.8997460603713989,0.04905904829502106,0.0013759806752204895,0.950381875038147,8,easy,1.2896459102630615
-0.675207793712616,-0.6752334237098694,2.561733163020108e-05,0.8834534883499146,0.05002760887145996,0.000256173312664032,0.9503819346427917,9,easy,1.3634130954742432
-0.8184230327606201,-0.818584680557251,0.0001616209774510935,0.9204263687133789,0.03293558582663536,0.0016162097454071045,0.9503819346427917,10,easy,1.435091495513916
-0.28367432951927185,-0.2840861678123474,0.0004118263896089047,0.7750445008277893,0.17412690818309784,0.0041182637214660645,0.8230547308921814,11,easy,1.5084803104400635
-0.1616012006998062,-0.1618204116821289,0.00021920577273704112,0.7075780630111694,0.1990956813097,0.0021920576691627502,0.9503818154335022,12,easy,1.5769543647766113
-0.14496266841888428,-0.1453123539686203,0.0003496822027955204,0.8552284240722656,0.07027891278266907,0.0034968219697475433,0.9503818154335022,13,easy,1.6387712955474854
-0.7845502495765686,-0.7848889827728271,0.0003387622709851712,0.8394540548324585,0.18954508006572723,0.0033876225352287292,0.823054850101471,14,easy,1.709334373474121
-0.5061798095703125,-0.5063016414642334,0.00012180991325294599,0.7781614661216736,0.19748248159885406,0.0012180991470813751,0.9503818154335022,15,easy,1.7868318557739258
-0.7065445184707642,-0.7068121433258057,0.00026763082132674754,0.8297470808029175,0.09579230099916458,0.0026763081550598145,0.823054850101471,16,easy,1.8562443256378174
-0.6848779916763306,-0.6849764585494995,9.849183697951958e-05,0.8730464577674866,0.04372170940041542,0.00098491832613945,0.9503819346427917,17,easy,1.9280271530151367
-0.6202494502067566,-0.620539665222168,0.00029021056252531707,0.6056462526321411,0.17636996507644653,0.002902105450630188,0.9503817558288574,18,easy,1.9958138465881348
-0.9323604702949524,-0.9326125979423523,0.00025212616310454905,0.7853010892868042,0.09257600456476212,0.0025212615728378296,0.9503819346427917,19,easy,2.0634677410125732
-0.5244690179824829,-0.5261528491973877,0.0016838576411828399,0.7591518759727478,0.10107463598251343,0.016838576644659042,0.9503819346427917,20,easy,2.13142991065979
-1.4682866334915161,-1.4686745405197144,0.00038792865234427154,0.864966869354248,0.075015127658844,0.0038792863488197327,0.9503819346427917,21,easy,2.1993651390075684
-0.15831820666790009,-0.1585804522037506,0.0002622425672598183,0.811896026134491,0.10417574644088745,0.0026224255561828613,0.950381875038147,22,easy,2.267425775527954
-0.9178676605224609,-0.9187086820602417,0.0008410103619098663,0.6345357298851013,0.37913617491722107,0.008410103619098663,0.8230549097061157,23,easy,2.341529369354248
-0.7208484411239624,-0.7217521667480469,0.0009037461131811142,0.8123410940170288,0.12767833471298218,0.009037461131811142,0.950381875038147,24,easy,2.411222457885742
-0.27629175782203674,-0.27863049507141113,0.002338730962947011,0.7209185361862183,0.14163632690906525,0.023387309163808823,0.9503818154335022,25,easy,2.4846794605255127
0.04132356494665146,0.03840947151184082,0.002914095064625144,0.7761752009391785,0.11075685173273087,0.029140949249267578,0.9503819346427917,26,easy,2.558933973312378
-1.2893866300582886,-1.2922804355621338,0.0028938159812241793,0.638403594493866,0.37729185819625854,0.028938159346580505,0.823054850101471,27,easy,2.6283981800079346
-0.3827136754989624,-0.3828890323638916,0.00017536878294777125,0.7482037544250488,0.16562220454216003,0.001753687858581543,0.950381875038147,28,easy,2.6918416023254395
-0.187612384557724,-0.18834561109542847,0.0007332213572226465,0.7317721843719482,0.19354867935180664,0.007332213222980499,0.950381875038147,29,easy,2.765467405319214
-0.5286749601364136,-0.528840184211731,0.00016522593796253204,0.750886082649231,0.16349050402641296,0.0016522593796253204,0.9503819346427917,30,easy,2.82645583152771
-0.5699808597564697,-0.5708552598953247,0.0008744053775444627,0.809991180896759,0.16902516782283783,0.008744053542613983,0.950381875038147,31,easy,2.9009499549865723
0.30995044112205505,0.30963391065597534,0.00031652228790335357,0.8196989297866821,0.0966118797659874,0.003165222704410553,0.9503816962242126,32,easy,2.976989507675171
-0.7778646945953369,-0.778439998626709,0.0005753223085775971,0.7587131261825562,0.13443085551261902,0.005753222852945328,0.9503818154335022,33,easy,3.0431160926818848
-0.707737386226654,-0.7097626328468323,0.0020252622198313475,0.5736609101295471,0.36146360635757446,0.020252622663974762,0.8230547904968262,34,easy,3.1121952533721924
-0.21099402010440826,-0.2113221287727356,0.00032810159609653056,0.7564497590065002,0.133313849568367,0.0032810159027576447,0.8230547904968262,35,easy,3.1795904636383057
-0.8763467669487,-0.8772705793380737,0.0009238094207830727,0.7917319536209106,0.1356695592403412,0.009238094091415405,0.9503819346427917,36,easy,3.2501933574676514
-0.5317227840423584,-0.5333636403083801,0.0016408637166023254,0.9372248649597168,0.046167630702257156,0.016408637166023254,0.8230549097061157,37,easy,3.3199737071990967
-0.9457396864891052,-0.9467006325721741,0.0009609371772967279,0.8886585235595703,0.06776774674654007,0.009609371423721313,0.950381875038147,38,easy,3.390739917755127
-0.605397641658783,-0.605708122253418,0.000310482457280159,0.9156082272529602,0.06474949419498444,0.00310482457280159,0.823054850101471,39,easy,3.452561855316162
-0.09760452061891556,-0.09810757637023926,0.0005030527827329934,0.8386095762252808,0.09759951382875443,0.005030527710914612,0.9503820538520813,40,easy,3.522667646408081
-1.221639633178711,-1.2238857746124268,0.0022461728658527136,0.8274979591369629,0.13376455008983612,0.022461727261543274,0.950381875038147,41,easy,3.5925166606903076
-0.8337437510490417,-0.8399749398231506,0.006231164094060659,0.7896445393562317,0.09254060685634613,0.06231164187192917,0.9503818154335022,42,easy,3.660710096359253
-0.9982753992080688,-0.9991575479507446,0.0008821405353955925,0.9348951578140259,0.026730842888355255,0.008821405470371246,0.950381875038147,43,easy,3.7302892208099365
-0.4311901032924652,-0.43237775564193726,0.0011876591015607119,0.6107175350189209,0.36244431138038635,0.011876590549945831,0.823054850101471,44,easy,3.8043737411499023
-0.2145378440618515,-0.2149546593427658,0.00041681117727421224,0.844904899597168,0.07973672449588776,0.004168111830949783,0.9503819346427917,45,easy,3.8710663318634033
-0.4550611674785614,-0.4560331404209137,0.0009719781810417771,0.592168927192688,0.36475515365600586,0.009719781577587128,0.823054850101471,46,easy,3.9376230239868164
-0.6343653798103333,-0.6349462270736694,0.0005808454006910324,0.8161636590957642,0.09727849811315536,0.005808454006910324,0.950381875038147,47,easy,4.004514694213867
-0.3731542229652405,-0.3732109069824219,5.667694131261669e-05,0.8944348096847534,0.11298318207263947,0.0005667693912982941,0.6720215082168579,48,easy,4.0594642162323
-0.2788178622722626,-0.2794625759124756,0.0006446998449973762,0.8644446730613708,0.059899065643548965,0.006446998566389084,0.9503819346427917,49,easy,4.1251256465911865
-0.4611683785915375,-0.4624937176704407,0.0013253428041934967,0.7678672671318054,0.12506239116191864,0.013253428041934967,0.9503818154335022,50,easy,4.197579860687256
-0.3781003952026367,-0.37863242626190186,0.0005320344353094697,0.7311868667602539,0.12217184901237488,0.005320344120264053,0.950381875038147,51,easy,4.265376567840576
-0.11150287091732025,-0.11338368058204651,0.0018808100139722228,0.7386234998703003,0.14159002900123596,0.01880810037255287,0.9503817558288574,52,easy,4.335181713104248
0.36111608147621155,0.3604999780654907,0.0006161160999909043,0.9000791907310486,0.09254913777112961,0.0061611607670784,0.950381875038147,53,easy,4.405156373977661
-0.9652625322341919,-0.9658482074737549,0.0005856920033693314,0.8151324391365051,0.16530008614063263,0.005856920033693314,0.950381875038147,54,easy,4.474907875061035
-0.6198556423187256,-0.6209987998008728,0.00114316341932863,0.8119527101516724,0.11388960480690002,0.011431634426116943,0.9503819346427917,55,easy,4.542406797409058
-0.4226857125759125,-0.4233742356300354,0.0006885115290060639,0.7803661823272705,0.12042444199323654,0.006885115057229996,0.950381875038147,56,easy,4.6142737865448
-0.9229322075843811,-0.9238841533660889,0.0009519219747744501,0.8790494203567505,0.09005685150623322,0.009519219398498535,0.950381875038147,57,easy,4.682348012924194
-0.23037125170230865,-0.2347583770751953,0.004387122578918934,0.5348764657974243,0.21161073446273804,0.04387122392654419,0.8230547308921814,58,easy,4.758298397064209
-0.48811861872673035,-0.4893772006034851,0.0012585808290168643,0.7736358642578125,0.11227528005838394,0.012585807591676712,0.950381875038147,59,easy,4.829441070556641
-0.7451187372207642,-0.7461822032928467,0.0010634921491146088,0.8966532349586487,0.05082976073026657,0.010634921491146088,0.950381875038147,60,easy,4.898259401321411
-0.08115051686763763,-0.0830068588256836,0.001856345683336258,0.7947118878364563,0.07763418555259705,0.01856345683336258,0.950381875038147,61,easy,4.971678733825684
-0.41656145453453064,-0.41779273748397827,0.0012312739854678512,0.8668280839920044,0.10328295826911926,0.012312740087509155,0.823054850101471,62,easy,5.036599397659302
-0.23761361837387085,-0.23931561410427094,0.0017020009690895677,0.7220327854156494,0.20527580380439758,0.017020009458065033,0.9503818154335022,63,easy,5.105633020401001
-0.7419952154159546,-0.7447288036346436,0.002733596134930849,0.8396462202072144,0.06646108627319336,0.027335960417985916,0.950381875038147,64,easy,5.172332525253296
-0.7608343362808228,-0.7645453214645386,0.0037109970580786467,0.8797103762626648,0.05538870766758919,0.037109971046447754,0.950381875038147,65,easy,5.2366273403167725
-0.2802872657775879,-0.28194814920425415,0.0016608942532911897,0.8306891322135925,0.10233773291110992,0.016608942300081253,0.9503819346427917,66,easy,5.305538654327393
-1.1501154899597168,-1.1517677307128906,0.0016522288788110018,0.8156256675720215,0.2000143676996231,0.01652228832244873,0.9503818154335022,67,easy,5.372159719467163
-0.8631747961044312,-0.8744997978210449,0.0113249896094203,0.8161844611167908,0.18952476978302002,0.11324989050626755,0.950381875038147,68,easy,5.441666126251221
-1.1337851285934448,-1.1371986865997314,0.0034135363530367613,0.8568903803825378,0.12053411453962326,0.0341353639960289,0.8230549693107605,69,easy,5.509556770324707
-0.6227408647537231,-0.6309553384780884,0.00821447093039751,0.7811500430107117,0.111173614859581,0.08214470744132996,0.9503819942474365,70,easy,5.579162836074829
0.04286426678299904,0.04158201813697815,0.0012822486460208893,0.7338393330574036,0.17791473865509033,0.012822486460208893,0.950381875038147,71,easy,5.6446006298065186
-0.5716103911399841,-0.5726761221885681,0.001065726624801755,0.7223107218742371,0.42460039258003235,0.010657265782356262,0.6720215082168579,72,easy,5.713630199432373
0.05427530035376549,0.05141451954841614,0.002860779408365488,0.8515852689743042,0.05014857277274132,0.028607793152332306,0.950381875038147,73,easy,5.783310174942017
-0.4936268627643585,-0.5057204365730286,0.012093569152057171,0.657167375087738,0.39108946919441223,0.12093568593263626,0.8230549097061157,74,easy,5.855602979660034
0.08491110801696777,0.08186312019824982,0.0030479913111776114,0.8144478797912598,0.17547544836997986,0.03047991171479225,0.8230549097061157,75,easy,5.921784162521362
0.04643069580197334,0.043612271547317505,0.0028184254188090563,0.8548910617828369,0.07834882289171219,0.028184253722429276,0.9503819346427917,76,easy,5.987403869628906
-0.3680337965488434,-0.37289535999298096,0.004861575551331043,0.5839604139328003,0.34828028082847595,0.04861575365066528,0.823054850101471,77,easy,6.057811975479126
-1.0854400396347046,-1.0896211862564087,0.004181098658591509,0.8637442588806152,0.07984863966703415,0.041810985654592514,0.950381875038147,78,easy,6.1285719871521
-0.15955962240695953,-0.16180768609046936,0.002248058095574379,0.8500397801399231,0.08248242735862732,0.02248058095574379,0.9503819346427917,79,easy,6.198928117752075
0.377371609210968,0.36265385150909424,0.01471776980906725,0.6803992390632629,0.18694274127483368,0.14717769622802734,0.9503816366195679,80,easy,6.274037837982178
-0.16222332417964935,-0.16941490769386292,0.007191584445536137,0.7593270540237427,0.12760190665721893,0.07191584259271622,0.9503819942474365,81,easy,6.345064163208008
-1.1564850807189941,-1.1670076847076416,0.01052259374409914,0.8347812294960022,0.09125661849975586,0.10522593557834625,0.9503819346427917,82,easy,6.415920972824097
-0.2182282954454422,-0.21870358288288116,0.00047528333379887044,0.8982936143875122,0.07448849827051163,0.004752833396196365,0.823054850101471,83,easy,6.478621482849121
-0.5724466443061829,-0.584786057472229,0.012339412234723568,0.8451510071754456,0.07813894748687744,0.12339411675930023,0.8230549097061157,84,easy,6.551484823226929
0.2209547460079193,0.21904024481773376,0.0019145023543387651,0.8538990020751953,0.03559960797429085,0.019145023077726364,0.9503819346427917,85,easy,6.6202263832092285
-0.6236591935157776,-0.6262905597686768,0.0026313778944313526,0.8958899974822998,0.04458341374993324,0.02631377801299095,0.950381875038147,86,easy,6.690587282180786
-0.2667000889778137,-0.2778453230857849,0.011145222000777721,0.5406091213226318,0.3572278618812561,0.11145222187042236,0.8230547308921814,87,easy,6.767127752304077
-0.6862032413482666,-0.7085928916931152,0.022389665246009827,0.7391816973686218,0.13077738881111145,0.22389665246009827,0.8230547308921814,88,easy,6.834842920303345
-1.8958630561828613,-1.9053632020950317,0.009500096552073956,0.849003255367279,0.08217263221740723,0.09500095993280411,0.9503819346427917,89,easy,6.893186330795288
-0.11988520622253418,-0.12071219831705093,0.0008269898826256394,0.8556415438652039,0.10242896527051926,0.00826989859342575,0.823054850101471,90,easy,6.963387727737427
-0.04697388410568237,-0.05382585525512695,0.006851972546428442,0.711096465587616,0.1866714358329773,0.068519726395607,0.9503817558288574,91,easy,7.0378804206848145
-0.6526827812194824,-0.6557153463363647,0.0030325904954224825,0.8021047711372375,0.13573767244815826,0.030325904488563538,0.950381875038147,92,easy,7.110607624053955
-0.7034921646118164,-0.705018162727356,0.001526002655737102,0.9321684241294861,0.0429670549929142,0.01526002585887909,0.9503819346427917,93,easy,7.180393934249878
-0.27717724442481995,-0.2841414213180542,0.006964182015508413,0.5932321548461914,0.37435382604599,0.06964182108640671,0.8230549693107605,94,easy,7.249208211898804
0.23117691278457642,0.22788134217262268,0.003295574802905321,0.8288368582725525,0.13222961127758026,0.03295574709773064,0.823054850101471,95,easy,7.315406084060669
-0.5244598984718323,-0.5296241044998169,0.005164184607565403,0.7585390210151672,0.12352839857339859,0.05164184421300888,0.8230549097061157,96,easy,7.381295919418335
-0.5373535752296448,-0.5547909736633301,0.017437411472201347,0.5647919178009033,0.348436564207077,0.17437410354614258,0.823054850101471,97,easy,7.454767465591431
-0.376213937997818,-0.37968000769615173,0.0034660701639950275,0.7123090028762817,0.14234504103660583,0.0346607007086277,0.950381875038147,98,easy,7.528776407241821
-1.2181956768035889,-1.2245005369186401,0.006304902024567127,0.7926604747772217,0.1395866870880127,0.06304901838302612,0.9503816962242126,99,easy,7.596004247665405
-0.5531742572784424,-0.5602719783782959,0.007097731810063124,0.735633134841919,0.14037901163101196,0.07097731530666351,0.8230549097061157,100,easy,7.668896198272705
-0.6895801424980164,-0.6951749324798584,0.005594763904809952,0.8108318448066711,0.14685358107089996,0.05594763904809952,0.9503818154335022,101,easy,7.740750312805176
-0.4808851182460785,-0.48403728008270264,0.0031521625351160765,0.6797447204589844,0.4029742479324341,0.03152162581682205,0.8230549097061157,102,easy,7.813395261764526
-0.7110691666603088,-0.7130878567695618,0.002018708735704422,0.901050329208374,0.03986268863081932,0.02018708735704422,0.950381875038147,103,easy,7.881629943847656
-0.5359163284301758,-0.5375398397445679,0.0016234975773841143,0.8151094317436218,0.10880658775568008,0.016234975308179855,0.9503819346427917,104,easy,7.949268102645874
-0.3954593539237976,-0.3985911011695862,0.0031317323446273804,0.8637343645095825,0.07587627321481705,0.031317323446273804,0.950381875038147,105,easy,8.015821695327759
0.028151949867606163,0.024524271488189697,0.0036276790779083967,0.5506329536437988,0.3693234324455261,0.036276791244745255,0.6720215082168579,106,easy,8.08035659790039
-0.4482992887496948,-0.45103123784065247,0.002731957705691457,0.6544812321662903,0.3910520672798157,0.02731957659125328,0.823054850101471,107,easy,8.149994611740112
-0.16373935341835022,-0.16890449821949005,0.0051651387475430965,0.5603669285774231,0.34623217582702637,0.05165138840675354,0.8230549097061157,108,easy,8.218236207962036
-0.33099985122680664,-0.33308225870132446,0.002082409802824259,0.7907067537307739,0.18043214082717896,0.020824097096920013,0.9503818154335022,109,easy,8.286675214767456
-0.5939295887947083,-0.5944517850875854,0.0005222048494033515,0.8825771808624268,0.06754211336374283,0.005222048610448837,0.950381875038147,110,easy,8.35192584991455
-0.4419264793395996,-0.4539804458618164,0.012053976766765118,0.6642643213272095,0.3915087580680847,0.12053976953029633,0.8230549693107605,111,easy,8.423337697982788
-0.15392760932445526,-0.17085957527160645,0.016931969672441483,0.7251031994819641,0.21975715458393097,0.16931968927383423,0.9503818154335022,112,easy,8.487115621566772
-0.36147642135620117,-0.3658914566040039,0.004415023606270552,0.8450785875320435,0.07182220369577408,0.04415023699402809,0.9503819942474365,113,easy,8.557848930358887
-0.9844339489936829,-0.9864588975906372,0.0020249781664460897,0.7817607522010803,0.12376125901937485,0.020249780267477036,0.9503819346427917,114,easy,8.627310991287231
-0.14559409022331238,-0.15829642117023468,0.012702330015599728,0.8247056007385254,0.08196988701820374,0.12702329456806183,0.950381875038147,115,easy,8.697961568832397
0.17993105947971344,0.1770644336938858,0.002866629511117935,0.6639596223831177,0.3967058062553406,0.028666295111179352,0.8230549097061157,116,easy,8.763942003250122
-0.22396320104599,-0.23577681183815002,0.011813608929514885,0.7589538097381592,0.19921807944774628,0.11813608556985855,0.823054850101471,117,easy,8.8360595703125
-1.4614415168762207,-1.4681178331375122,0.006676308810710907,0.8316996097564697,0.1311165690422058,0.06676308810710907,0.9503819346427917,118,easy,8.906969547271729
-0.5043384432792664,-0.5059700608253479,0.001631613471545279,0.7314083576202393,0.17439858615398407,0.016316134482622147,0.9503819346427917,119,easy,8.981033563613892
-0.6780669093132019,-0.6820210218429565,0.0039541046135127544,0.7609953880310059,0.19300977885723114,0.03954104706645012,0.9503819346427917,120,easy,9.047575235366821
-0.33865272998809814,-0.343217670917511,0.00456492742523551,0.8670492172241211,0.10927198082208633,0.045649271458387375,0.8230547308921814,121,easy,9.119309663772583
-0.3848925232887268,-0.3913800120353699,0.0064874738454818726,0.5222781300544739,0.33406195044517517,0.06487473845481873,0.8230549097061157,122,easy,9.184503316879272
-0.9320756793022156,-0.9329759478569031,0.0009002555161714554,0.899097204208374,0.07253652811050415,0.009002555161714554,0.823054850101471,123,easy,9.250084400177002
-0.2313627451658249,-0.23232918977737427,0.0009664450190030038,0.8480059504508972,0.12698742747306824,0.009664449840784073,0.9503819346427917,124,easy,9.316829204559326
-0.9600687623023987,-0.9916588068008423,0.03159003332257271,0.8323047161102295,0.10132255405187607,0.3159003257751465,0.9503819346427917,125,easy,9.387706995010376
0.002436505164951086,-0.0049505531787872314,0.0073870583437383175,0.709952712059021,0.13079629838466644,0.07387058436870575,0.9503818154335022,126,easy,9.45608139038086
0.061792682856321335,0.05454903841018677,0.007243643049150705,0.7241856455802917,0.17576564848423004,0.07243642956018448,0.9503817558288574,127,easy,9.529991388320923
-0.07390302419662476,-0.08722692728042603,0.013323900289833546,0.7583057284355164,0.11377493292093277,0.1332390010356903,0.950381875038147,128,easy,9.602972507476807
-1.0871151685714722,-1.0976506471633911,0.010535459034144878,0.7152686715126038,0.17881064116954803,0.10535459220409393,0.9503817558288574,129,easy,9.668680667877197
-0.8942710757255554,-0.9007145166397095,0.006443440914154053,0.8128247857093811,0.10293319821357727,0.06443440914154053,0.950381875038147,130,easy,9.735327005386353
-1.3495826721191406,-1.3947093486785889,0.045126672834157944,0.8763359785079956,0.06531050056219101,0.45126670598983765,0.9503819346427917,131,easy,9.802762746810913
-0.37274762988090515,-0.37537306547164917,0.0026254449039697647,0.8080189824104309,0.13920223712921143,0.026254449039697647,0.9503819346427917,132,easy,9.868430852890015
-1.598970651626587,-1.642632246017456,0.043661560863256454,0.8726949691772461,0.062398407608270645,0.43661561608314514,0.9503819346427917,133,easy,9.933236598968506
-0.3819456696510315,-0.38766956329345703,0.005723889451473951,0.780719518661499,0.10799410194158554,0.05723889172077179,0.950381875038147,134,easy,10.00960922241211
0.211009219288826,0.205314040184021,0.005695173051208258,0.746719241142273,0.1420774757862091,0.05695173144340515,0.950381875038147,135,easy,10.076611280441284
-0.6485020518302917,-0.658943235874176,0.010441211052238941,0.8097639083862305,0.17389053106307983,0.10441210865974426,0.950381875038147,136,easy,10.145544290542603
-0.5724257826805115,-0.575027585029602,0.002601796528324485,0.8796748518943787,0.06804411113262177,0.026017963886260986,0.9503819346427917,137,easy,10.212182998657227
-0.8968347311019897,-0.9131535291671753,0.01631881110370159,0.7696519494056702,0.16370385885238647,0.16318809986114502,0.950381875038147,138,easy,10.286296129226685
-0.6211975812911987,-0.6327449083328247,0.011547304689884186,0.782292902469635,0.13981501758098602,0.11547304689884186,0.9503819346427917,139,easy,10.361117839813232
-0.6818931102752686,-0.7149839401245117,0.03309080749750137,0.6964289546012878,0.4096028506755829,0.33090806007385254,0.8230549097061157,140,easy,10.434345245361328
-0.24745023250579834,-0.3185376822948456,0.07108745723962784,0.6074117422103882,0.3672651946544647,0.7108745574951172,0.823054850101471,141,easy,10.505394458770752
-0.33968213200569153,-0.38828790187835693,0.048605777323246,0.739435613155365,0.21973370015621185,0.48605775833129883,0.950381875038147,142,easy,10.575759887695312
-0.16173958778381348,-0.4513833224773407,0.2896437346935272,0.8292464017868042,0.09427991509437561,2.896437406539917,0.9503819346427917,143,easy,10.64580225944519
0.017733048647642136,-0.028919339179992676,0.04665238782763481,0.6066354513168335,0.3643365800380707,0.4665238857269287,0.823054850101471,144,easy,10.724277973175049
-0.5520303249359131,-0.563086211681366,0.011055870912969112,0.8802934885025024,0.0726533904671669,0.11055870354175568,0.9503819346427917,145,easy,10.789854526519775
-0.48011085391044617,-0.4827045500278473,0.0025936891324818134,0.8400446176528931,0.12018168717622757,0.02593689039349556,0.823054850101471,146,easy,10.854062795639038
0.22952544689178467,0.21373718976974487,0.015788262709975243,0.5262753963470459,0.3147013187408447,0.15788261592388153,0.8230547904968262,147,easy,10.927863836288452
-0.8204006552696228,-0.8260869979858398,0.005686362739652395,0.8800122737884521,0.06236240267753601,0.05686362832784653,0.9503819346427917,148,easy,10.991785287857056
0.05900920182466507,0.0392841100692749,0.019725089892745018,0.5954262614250183,0.370650976896286,0.19725090265274048,0.6720215082168579,149,easy,11.063902139663696
-0.795627236366272,-0.8046596646308899,0.00903245061635971,0.8430955410003662,0.11265044659376144,0.0903245061635971,0.950381875038147,150,easy,11.12983775138855
-0.3565288186073303,-0.38063621520996094,0.024107391014695168,0.490803599357605,0.3556514382362366,0.24107390642166138,0.823054850101471,151,easy,11.195169687271118
-1.0780738592147827,-1.0871914625167847,0.009117555804550648,0.77583909034729,0.10706473141908646,0.09117555618286133,0.9503818154335022,152,easy,11.264102935791016
-0.7913469076156616,-0.7998470067977905,0.008500078693032265,0.899182915687561,0.0707523375749588,0.08500078320503235,0.9503819346427917,153,easy,11.333030700683594
-0.2502959072589874,-0.25303030014038086,0.002734389854595065,0.7838735580444336,0.12841610610485077,0.02734389901161194,0.9503817558288574,154,easy,11.402125358581543
-0.2877728343009949,-0.2935744524002075,0.005801608320325613,0.8563268780708313,0.05332549661397934,0.058016084134578705,0.9503819346427917,155,easy,11.466967105865479
-0.8014853000640869,-0.8263842463493347,0.02489895187318325,0.8257145881652832,0.11192894726991653,0.2489895075559616,0.9503819346427917,156,easy,11.536102771759033
-0.41486626863479614,-0.4436238408088684,0.028757575899362564,0.4057706892490387,0.4162297248840332,0.28757575154304504,0.6720214486122131,157,easy,11.607622861862183
-0.3767470717430115,-0.40542536973953247,0.0286782868206501,0.8010470271110535,0.20045843720436096,0.2867828607559204,0.8230547904968262,158,easy,11.67549180984497
-0.44641944766044617,-0.5567882061004639,0.1103687509894371,0.837637722492218,0.08305809646844864,1.1036875247955322,0.950381875038147,159,easy,11.740478754043579
-0.3248262405395508,-0.3364720344543457,0.011645808815956116,0.7410144209861755,0.1770395189523697,0.11645808815956116,0.950381875038147,160,easy,11.810030460357666
-0.6625372767448425,-0.6643592715263367,0.0018219839548692107,0.788616418838501,0.14019156992435455,0.01821983978152275,0.950381875038147,161,easy,11.883372783660889
-0.45167189836502075,-0.4566829800605774,0.00501107657328248,0.7953169345855713,0.17780359089374542,0.05011076480150223,0.9503819346427917,162,easy,11.950016736984253
-0.7854421138763428,-0.7891672849655151,0.0037251953035593033,0.801399827003479,0.08332053571939468,0.03725195303559303,0.950381875038147,163,easy,12.019803285598755
-0.937141478061676,-0.9555410742759705,0.01839957945048809,0.7071627974510193,0.11745555698871613,0.18399578332901,0.9503819346427917,164,easy,12.089715242385864
-0.04601532965898514,-0.054784953594207764,0.008769625797867775,0.7755022048950195,0.12540008127689362,0.08769625425338745,0.9503818154335022,165,easy,12.16446566581726
-0.1377996802330017,-0.1411404311656952,0.0033407581504434347,0.6378313899040222,0.25366488099098206,0.033407580107450485,0.950381875038147,166,easy,12.236813306808472
-0.6994890570640564,-0.7085701823234558,0.009081117808818817,0.6719967126846313,0.18865463137626648,0.09081117808818817,0.950381875038147,167,easy,12.303879261016846
-0.7185196280479431,-0.7244943380355835,0.005974737927317619,0.7974603772163391,0.0775257796049118,0.05974737927317619,0.9503818154335022,168,easy,12.37300729751587
0.17477858066558838,0.15567225217819214,0.01910632662475109,0.49579954147338867,0.31464889645576477,0.19106325507164001,0.8230549693107605,169,easy,12.446094036102295
-0.43606099486351013,-0.44548898935317993,0.009427989833056927,0.8261663317680359,0.09615989774465561,0.09427990019321442,0.9503819346427917,170,easy,12.51402997970581
-0.5837004780769348,-0.5873154401779175,0.0036149416118860245,0.7808240056037903,0.12012556940317154,0.036149416118860245,0.950381875038147,171,easy,12.580557584762573
-0.5593212842941284,-0.5662206411361694,0.0068993703462183475,0.8469151258468628,0.08936994522809982,0.0689937025308609,0.950381875038147,172,easy,12.648926734924316
-0.6141895651817322,-0.6164054274559021,0.002215860178694129,0.8839776515960693,0.04928199201822281,0.022158600389957428,0.950381875038147,173,easy,12.718047857284546
-0.1538698375225067,-0.1733919382095337,0.01952209323644638,0.5949212312698364,0.35542625188827515,0.1952209323644638,0.8230549097061157,174,easy,12.785704135894775
-0.2962300777435303,-0.33882278203964233,0.042592715471982956,0.6372478604316711,0.38856077194213867,0.42592713236808777,0.823054850101471,175,easy,12.861093759536743
-0.30378177762031555,-0.3109360337257385,0.007154254708439112,0.8648899793624878,0.1552286446094513,0.07154254615306854,0.8230547904968262,176,easy,12.926646709442139
-1.0216315984725952,-1.0269062519073486,0.005274666473269463,0.8974225521087646,0.07461252063512802,0.052746664732694626,0.8230549097061157,177,easy,12.990627527236938
-0.32772332429885864,-0.39165785908699036,0.06393454223871231,0.9298559427261353,0.061349887400865555,0.6393454074859619,0.8230549097061157,178,easy,13.06066632270813
-0.7793766856193542,-0.8135744333267212,0.03419774770736694,0.855887770652771,0.14838334918022156,0.34197747707366943,0.823054850101471,179,easy,13.131672382354736
-0.5360494256019592,-0.5403332114219666,0.004283771850168705,0.859088659286499,0.08739278465509415,0.0428377166390419,0.9503819346427917,180,easy,13.19563603401184
-0.6497179865837097,-0.6517101526260376,0.0019921374041587114,0.8835585117340088,0.06134910136461258,0.019921373575925827,0.950381875038147,181,easy,13.270701885223389
-0.29911279678344727,-0.3004320561885834,0.0013192534679546952,0.8301568627357483,0.06261897832155228,0.013192534446716309,0.8230549097061157,182,easy,13.338136196136475
-0.5803771018981934,-0.5858432650566101,0.005466159898787737,0.734795093536377,0.218214213848114,0.054661598056554794,0.9503817558288574,183,easy,13.409553050994873
-0.22910098731517792,-0.23745357990264893,0.00835258886218071,0.7500721216201782,0.14156174659729004,0.0835258886218071,0.9503821134567261,184,easy,13.48317551612854
-0.2542533874511719,-0.26302775740623474,0.00877438485622406,0.6599509119987488,0.1520286500453949,0.0877438485622406,0.9503816962242126,185,easy,13.55702257156372
-0.9443536996841431,-0.9719389081001282,0.0275852233171463,0.7912304401397705,0.23128940165042877,0.275852233171463,0.9503817558288574,186,easy,13.63013744354248
-0.4853435158729553,-0.4965241551399231,0.011180643923580647,0.8498128652572632,0.06107339262962341,0.11180643737316132,0.950381875038147,187,easy,13.69698691368103
-0.17829954624176025,-0.1803416907787323,0.0020421412773430347,0.803567111492157,0.09091013669967651,0.020421411842107773,0.9503819346427917,188,easy,13.767273426055908
-0.9241141080856323,-0.9686822891235352,0.04456819221377373,0.8514422178268433,0.05343671515583992,0.44568192958831787,0.950381875038147,189,easy,13.838977813720703
-0.04847109317779541,-0.07174348831176758,0.023272395133972168,0.6534514427185059,0.284511923789978,0.23272395133972168,0.9503818154335022,190,easy,13.914852857589722
-0.06782323867082596,-0.08266478776931763,0.014841548167169094,0.5447854995727539,0.26898670196533203,0.1484154760837555,0.9503817558288574,191,easy,13.989755392074585
-0.8178302645683289,-0.8227301836013794,0.004899892490357161,0.9065636992454529,0.07358281314373016,0.04899892210960388,0.9503818154335022,192,easy,14.06132984161377
-0.3880343735218048,-0.39269569516181946,0.004661314655095339,0.8368659019470215,0.08753319829702377,0.046613145619630814,0.9503819346427917,193,easy,14.13001823425293
-0.7171359658241272,-0.7183705568313599,0.0012345884460955858,0.9092279076576233,0.044060997664928436,0.012345883995294571,0.950381875038147,194,easy,14.199601411819458
-0.6646764874458313,-0.6713894605636597,0.006712994072586298,0.8455413579940796,0.1086573526263237,0.0671299397945404,0.9503818154335022,195,easy,14.266400575637817
-0.24336978793144226,-0.24684426188468933,0.0034744800068438053,0.8023685812950134,0.08781656622886658,0.03474479913711548,0.9503819346427917,196,easy,14.337859630584717
-0.4202270805835724,-0.43738630414009094,0.01715921424329281,0.6353124380111694,0.19695793092250824,0.17159214615821838,0.9503818154335022,197,easy,14.40629243850708
-0.1807311773300171,-0.19840410351753235,0.017672931775450706,0.7983437776565552,0.121993787586689,0.17672932147979736,0.950381875038147,198,easy,14.47642731666565
-0.3001328110694885,-0.30302780866622925,0.002895007375627756,0.833837628364563,0.13929861783981323,0.028950072824954987,0.6720215082168579,199,easy,14.540563344955444
-0.0861223116517067,-0.08867877721786499,0.0025564644020050764,0.8778742551803589,0.09181812405586243,0.02556464448571205,0.823054850101471,200,easy,14.604787826538086
-0.2663251459598541,-0.2746327817440033,0.008307638578116894,0.803911030292511,0.10251230746507645,0.08307638764381409,0.9503819346427917,201,easy,14.670520782470703
-0.9094049334526062,-0.9176405668258667,0.008235635235905647,0.8193373680114746,0.1167289987206459,0.08235634863376617,0.8230547904968262,202,easy,14.74212908744812
-0.24858848750591278,-0.2533062696456909,0.004717783536761999,0.8132488131523132,0.05713927000761032,0.04717783257365227,0.9503819346427917,203,easy,14.81475043296814
-0.630673885345459,-0.6410554647445679,0.010381549596786499,0.8593574166297913,0.0868161991238594,0.10381549596786499,0.950381875038147,204,easy,14.884074687957764
-0.7746827006340027,-0.7835388779640198,0.008856202475726604,0.724924623966217,0.42598435282707214,0.0885620266199112,0.6720215082168579,205,easy,14.948569297790527
0.26414668560028076,0.21895956993103027,0.045187126845121384,0.7029193043708801,0.19866356253623962,0.45187127590179443,0.9503816962242126,206,easy,15.032860279083252
-0.6261294484138489,-0.6345840096473694,0.008454544469714165,0.8893024325370789,0.05755862221121788,0.08454544097185135,0.950381875038147,207,easy,15.10192060470581
-0.40389078855514526,-0.41530168056488037,0.01141088455915451,0.8398193120956421,0.1507197916507721,0.1141088455915451,0.8230549097061157,208,easy,15.164989948272705
0.4439803659915924,0.4147881269454956,0.029192227870225906,0.8596183061599731,0.048603128641843796,0.29192227125167847,0.9503819346427917,209,easy,15.23457646369934
-0.9017983078956604,-0.9049336314201355,0.0031353195663541555,0.8446015119552612,0.05025644227862358,0.031353194266557693,0.9503819346427917,210,easy,15.301885843276978
-0.37054377794265747,-0.37423714995384216,0.0036933869123458862,0.7695491909980774,0.1540926694869995,0.03693386912345886,0.9503818154335022,211,easy,15.372227668762207
-0.34434974193573,-0.3539236783981323,0.00957394577562809,0.6180314421653748,0.3877730667591095,0.0957394540309906,0.823054850101471,212,easy,15.446338176727295
0.0016963351517915726,-0.008346617221832275,0.010042952373623848,0.640580415725708,0.38226550817489624,0.10042952001094818,0.8230549097061157,213,easy,15.517985820770264
-0.15909816324710846,-0.16226495802402496,0.0031667996663600206,0.7798768281936646,0.06592859327793121,0.03166799619793892,0.950381875038147,214,easy,15.585293769836426
-0.4648028016090393,-0.4779735207557678,0.013170725665986538,0.8329943418502808,0.1467689722776413,0.13170725107192993,0.8230549097061157,215,easy,15.650360822677612
-1.0353294610977173,-1.037710428237915,0.002381006721407175,0.9288250207901001,0.040688708424568176,0.023810066282749176,0.9503819346427917,216,easy,15.718494653701782
-0.3056890368461609,-0.31620627641677856,0.0105172423645854,0.8208866715431213,0.11668229103088379,0.10517242550849915,0.950381875038147,217,easy,15.783200979232788
-0.28016799688339233,-0.2852810025215149,0.0051130084320902824,0.7157012820243835,0.1899939775466919,0.051130082458257675,0.950381875038147,218,easy,15.855767488479614
-1.3213590383529663,-1.3464237451553345,0.02506467141211033,0.78728848695755,0.06283947825431824,0.250646710395813,0.9503819346427917,219,easy,15.921093225479126
-0.5688473582267761,-0.601487398147583,0.03264005482196808,0.7948077917098999,0.13375341892242432,0.3264005482196808,0.9503819346427917,220,easy,15.990264654159546
-0.3340934216976166,-0.3418126106262207,0.007719202432781458,0.8590543270111084,0.05534875765442848,0.077192023396492,0.950381875038147,221,easy,16.057241439819336
-0.37542450428009033,-0.416903018951416,0.04147852212190628,0.837570071220398,0.20611122250556946,0.4147852063179016,0.823054850101471,222,easy,16.12082314491272
-1.1034613847732544,-1.1116999387741089,0.008238541893661022,0.9049881100654602,0.0729675367474556,0.08238541334867477,0.950381875038147,223,easy,16.186034679412842
0.028448499739170074,-0.04112362861633301,0.06957212835550308,0.5957932472229004,0.3548109531402588,0.6957212686538696,0.823054850101471,224,easy,16.256866931915283
-0.3983985483646393,-0.4082377851009369,0.009839237667620182,0.7836676836013794,0.11585436761379242,0.09839237481355667,0.9503819942474365,225,easy,16.327792167663574
0.010402228683233261,-0.0434260368347168,0.05382826551795006,0.7752390503883362,0.20878824591636658,0.5382826328277588,0.9503818154335022,226,easy,16.39645528793335
-0.3616551160812378,-0.3648694157600403,0.0032142915297299623,0.8233076333999634,0.1406099945306778,0.032142914831638336,0.9503819346427917,227,easy,16.463602304458618
-0.9376751184463501,-0.9615573287010193,0.02388220839202404,0.7927415370941162,0.16336587071418762,0.2388220727443695,0.9503816366195679,228,easy,16.535717487335205
-0.682853102684021,-0.7038794755935669,0.02102639712393284,0.8729525208473206,0.07159771770238876,0.21026396751403809,0.9503819346427917,229,easy,16.60265302658081
-1.326815128326416,-1.3359194993972778,0.009104311466217041,0.7586531639099121,0.1614273637533188,0.09104311466217041,0.950381875038147,230,easy,16.668247938156128
0.017542541027069092,0.005273282527923584,0.012269258499145508,0.7668383121490479,0.06954246759414673,0.12269258499145508,0.9503819346427917,231,easy,16.734235763549805
-1.571029782295227,-1.5845658779144287,0.013536050915718079,0.8824915289878845,0.07421804964542389,0.1353605091571808,0.9503819346427917,232,easy,16.798086166381836
-0.06597808003425598,-0.08655953407287598,0.020581455901265144,0.7910516262054443,0.08752264082431793,0.20581455528736115,0.9503819346427917,233,easy,16.869357109069824
-0.8660223484039307,-0.8742048740386963,0.00818250235170126,0.8461523056030273,0.12299781292676926,0.08182502537965775,0.9503819346427917,234,easy,16.93687343597412
-0.2190176248550415,-0.2314070165157318,0.012389399111270905,0.7891166806221008,0.20378562808036804,0.12389399111270905,0.8230549097061157,235,easy,17.008476972579956
-0.6457610726356506,-0.6534937620162964,0.007732660509645939,0.9059610962867737,0.05168268457055092,0.07732660323381424,0.950381875038147,236,easy,17.072882652282715
-0.6398047804832458,-0.6937988996505737,0.05399409681558609,0.6647777557373047,0.25707700848579407,0.5399409532546997,0.9503817558288574,237,easy,17.14698553085327
-0.4931393563747406,-0.5509437322616577,0.05780438333749771,0.6576445698738098,0.13458527624607086,0.5780438184738159,0.9503819346427917,238,easy,17.215378046035767
-0.7917206883430481,-0.8163663148880005,0.02464563213288784,0.7841612696647644,0.16879898309707642,0.2464563101530075,0.950381875038147,239,easy,17.289212465286255
-0.19744667410850525,-0.20503555238246918,0.007588873151689768,0.8143160343170166,0.07742199301719666,0.0758887305855751,0.9503818154335022,240,easy,17.35947871208191
-0.9294288754463196,-0.9431816935539246,0.013752805069088936,0.857333779335022,0.08179135620594025,0.13752804696559906,0.9503817558288574,241,easy,17.423596620559692
-0.9692779183387756,-0.979745626449585,0.010467682965099812,0.8872008323669434,0.09063400328159332,0.10467682778835297,0.8230549097061157,242,easy,17.488431930541992
-0.9741793870925903,-1.010450839996338,0.03627143055200577,0.9035369157791138,0.08905081450939178,0.3627142906188965,0.823054850101471,243,easy,17.556981325149536
-0.2188996821641922,-0.2685084342956543,0.049608755856752396,0.6722760200500488,0.39528942108154297,0.49608755111694336,0.8230549097061157,244,easy,17.62683653831482
-1.136104702949524,-1.1970489025115967,0.06094422936439514,0.605681300163269,0.3594088852405548,0.6094422936439514,0.823054850101471,245,easy,17.69688844680786
-0.130033940076828,-0.1327599585056305,0.002726024715229869,0.7670342326164246,0.17284362018108368,0.027260247617959976,0.950381875038147,246,easy,17.761659145355225
-0.4409223198890686,-0.4617375433444977,0.02081523835659027,0.7561756372451782,0.1560598611831665,0.2081523835659027,0.9503819346427917,247,easy,17.829298734664917
-0.6097149848937988,-0.6158795952796936,0.00616460433229804,0.810160219669342,0.0897349864244461,0.06164604425430298,0.950381875038147,248,easy,17.873768091201782
-0.7300959825515747,-0.7392385005950928,0.009142494760453701,0.6553072929382324,0.3917147219181061,0.09142494201660156,0.8230549097061157,249,easy,17.9413480758667
-0.9571100473403931,-0.9820895195007324,0.024979468435049057,0.8797812461853027,0.05129355564713478,0.24979467689990997,0.9503819346427917,250,easy,18.00785803794861
-0.35634249448776245,-0.3865349292755127,0.03019244782626629,0.6911371946334839,0.1467667520046234,0.301924467086792,0.950381875038147,251,easy,18.0713791847229
-0.0990690141916275,-0.1200069785118103,0.0209379643201828,0.6312391757965088,0.1968173384666443,0.209379643201828,0.9503817558288574,252,easy,18.145504236221313
-0.7552639842033386,-0.7687331438064575,0.013469132594764233,0.8340636491775513,0.09659092128276825,0.13469132781028748,0.9503818154335022,253,easy,18.213295221328735
-0.3801383078098297,-0.3896596431732178,0.009521327912807465,0.7273066639900208,0.13088782131671906,0.09521327912807465,0.950381875038147,254,easy,18.282658576965332
-0.04296724498271942,-0.07854712009429932,0.035579875111579895,0.7408751249313354,0.1839626133441925,0.35579875111579895,0.9503818154335022,255,easy,18.358391761779785
-0.5787855386734009,-0.6394358277320862,0.0606503002345562,0.6905440092086792,0.16223543882369995,0.6065030097961426,0.9503819942474365,256,easy,18.42598295211792
-0.27129849791526794,-0.28006771206855774,0.008769218809902668,0.7870653867721558,0.09258996695280075,0.08769218623638153,0.9503819346427917,257,easy,18.4943585395813
-0.6473155617713928,-0.7020103335380554,0.05469479039311409,0.7501420974731445,0.21952565014362335,0.5469478964805603,0.950381875038147,258,easy,18.568840742111206
-0.07566871494054794,-0.17701423168182373,0.10134551674127579,0.8151071667671204,0.14045338332653046,1.0134551525115967,0.9503819346427917,259,easy,18.641987562179565
-1.0091136693954468,-2.1987907886505127,1.189677119255066,0.7379587292671204,0.264560729265213,11.896771430969238,0.9503818154335022,260,easy,18.70563292503357
-1.03219735622406,-1.1030528545379639,0.07085555046796799,0.7827286720275879,0.22413989901542664,0.7085554599761963,0.9503819346427917,261,easy,18.776578903198242
-0.6353713274002075,-0.6440595388412476,0.008688238449394703,0.7948634624481201,0.06096751242876053,0.08688238263130188,0.9503818154335022,262,easy,18.84203577041626
-1.2650445699691772,-1.3368183374404907,0.0717737153172493,0.9079144597053528,0.05933229997754097,0.7177371382713318,0.950381875038147,263,easy,18.913984537124634
-0.7944258451461792,-0.8280496597290039,0.03362381458282471,0.8806069493293762,0.07097045332193375,0.33623814582824707,0.9503819346427917,264,easy,18.982784748077393
0.017220517620444298,-0.010595738887786865,0.027816256508231163,0.8105118274688721,0.17669622600078583,0.27816256880760193,0.9503818154335022,265,easy,19.049622058868408
-0.32152512669563293,-0.34090492129325867,0.01937979832291603,0.8481700420379639,0.06985481083393097,0.1937979757785797,0.950381875038147,266,easy,19.12190866470337
-0.21331438422203064,-0.2604380249977112,0.047123637050390244,0.6650697588920593,0.2926522195339203,0.47123634815216064,0.8230546712875366,267,easy,19.193761587142944
-1.1524200439453125,-1.1773878335952759,0.02496776357293129,0.741685688495636,0.23330475389957428,0.2496776282787323,0.950381875038147,268,easy,19.257599592208862
-0.9246033430099487,-0.9423430562019348,0.017739716917276382,0.7283724546432495,0.2110145390033722,0.17739716172218323,0.950381875038147,269,easy,19.320983171463013
-0.41807815432548523,-0.42788276076316833,0.009804613888263702,0.8283746242523193,0.04554126784205437,0.09804613888263702,0.9503819346427917,270,easy,19.387368202209473
-0.7124491333961487,-0.7327285408973694,0.020279383286833763,0.8132298588752747,0.07253281772136688,0.20279383659362793,0.950381875038147,271,easy,19.458494901657104
-0.6475863456726074,-0.6556370854377747,0.008050739765167236,0.7068946361541748,0.13853633403778076,0.08050739765167236,0.9503817558288574,272,easy,19.532955646514893
-0.14457258582115173,-0.173404261469841,0.02883167378604412,0.727570652961731,0.09208503365516663,0.2883167266845703,0.9503819346427917,273,easy,19.603687524795532
-1.35819411277771,-1.3693445920944214,0.01115043368190527,0.9056602716445923,0.06816685199737549,0.11150433123111725,0.8230549097061157,274,easy,19.672207593917847
-0.2510371804237366,-0.28241509199142456,0.031377922743558884,0.8136513233184814,0.1612796038389206,0.31377923488616943,0.823054850101471,275,easy,19.74331784248352
-0.3172411620616913,-0.34367650747299194,0.026435334235429764,0.8727135062217712,0.04844479635357857,0.26435333490371704,0.950381875038147,276,easy,19.81170392036438
-1.006681203842163,-1.0104236602783203,0.003742427099496126,0.9365276098251343,0.03150586411356926,0.03742427006363869,0.9503819346427917,277,easy,19.8768789768219
0.004953574389219284,-0.04208850860595703,0.047042082995176315,0.521040678024292,0.3627641797065735,0.47042080760002136,0.8230547308921814,278,easy,19.954380750656128
-0.8360984325408936,-0.8662523627281189,0.03015395812690258,0.834316074848175,0.1484048217535019,0.3015395700931549,0.9503818154335022,279,easy,20.024719953536987
-0.3431043028831482,-0.348466694355011,0.005362388677895069,0.8112695813179016,0.07902844250202179,0.05362388491630554,0.9503819346427917,280,easy,20.096494913101196
-0.4118112623691559,-0.4295726418495178,0.017761370167136192,0.7445031404495239,0.11546695232391357,0.17761370539665222,0.950381875038147,281,easy,20.167775869369507
-0.34711048007011414,-0.3566668629646301,0.00955637451261282,0.8714104890823364,0.07274816185235977,0.09556374698877335,0.9503817558288574,282,easy,20.233377933502197
-0.19451884925365448,-0.19682276248931885,0.0023039064835757017,0.8717501163482666,0.0710671991109848,0.023039065301418304,0.9503819346427917,283,easy,20.29693293571472
-0.5930407047271729,-0.6524627208709717,0.059422027319669724,0.8796951174736023,0.08036679029464722,0.5942202806472778,0.9503818154335022,284,easy,20.362173557281494
-0.7960909008979797,-0.8169520497322083,0.02086116187274456,0.7792730927467346,0.17986351251602173,0.2086116224527359,0.950381875038147,285,easy,20.428857564926147
-1.022271990776062,-1.0357757806777954,0.01350373961031437,0.8224830627441406,0.12492901086807251,0.1350373923778534,0.9503819346427917,286,easy,20.498947620391846
-1.0106735229492188,-1.0178686380386353,0.007195104844868183,0.8033204078674316,0.11934027820825577,0.07195104658603668,0.950381875038147,287,easy,20.568145275115967
-0.5631311535835266,-0.5683242082595825,0.005193027667701244,0.8850070238113403,0.06746196746826172,0.051930274814367294,0.9503819346427917,288,easy,20.637282848358154
-0.7947994470596313,-0.8234177827835083,0.028618348762392998,0.8365572094917297,0.08197128772735596,0.2861834764480591,0.9503818154335022,289,easy,20.70279026031494
0.06657209992408752,0.034718915820121765,0.03185318782925606,0.5506235957145691,0.3370988667011261,0.31853187084198,0.8230549097061157,290,easy,20.77113676071167
-0.2784990966320038,-0.30177927017211914,0.023280182853341103,0.7162994146347046,0.13081048429012299,0.23280182480812073,0.9503817558288574,291,easy,20.83879804611206
-0.09457004070281982,-0.09822586178779602,0.003655818058177829,0.8050341010093689,0.12996934354305267,0.036558181047439575,0.950381875038147,292,easy,20.90895986557007
-0.14731545746326447,-0.17504048347473145,0.02772502601146698,0.7638567090034485,0.08531611412763596,0.2772502601146698,0.950381875038147,293,easy,20.9783718585968
-1.0852971076965332,-1.126206398010254,0.040909312665462494,0.8392499685287476,0.16469892859458923,0.40909311175346375,0.950381875038147,294,easy,21.04374623298645
-0.6494143605232239,-0.6760560870170593,0.026641741394996643,0.7627610564231873,0.1798982322216034,0.26641741394996643,0.9503819346427917,295,easy,21.11154079437256
-0.5384009480476379,-0.5549625754356384,0.016561610624194145,0.9089579582214355,0.05006861686706543,0.16561609506607056,0.950381875038147,296,easy,21.180112600326538
-0.32296857237815857,-0.35623154044151306,0.033262964338064194,0.7141907811164856,0.1776803433895111,0.33262965083122253,0.950381875038147,297,easy,21.246257543563843
-0.2060958296060562,-0.2250843346118927,0.018988503143191338,0.621718168258667,0.3716839849948883,0.18988502025604248,0.823054850101471,298,easy,21.312191009521484
-0.7810859680175781,-0.8739769458770752,0.09289097785949707,0.7909641265869141,0.16827012598514557,0.9289097785949707,0.9503821134567261,299,easy,21.380568981170654
-0.3416540324687958,-0.357887864112854,0.01623382791876793,0.818962812423706,0.06914661079645157,0.1623382717370987,0.9503819346427917,300,easy,21.45514178276062
-0.11705437302589417,-0.1289154589176178,0.011861084960401058,0.8947879672050476,0.0679439976811409,0.11861084401607513,0.6720214486122131,301,easy,21.52368927001953
-0.2515650689601898,-0.34161388874053955,0.09004882723093033,0.6661685705184937,0.17997673153877258,0.9004882574081421,0.9503816962242126,302,easy,21.601600885391235
-0.5320317149162292,-0.6575300693511963,0.12549835443496704,0.6407197117805481,0.3913399577140808,1.2549835443496704,0.6720215082168579,303,easy,21.66700530052185
-0.7428848147392273,-0.7860055565834045,0.04312075302004814,0.7549030184745789,0.16273929178714752,0.4312075078487396,0.9503818154335022,304,easy,21.73431086540222
-0.0062995534390211105,-0.027301087975502014,0.021001534536480904,0.8311232328414917,0.15740303695201874,0.21001534163951874,0.950381875038147,305,easy,21.804611682891846
-0.959808886051178,-0.9688089489936829,0.009000054560601711,0.8095980882644653,0.14233319461345673,0.09000054001808167,0.950381875038147,306,easy,21.876241207122803
-1.2083182334899902,-1.3008449077606201,0.09252668172121048,0.5713602900505066,0.3880053162574768,0.9252668023109436,0.823054850101471,307,easy,21.945035219192505
-0.04302005469799042,-0.04667265713214874,0.003652603132650256,0.907302737236023,0.0627676472067833,0.03652603179216385,0.823054850101471,308,easy,22.01437997817993
-0.422728955745697,-0.4692702889442444,0.04654134809970856,0.8322681188583374,0.10338327288627625,0.46541348099708557,0.9503819346427917,309,easy,22.080612897872925
-2.0817601680755615,-2.116046905517578,0.034286774694919586,0.8567370772361755,0.06788017600774765,0.34286773204803467,0.9503819346427917,310,easy,22.150936126708984
-0.1687101274728775,-0.174578458070755,0.005868325941264629,0.7710928320884705,0.14375554025173187,0.058683257550001144,0.9503816962242126,311,easy,22.220218658447266
-0.7314240336418152,-0.7548365592956543,0.02341252937912941,0.6363004446029663,0.3770923316478729,0.2341252863407135,0.8230549097061157,312,easy,22.283932209014893
-0.8290092945098877,-0.836377739906311,0.007368460297584534,0.8490817546844482,0.09845444560050964,0.07368460297584534,0.9503819346427917,313,easy,22.35060977935791
-1.5176045894622803,-1.6004383563995361,0.08283381164073944,0.8058950901031494,0.12003257870674133,0.828338086605072,0.9503819346427917,314,easy,22.41569209098816
-0.5534192323684692,-0.5576267838478088,0.00420754961669445,0.8760444521903992,0.07719879597425461,0.042075496166944504,0.950381875038147,315,easy,22.482094287872314
-0.5251233577728271,-0.5553877949714661,0.030264442786574364,0.7632483839988708,0.13132129609584808,0.30264443159103394,0.9503819346427917,316,easy,22.554688453674316
-1.340827226638794,-1.4544000625610352,0.1135728508234024,0.7314813733100891,0.22964933514595032,1.1357284784317017,0.9503818154335022,317,easy,22.61712384223938
-0.6116535663604736,-0.6275417804718018,0.015888236463069916,0.6076189875602722,0.37850695848464966,0.15888236463069916,0.823054850101471,318,easy,22.683462619781494
-0.03652103990316391,-0.06828102469444275,0.03175998479127884,0.6591233611106873,0.40450650453567505,0.3175998330116272,0.6720213890075684,319,easy,22.754531145095825
-0.8857336044311523,-0.8916686773300171,0.005935071501880884,0.8889368176460266,0.08059350401163101,0.05935071408748627,0.950381875038147,320,easy,22.82504391670227
-0.04949542507529259,-0.08611005544662476,0.03661463037133217,0.4479253888130188,0.3242301642894745,0.3661462962627411,0.823054850101471,321,easy,22.89568305015564
-0.8615611791610718,-0.9161019325256348,0.05454077199101448,0.737062931060791,0.18536408245563507,0.5454077124595642,0.950381875038147,322,easy,22.966922283172607
-0.2629379630088806,-0.2704727351665497,0.007534760516136885,0.899034857749939,0.04331301152706146,0.07534760236740112,0.9503818154335022,323,easy,23.034488916397095
0.06888341158628464,0.05035114288330078,0.018532266840338707,0.8938247561454773,0.073879174888134,0.18532265722751617,0.823054850101471,324,easy,23.105018377304077
-0.46370968222618103,-0.4795442223548889,0.01583453081548214,0.5350754261016846,0.34977278113365173,0.1583452969789505,0.823054850101471,325,easy,23.171552658081055
-0.6474876999855042,-0.6598278284072876,0.012340147979557514,0.8163122534751892,0.1375100314617157,0.12340147793292999,0.950381875038147,326,easy,23.2377986907959
-1.3488065004348755,-1.3922009468078613,0.04339446872472763,0.8791733980178833,0.05292968079447746,0.4339446723461151,0.9503819346427917,327,easy,23.307440757751465
-0.21143555641174316,-0.2196677327156067,0.008232171647250652,0.7781702876091003,0.11007522791624069,0.08232171088457108,0.950381875038147,328,easy,23.37546443939209
0.010552257299423218,-0.026123523712158203,0.03667578101158142,0.6601275205612183,0.11509793996810913,0.3667578101158142,0.9503818154335022,329,easy,23.44415593147278
-0.46034497022628784,-0.49068790674209595,0.030342942103743553,0.8485268354415894,0.08359836041927338,0.30342942476272583,0.950381875038147,330,easy,23.507580757141113
-0.667449951171875,-0.6776590347290039,0.010209097526967525,0.6921480298042297,0.4106854796409607,0.10209096968173981,0.6720214486122131,331,easy,23.572022199630737
-0.1689571589231491,-0.18298494815826416,0.014027795754373074,0.7938885688781738,0.13940738141536713,0.1402779519557953,0.8230549097061157,332,easy,23.639813661575317
-0.24685144424438477,-0.2725062966346741,0.025654856115579605,0.628727912902832,0.37314388155937195,0.25654855370521545,0.8230549097061157,333,easy,23.711101055145264
-0.06273166090250015,-0.0991191416978836,0.03638748079538345,0.640597939491272,0.20279160141944885,0.36387479305267334,0.9503818154335022,334,easy,23.778730869293213
-0.6714704036712646,-0.6804574131965637,0.008986989967525005,0.7938229441642761,0.07523338496685028,0.0898698940873146,0.9503819346427917,335,easy,23.840405225753784
-0.2526918351650238,-0.25605708360671997,0.0033652428537607193,0.7522459626197815,0.1538546085357666,0.03365242853760719,0.9503819346427917,336,easy,23.909273862838745
-0.7113727927207947,-0.7411959171295166,0.02982312999665737,0.9026625156402588,0.04436855390667915,0.298231303691864,0.9503819346427917,337,easy,23.97748589515686
-1.2934373617172241,-1.390632152557373,0.09719479084014893,0.6638424396514893,0.3924122750759125,0.9719479084014893,0.8230549097061157,338,easy,24.046313285827637
-0.2561626434326172,-0.29649627208709717,0.04033362865447998,0.6554579734802246,0.3958698809146881,0.4033362865447998,0.6720214486122131,339,easy,24.115751028060913
-0.46533653140068054,-0.47070616483688354,0.005369642283767462,0.8278483152389526,0.056232672184705734,0.05369642376899719,0.9503819346427917,340,easy,24.187238693237305
-0.7730442881584167,-0.8106999397277832,0.03765563666820526,0.7563629746437073,0.12460711598396301,0.3765563666820526,0.950381875038147,341,easy,24.251222133636475
-0.6844884157180786,-0.6926295757293701,0.008141139522194862,0.8311206698417664,0.08467169851064682,0.08141139149665833,0.950381875038147,342,easy,24.3176109790802
-0.07630015909671783,-0.10650694370269775,0.03020678274333477,0.702130138874054,0.07726121693849564,0.3020678162574768,0.950381875038147,343,easy,24.39360213279724
-0.29078781604766846,-0.302458256483078,0.011670428328216076,0.774358868598938,0.12755106389522552,0.11670428514480591,0.9503817558288574,344,easy,24.464184284210205
-1.0412811040878296,-1.2346806526184082,0.19339953362941742,0.8059402108192444,0.1638469249010086,1.933995246887207,0.9503817558288574,345,easy,24.534392595291138
-0.7942670583724976,-0.8126801252365112,0.018413057550787926,0.9110221862792969,0.03598299250006676,0.18413057923316956,0.8230549097061157,346,easy,24.605689525604248
0.015031928196549416,-0.015037894248962402,0.030069822445511818,0.7660102844238281,0.08992389589548111,0.3006982207298279,0.950381875038147,347,easy,24.677556037902832
-0.18279482424259186,-0.1993417888879776,0.016546960920095444,0.8197364807128906,0.1764993965625763,0.16546960175037384,0.823054850101471,348,easy,24.743125438690186
-1.2677369117736816,-1.3899502754211426,0.12221334129571915,0.8462115526199341,0.1388053596019745,1.2221333980560303,0.950381875038147,349,easy,24.81284260749817
-0.27836981415748596,-0.29175400733947754,0.013384192250669003,0.7747997045516968,0.19758503139019012,0.13384191691875458,0.823054850101471,350,easy,24.877013206481934
-0.25683578848838806,-0.2681252956390381,0.01128951832652092,0.839805006980896,0.05792459100484848,0.1128951832652092,0.950381875038147,351,easy,24.95147132873535
-0.15267236530780792,-0.35432493686676025,0.20165257155895233,0.7640172243118286,0.10625586658716202,2.0165257453918457,0.950381875038147,352,easy,25.023524045944214
-0.6349085569381714,-0.6536996364593506,0.01879110373556614,0.8850248456001282,0.0463205948472023,0.1879110336303711,0.9503819346427917,353,easy,25.090076446533203
0.1633477658033371,0.10433459281921387,0.05901317670941353,0.5687309503555298,0.18184098601341248,0.5901317596435547,0.950381875038147,354,easy,25.166354179382324
0.10268217325210571,0.08592593669891357,0.01675623469054699,0.7150982618331909,0.17884117364883423,0.167562335729599,0.950381875038147,355,easy,25.23612928390503
-0.36518627405166626,-0.4346344470977783,0.06944818794727325,0.8201985955238342,0.19092734158039093,0.6944818496704102,0.9503818154335022,356,easy,25.30803155899048
-0.309314101934433,-0.3338668644428253,0.02455275133252144,0.779845654964447,0.11712319403886795,0.2455275058746338,0.950381875038147,357,easy,25.37611699104309
-0.8902939558029175,-0.9077446460723877,0.017450714483857155,0.877894937992096,0.08393999189138412,0.17450714111328125,0.9503819942474365,358,easy,25.44356679916382
-0.04657925292849541,-0.05138625204563141,0.004807000048458576,0.8028396964073181,0.13362926244735718,0.04806999862194061,0.9503818154335022,359,easy,25.513550519943237
-0.7628827691078186,-0.9371537566184998,0.17427097260951996,0.7843078374862671,0.19403450191020966,1.7427096366882324,0.950381875038147,360,easy,25.580816984176636
-0.5771161317825317,-0.73423171043396,0.15711556375026703,0.6789900064468384,0.4000777304172516,1.5711555480957031,0.8230549097061157,361,easy,25.652337789535522
0.05768734961748123,0.03826802968978882,0.019419318065047264,0.8085285425186157,0.12206908315420151,0.19419318437576294,0.950381875038147,362,easy,25.718435049057007
-0.2243870198726654,-0.22825519740581512,0.0038681786973029375,0.91898113489151,0.06517011672258377,0.03868178650736809,0.8230549097061157,363,easy,25.78756070137024
0.18947994709014893,0.10865285992622375,0.08082708716392517,0.819177508354187,0.11582622677087784,0.8082708716392517,0.8230547904968262,364,easy,25.85972309112549
-0.8805665373802185,-0.9383378028869629,0.05777124688029289,0.8931670784950256,0.057613104581832886,0.5777124762535095,0.9503819346427917,365,easy,25.93030047416687
-0.32115840911865234,-0.3393328785896301,0.01817445643246174,0.7906219959259033,0.13819032907485962,0.1817445605993271,0.950381875038147,366,easy,26.000194787979126
-0.27280566096305847,-0.28963467478752136,0.01682901568710804,0.7605252861976624,0.19501344859600067,0.1682901531457901,0.8230547308921814,367,easy,26.063574075698853
-0.6701560616493225,-0.6785544157028198,0.008398368954658508,0.8219542503356934,0.1518714278936386,0.08398368954658508,0.823054850101471,368,easy,26.13336944580078
-0.3308477997779846,-0.3649349808692932,0.03408719226717949,0.8391402363777161,0.14906546473503113,0.3408719301223755,0.9503819346427917,369,easy,26.200221061706543
-0.39846134185791016,-0.43115612864494324,0.032694797962903976,0.6450040340423584,0.17909492552280426,0.32694798707962036,0.950381875038147,370,easy,26.27659559249878
-0.06824348866939545,-0.08264853060245514,0.014405044727027416,0.8182560801506042,0.16501982510089874,0.1440504491329193,0.950381875038147,371,easy,26.349562644958496
0.12435270845890045,0.0915384292602539,0.03281427547335625,0.44006791710853577,0.44842347502708435,0.32814276218414307,0.6720214486122131,372,easy,26.416847467422485
-0.3240269422531128,-0.35702335834503174,0.03299640491604805,0.5399592518806458,0.3922387659549713,0.3299640417098999,0.8230547308921814,373,easy,26.489800930023193
-0.28027090430259705,-0.3149908483028412,0.03471994400024414,0.8630906939506531,0.0450935922563076,0.3471994400024414,0.950381875038147,374,easy,26.563743114471436
-0.5440853238105774,-0.5582451224327087,0.014159810729324818,0.8267500996589661,0.09202833473682404,0.14159810543060303,0.9503819346427917,375,easy,26.628999948501587
0.060125112533569336,0.03460073471069336,0.025524377822875977,0.7158200740814209,0.12607406079769135,0.25524377822875977,0.950381875038147,376,easy,26.69842028617859
0.008680306375026703,-0.09628814458847046,0.10496845096349716,0.7041463851928711,0.2003861367702484,1.0496845245361328,0.9503817558288574,377,easy,26.774826526641846
0.08227097243070602,0.056235283613204956,0.026035690680146217,0.790344774723053,0.15857620537281036,0.2603569030761719,0.823054850101471,378,easy,26.846943855285645
-1.8984767198562622,-1.9073351621627808,0.008858426474034786,0.8877955675125122,0.05435111001133919,0.08858425915241241,0.9503819346427917,379,easy,26.911047220230103
0.3586699366569519,0.3023453950881958,0.05632453039288521,0.8184986710548401,0.1262824684381485,0.5632452964782715,0.950381875038147,380,easy,26.9771888256073
-0.41521814465522766,-0.442158579826355,0.02694043330848217,0.8253409266471863,0.08314798027276993,0.2694043219089508,0.9503819942474365,381,easy,27.040390014648438
-0.30625393986701965,-0.33872485160827637,0.032470911741256714,0.8899213075637817,0.0523664765059948,0.32470911741256714,0.950381875038147,382,easy,27.108407258987427
-0.5962110161781311,-0.6112197637557983,0.015008729882538319,0.8249183893203735,0.076310895383358,0.15008729696273804,0.9503819942474365,383,easy,27.172125339508057
-0.36010509729385376,-0.36814454197883606,0.0080394446849823,0.8152443170547485,0.09651550650596619,0.080394446849823,0.9503819346427917,384,easy,27.234442234039307
-0.31755393743515015,-0.3280186057090759,0.010464655235409737,0.8285797238349915,0.05231302231550217,0.10464654862880707,0.8230549097061157,385,easy,27.2995285987854
-0.8529862761497498,-0.8776247501373291,0.024638498201966286,0.8040391802787781,0.12047171592712402,0.24638497829437256,0.950381875038147,386,easy,27.363122940063477
-0.964453399181366,-0.9805881381034851,0.0161347147077322,0.9087002277374268,0.06048807129263878,0.1613471359014511,0.950381875038147,387,easy,27.428280115127563
-1.0463346242904663,-1.0648566484451294,0.01852201111614704,0.798208475112915,0.10967467725276947,0.18522010743618011,0.9503819346427917,388,easy,27.49315118789673
-0.5410692691802979,-0.5618912577629089,0.02082197181880474,0.7947123050689697,0.12020308524370193,0.2082197070121765,0.9503820538520813,389,easy,27.56036686897278
0.05998511239886284,0.014956474304199219,0.04502863809466362,0.5935812592506409,0.27080628275871277,0.4502863585948944,0.9503817558288574,390,easy,27.63185405731201
-0.3822336494922638,-0.4134671092033386,0.031233448535203934,0.7586196660995483,0.10836219042539597,0.31233447790145874,0.9503817558288574,391,easy,27.694463968276978
-1.4401824474334717,-1.6498547792434692,0.20967236161231995,0.8380675315856934,0.14884261786937714,2.0967235565185547,0.950381875038147,392,easy,27.75909113883972
-0.49242645502090454,-0.6373707056045532,0.14494426548480988,0.8037123680114746,0.1114925667643547,1.4494426250457764,0.9503819346427917,393,easy,27.83174729347229
-0.24224641919136047,-0.2608858048915863,0.01863938570022583,0.8161500692367554,0.12097417563199997,0.1863938570022583,0.950381875038147,394,easy,27.90293312072754
-0.8849125504493713,-0.9496536254882812,0.06474108248949051,0.9377868175506592,0.05352088809013367,0.6474108099937439,0.8230549097061157,395,easy,27.970754146575928
-0.15825873613357544,-0.1598547250032425,0.0015959825832396746,0.8690856695175171,0.0896935760974884,0.01595982536673546,0.8230549097061157,396,easy,28.036062479019165
-0.4152812063694,-0.4241201877593994,0.008838988840579987,0.9321727752685547,0.05425268039107323,0.08838988840579987,0.8230549097061157,397,easy,28.100133180618286
-0.7086147665977478,-0.9539614915847778,0.24534673988819122,0.6029545068740845,0.3656037747859955,2.45346736907959,0.823054850101471,398,easy,28.17255997657776
-0.7837036848068237,-0.7960824370384216,0.01237876433879137,0.9260515570640564,0.06765047460794449,0.12378764152526855,0.823054850101471,399,easy,28.242396593093872
-0.9938952922821045,-1.0429315567016602,0.04903627559542656,0.8347875475883484,0.11393123120069504,0.4903627634048462,0.9503818154335022,400,easy,28.303784132003784
-0.5083531141281128,-0.5424359440803528,0.034082818776369095,0.7058225870132446,0.22224006056785583,0.34082818031311035,0.9503817558288574,401,easy,28.372869968414307
-0.05064134672284126,-0.08783507347106934,0.03719372674822807,0.6314966082572937,0.17288248240947723,0.37193727493286133,0.8230547904968262,402,easy,28.44369077682495
-1.0300041437149048,-1.064511775970459,0.03450765833258629,0.7519538402557373,0.13564661145210266,0.3450765609741211,0.9503819346427917,403,easy,28.511708974838257
-0.372429221868515,-0.4104601740837097,0.0380309633910656,0.8272129893302917,0.14807580411434174,0.3803096413612366,0.950381875038147,404,easy,28.57939338684082
-0.6888499855995178,-0.724205732345581,0.03535577282309532,0.8581146597862244,0.0677730068564415,0.3535577058792114,0.9503819346427917,405,easy,28.649237871170044
-0.6305679678916931,-0.6673533916473389,0.03678540512919426,0.8766405582427979,0.08483287692070007,0.3678540587425232,0.823054850101471,406,easy,28.713214874267578
-0.4584024250507355,-0.4643576443195343,0.005955204833298922,0.8520432114601135,0.07954861968755722,0.05955204740166664,0.9503819346427917,407,easy,28.786519765853882
-0.023066099733114243,-0.05769878625869751,0.03463268652558327,0.7795373201370239,0.141606867313385,0.3463268578052521,0.9503817558288574,408,easy,28.858205556869507
-0.25854307413101196,-0.2640637755393982,0.005520714446902275,0.817895233631134,0.21686364710330963,0.05520714446902275,0.9503816962242126,409,easy,28.93108820915222
-1.2413161993026733,-1.362957239151001,0.12164103984832764,0.8175103664398193,0.15441875159740448,1.2164103984832764,0.9503819346427917,410,easy,28.998831033706665
-0.618654191493988,-0.6553696393966675,0.03671543672680855,0.8287034034729004,0.17617267370224,0.3671543598175049,0.950381875038147,411,easy,29.064393758773804
-0.6767499446868896,-0.6894700527191162,0.012720132246613503,0.9054092764854431,0.06296402961015701,0.12720131874084473,0.9503819346427917,412,easy,29.13498067855835
-0.1507008671760559,-0.15881216526031494,0.008111300878226757,0.7277196049690247,0.08538858592510223,0.08111301064491272,0.9503819346427917,413,easy,29.198237419128418
-0.44963008165359497,-0.48458370566368103,0.034953635185956955,0.7128859758377075,0.2046804279088974,0.34953632950782776,0.9503816962242126,414,easy,29.265487670898438
-0.28051045536994934,-0.28607386350631714,0.005563399754464626,0.7879731059074402,0.06083068996667862,0.055633995682001114,0.9503819346427917,415,easy,29.335654973983765
-0.09191715717315674,-0.15855330228805542,0.06663614511489868,0.6657956838607788,0.13975581526756287,0.6663614511489868,0.9503817558288574,416,easy,29.406676292419434
0.029486682265996933,-0.010506518185138702,0.039993200451135635,0.7596439123153687,0.1368049532175064,0.39993199706077576,0.950381875038147,417,easy,29.47403335571289
-0.18148541450500488,-0.29716014862060547,0.11567473411560059,0.726965069770813,0.24281522631645203,1.1567473411560059,0.9503814578056335,418,easy,29.548842906951904
0.03163696825504303,0.012498736381530762,0.019138231873512268,0.6830059885978699,0.11259612441062927,0.19138231873512268,0.9503818154335022,419,easy,29.61069416999817
-0.13702517747879028,-0.17102916538715363,0.03400399163365364,0.5232734680175781,0.3417688012123108,0.3400399088859558,0.8230549097061157,420,easy,29.680768728256226
-1.4526957273483276,-1.51056969165802,0.057873934507369995,0.8618965148925781,0.07435046136379242,0.5787393450737,0.950381875038147,421,easy,29.74967074394226
-0.11106948554515839,-0.1653423309326172,0.0542728491127491,0.689190685749054,0.20822297036647797,0.5427284836769104,0.9503817558288574,422,easy,29.824983835220337
-0.36177340149879456,-0.3803309202194214,0.018557509407401085,0.879745602607727,0.0780714899301529,0.18557509779930115,0.950381875038147,423,easy,29.89511251449585
-0.8700518012046814,-1.0630594491958618,0.1930076628923416,0.9066342711448669,0.0520743653178215,1.9300765991210938,0.9503819346427917,424,easy,29.964364051818848
-0.832088053226471,-0.8709424138069153,0.03885435685515404,0.8237114548683167,0.10090605914592743,0.38854357600212097,0.950381875038147,425,easy,30.031869173049927
-0.5091581344604492,-0.541909396648407,0.032751280814409256,0.8650705814361572,0.10079631954431534,0.32751280069351196,0.950381875038147,426,easy,30.10534405708313
-0.3181208372116089,-0.33982449769973755,0.021703651174902916,0.8237961530685425,0.08039595931768417,0.21703651547431946,0.950381875038147,427,easy,30.171810150146484
-0.8635184168815613,-0.8733620643615723,0.009843661449849606,0.8296858072280884,0.1347413808107376,0.09843660891056061,0.9503817558288574,428,easy,30.2377986907959
-0.8263307809829712,-0.8754217028617859,0.0490909218788147,0.6451060175895691,0.3861023783683777,0.490909218788147,0.8230549097061157,429,easy,30.311851739883423
-0.5406432747840881,-0.6765785217285156,0.1359352320432663,0.7222306132316589,0.1323973387479782,1.3593522310256958,0.950381875038147,430,easy,30.38054132461548
-0.5990042686462402,-0.7769157886505127,0.17791154980659485,0.6141945123672485,0.3739352226257324,1.7791154384613037,0.823054850101471,431,easy,30.454795122146606
-1.0915974378585815,-1.1327581405639648,0.04116065427660942,0.885709822177887,0.04416223242878914,0.4116065204143524,0.9503819346427917,432,easy,30.520567178726196
-0.6406335234642029,-0.649782657623291,0.009149140678346157,0.6540994048118591,0.40008580684661865,0.09149140119552612,0.6720215082168579,433,easy,30.585052013397217
-0.7929301261901855,-0.8565934896469116,0.06366334855556488,0.7394139766693115,0.14577588438987732,0.6366334557533264,0.9503819346427917,434,easy,30.65073561668396
0.37655025720596313,0.29489362239837646,0.08165664225816727,0.7028896808624268,0.41432544589042664,0.8165664076805115,0.6720214486122131,435,easy,30.724345207214355
-0.22222231328487396,-0.2574830651283264,0.035260748118162155,0.466206431388855,0.4738525450229645,0.35260748863220215,0.6720215082168579,436,easy,30.79347825050354
-0.09994824230670929,-0.12290851771831512,0.022960271686315536,0.707624077796936,0.27245810627937317,0.22960270941257477,0.8230547308921814,437,easy,30.863951206207275
-0.9105042815208435,-0.940523087978363,0.030018797144293785,0.8497606515884399,0.09338590502738953,0.30018797516822815,0.950381875038147,438,easy,30.929441690444946
-0.6639673709869385,-0.7110381126403809,0.04707077145576477,0.8895606994628906,0.08858337253332138,0.4707077145576477,0.8230549097061157,439,easy,30.99849557876587
-0.2655848562717438,-0.2900237739086151,0.024438926950097084,0.6868885159492493,0.40539050102233887,0.24438926577568054,0.8230549097061157,440,easy,31.067276000976562
-0.30194172263145447,-0.3248724937438965,0.022930771112442017,0.8043947815895081,0.1267077773809433,0.22930771112442017,0.9503819346427917,441,easy,31.137205362319946
-0.10633227974176407,-0.12298063933849335,0.016648361459374428,0.837931215763092,0.1089203953742981,0.16648361086845398,0.950381875038147,442,easy,31.207704544067383
-0.40662482380867004,-0.41888105869293213,0.012256228365004063,0.8849669098854065,0.060367416590452194,0.12256228178739548,0.9503819346427917,443,easy,31.278756141662598
-0.540584146976471,-0.5579249858856201,0.01734085939824581,0.9218073487281799,0.06317583471536636,0.17340858280658722,0.823054850101471,444,easy,31.34818196296692
0.118865467607975,0.0934295654296875,0.025435900315642357,0.6194010376930237,0.18508224189281464,0.25435900688171387,0.950381875038147,445,easy,31.425255060195923
-0.14321951568126678,-0.17013061046600342,0.026911098510026932,0.5188652276992798,0.34245336055755615,0.2691109776496887,0.8230550289154053,446,easy,31.493337392807007
-0.16114011406898499,-0.16883869469165802,0.007698577828705311,0.8861011266708374,0.07561475783586502,0.07698577642440796,0.8230549097061157,447,easy,31.55709433555603
-0.8649903535842896,-0.888392984867096,0.02340262196958065,0.6732805967330933,0.1683511584997177,0.2340262085199356,0.9503818154335022,448,easy,31.623676776885986
-0.5315675139427185,-0.5766962170600891,0.04512869194149971,0.7754432559013367,0.16331833600997925,0.4512869119644165,0.950381875038147,449,easy,31.687590837478638
-0.41082894802093506,-0.4181344509124756,0.007305508945137262,0.8020011186599731,0.1211804524064064,0.07305508852005005,0.9503819942474365,450,easy,31.75350022315979
-0.3406199812889099,-0.3626725673675537,0.022052571177482605,0.7146718502044678,0.13665138185024261,0.22052571177482605,0.9503816962242126,451,easy,31.820167064666748
-0.6504385471343994,-0.671375572681427,0.02093702368438244,0.728933572769165,0.2679855227470398,0.2093702256679535,0.9503818154335022,452,easy,31.886632919311523
-0.6307748556137085,-0.6677033305168152,0.036928486078977585,0.8149011731147766,0.08823245018720627,0.36928486824035645,0.9503819346427917,453,easy,31.95505380630493
-0.8108405470848083,-0.8145297765731812,0.003689229255542159,0.9549430012702942,0.03389768674969673,0.03689229115843773,0.8230549097061157,454,easy,32.0233416557312
-0.20089778304100037,-0.23760436475276947,0.036706581711769104,0.7019845247268677,0.41343259811401367,0.36706581711769104,0.823054850101471,455,easy,32.09223031997681
-0.03249078243970871,-0.07600826025009155,0.04351747781038284,0.605922281742096,0.1737220287322998,0.43517476320266724,0.950381875038147,456,easy,32.162421464920044
-0.8289071917533875,-0.8364768624305725,0.007569648325443268,0.8855801820755005,0.05123726651072502,0.07569648325443268,0.950381875038147,457,easy,32.228370904922485
-0.8865742683410645,-0.901831865310669,0.015257609076797962,0.9017246961593628,0.03824169188737869,0.15257608890533447,0.950381875038147,458,easy,32.29753756523132
-1.6145702600479126,-1.716793179512024,0.1022229716181755,0.8633521199226379,0.08815732598304749,1.0222296714782715,0.9503819346427917,459,easy,32.36621403694153
-0.30630844831466675,-0.326257586479187,0.01994914747774601,0.7730854749679565,0.15457665920257568,0.1994914710521698,0.950381875038147,460,easy,32.43813490867615
-0.3660370111465454,-0.43478909134864807,0.06875206530094147,0.8107627630233765,0.1085883304476738,0.6875206232070923,0.9503819346427917,461,easy,32.50535011291504
-0.43512144684791565,-0.4716092348098755,0.036487799137830734,0.5552014708518982,0.3520452678203583,0.36487796902656555,0.6720214486122131,462,easy,32.57763409614563
-0.10001011192798615,-0.3491339683532715,0.24912385642528534,0.6130953431129456,0.16853086650371552,2.491238594055176,0.950381875038147,463,easy,32.6594717502594
0.1996564269065857,0.11277402192354202,0.08688240498304367,0.6751442551612854,0.4138147234916687,0.8688240051269531,0.6720215082168579,464,easy,32.724905490875244
-0.37766578793525696,-0.37881314754486084,0.001147348782978952,0.9388661980628967,0.045214809477329254,0.011473488062620163,0.823054850101471,465,easy,32.79344153404236
0.032502129673957825,-0.0118790864944458,0.044381216168403625,0.7310475707054138,0.17438764870166779,0.44381216168403625,0.9503816962242126,466,easy,32.867472648620605
-0.6059626936912537,-0.6320618391036987,0.026099134236574173,0.67939293384552,0.40197235345840454,0.26099133491516113,0.823054850101471,467,easy,32.93907642364502
-1.2391741275787354,-1.2438286542892456,0.00465448247268796,0.8842406272888184,0.05670549347996712,0.04654482379555702,0.9503819346427917,468,easy,33.00853133201599
-0.18093717098236084,-0.26012036204338074,0.0791831985116005,0.6517451405525208,0.39378622174263,0.7918319702148438,0.6720215082168579,469,easy,33.07388186454773
-0.2681543231010437,-0.2986638844013214,0.030509566888213158,0.7722257375717163,0.2302352339029312,0.3050956726074219,0.9503816962242126,470,easy,33.14337229728699
-0.06420733779668808,-0.07426530122756958,0.010057962499558926,0.6826655864715576,0.4060942530632019,0.1005796268582344,0.6720215678215027,471,easy,33.208311319351196
-0.3992365896701813,-0.43507564067840576,0.03583905100822449,0.8119733333587646,0.13289053738117218,0.3583905100822449,0.9503819346427917,472,easy,33.27673363685608
0.039926014840602875,0.0018465518951416016,0.03807946294546127,0.6659395098686218,0.15893340110778809,0.38079461455345154,0.9503818154335022,473,easy,33.34338974952698
-0.8152939677238464,-0.8460703492164612,0.03077637031674385,0.8230272531509399,0.11944006383419037,0.3077636957168579,0.950381875038147,474,easy,33.41582775115967
-0.41721969842910767,-0.4655609428882599,0.04834125563502312,0.7935975193977356,0.18313069641590118,0.48341256380081177,0.8230549097061157,475,easy,33.48856019973755
-0.5344699025154114,-0.5510393381118774,0.016569409519433975,0.817591667175293,0.14900952577590942,0.16569408774375916,0.9503817558288574,476,easy,33.5594687461853
-1.6127748489379883,-1.6922566890716553,0.0794818326830864,0.8432172536849976,0.1709199845790863,0.7948183417320251,0.950381875038147,477,easy,33.623684883117676
-0.35538384318351746,-0.36806708574295044,0.012683236971497536,0.7919276356697083,0.16575303673744202,0.12683236598968506,0.950381875038147,478,easy,33.6898672580719
-0.6098544597625732,-0.6690956950187683,0.05924120545387268,0.738608181476593,0.054357126355171204,0.5924120545387268,0.9503819942474365,479,easy,33.76329588890076
-1.4600673913955688,-1.6562697887420654,0.1962023675441742,0.801459014415741,0.22568409144878387,1.9620236158370972,0.823054850101471,480,easy,33.826725482940674
-0.1975715160369873,-0.2353338599205017,0.037762340158224106,0.8234635591506958,0.039524149149656296,0.37762337923049927,0.8230549097061157,481,easy,33.896517515182495
-0.6834660768508911,-0.7094841599464417,0.026018057018518448,0.760101854801178,0.2139977365732193,0.2601805627346039,0.8230547308921814,482,easy,33.95985555648804
-0.6525657176971436,-0.663311243057251,0.010745517909526825,0.7795702219009399,0.23873405158519745,0.10745517909526825,0.9503818154335022,483,easy,34.03137421607971
-0.967401385307312,-1.0679762363433838,0.10057485103607178,0.8158931732177734,0.17344790697097778,1.0057485103607178,0.9503819346427917,484,easy,34.100871562957764
-0.3295891582965851,-0.4128583073616028,0.0832691416144371,0.665188729763031,0.24262133240699768,0.8326913714408875,0.950381875038147,485,easy,34.16828441619873
0.02427147887647152,0.007047414779663086,0.017224064096808434,0.7254835367202759,0.09815321117639542,0.17224062979221344,0.9503819346427917,486,easy,34.24005055427551
-1.153203010559082,-1.1762754917144775,0.023072494193911552,0.7958172559738159,0.11911141872406006,0.23072494566440582,0.950381875038147,487,easy,34.30942344665527
0.028650224208831787,-0.00040061771869659424,0.02905084192752838,0.7488541603088379,0.11840984970331192,0.2905084192752838,0.9503818154335022,488,easy,34.37950921058655
-0.7761282324790955,-0.8395209908485413,0.0633927583694458,0.8674595355987549,0.05307283625006676,0.633927583694458,0.9503819346427917,489,easy,34.44630575180054
-1.34486722946167,-1.3672070503234863,0.02233980782330036,0.8266403079032898,0.13224177062511444,0.22339807450771332,0.950381875038147,490,easy,34.50940823554993
-1.3133366107940674,-1.331283450126648,0.017946800217032433,0.8931756615638733,0.049640361219644547,0.17946800589561462,0.9503819346427917,491,easy,34.57781958580017
-0.372484028339386,-0.37980520725250244,0.007321176119148731,0.7725199460983276,0.19848772883415222,0.07321175932884216,0.823054850101471,492,easy,34.645517349243164
-0.8498401045799255,-0.9065799117088318,0.056739795953035355,0.804690420627594,0.10013222694396973,0.567397952079773,0.950381875038147,493,easy,34.709309577941895
-0.20859098434448242,-0.22718781232833862,0.018596822395920753,0.8769343495368958,0.11055982112884521,0.18596822023391724,0.950381875038147,494,easy,34.77494692802429
-0.9749931693077087,-1.0558757781982422,0.08088263124227524,0.8246636986732483,0.11002374440431595,0.8088263273239136,0.950381875038147,495,easy,34.84021735191345
-1.3747107982635498,-1.407144546508789,0.032433804124593735,0.7487761974334717,0.09544339030981064,0.32433801889419556,0.9503819346427917,496,easy,34.91061091423035
-0.4238107204437256,-0.46390143036842346,0.04009071737527847,0.8214884400367737,0.15192599594593048,0.40090715885162354,0.9503816962242126,497,easy,34.97797513008118
0.11775768548250198,0.09315137565135956,0.024606307968497276,0.7971073389053345,0.13062986731529236,0.24606308341026306,0.950381875038147,498,easy,35.04719090461731
-0.5129052996635437,-0.5294564962387085,0.016551202163100243,0.8287760019302368,0.08521710336208344,0.16551202535629272,0.9503819346427917,499,easy,35.11773657798767
-0.6258019208908081,-0.6560758352279663,0.03027389384806156,0.7730661630630493,0.21315792202949524,0.3027389347553253,0.9503816962242126,500,medium,35.19254446029663
-0.47542300820350647,-0.4885706901550293,0.013147673569619656,0.8882097005844116,0.04912584647536278,0.1314767301082611,0.950381875038147,501,medium,36.018412828445435
-0.6549487709999084,-0.7625737190246582,0.10762496292591095,0.37296923995018005,0.3845052421092987,1.076249599456787,0.6720213890075684,502,medium,36.15135216712952
-0.09525434672832489,-0.26290321350097656,0.16764886677265167,0.7708789110183716,0.19485624134540558,1.6764886379241943,0.9503816366195679,503,medium,36.2870831489563
-0.06108856201171875,-0.0912853479385376,0.0301967840641737,0.7347759008407593,0.07236640900373459,0.3019678294658661,0.950381875038147,504,medium,36.358758211135864
-0.25823161005973816,-0.33067262172698975,0.07244101166725159,0.7922075390815735,0.17195895314216614,0.7244101166725159,0.9503818154335022,505,medium,36.45961570739746
-0.44862091541290283,-0.46557584404945374,0.01695493422448635,0.7389385104179382,0.13833017647266388,0.1695493459701538,0.9503817558288574,506,medium,36.5770959854126
-1.0242748260498047,-1.191107988357544,0.16683319211006165,0.8860191106796265,0.05637943372130394,1.6683318614959717,0.9503819346427917,507,medium,36.694645404815674
-0.2921249568462372,-0.30422478914260864,0.01209982018917799,0.8188509941101074,0.0773148313164711,0.12099820375442505,0.9503819942474365,508,medium,36.771944761276245
-0.20066168904304504,-0.25144869089126587,0.05078700929880142,0.5611270666122437,0.34399929642677307,0.507870078086853,0.823054850101471,509,medium,36.87536597251892
0.21608591079711914,0.13908135890960693,0.07700454443693161,0.7771551012992859,0.11001273989677429,0.7700453996658325,0.950381875038147,510,medium,37.00060701370239
-0.19314104318618774,-0.28438669443130493,0.09124565124511719,0.7958329319953918,0.1745174527168274,0.9124565124511719,0.9503816962242126,511,medium,37.12848114967346
0.11727862060070038,-0.0199582576751709,0.13723687827587128,0.46367737650871277,0.4712141752243042,1.3723686933517456,0.6720215678215027,512,medium,37.26665163040161
0.17415109276771545,-0.054233118891716,0.22838421165943146,0.46826064586639404,0.4763784110546112,2.283842086791992,0.6720214486122131,513,medium,37.37187385559082
-0.04523918777704239,-0.11900138854980469,0.0737622007727623,0.668928861618042,0.14179855585098267,0.7376219630241394,0.823054850101471,514,medium,37.4579815864563
-0.3004243075847626,-0.3170057535171509,0.01658145897090435,0.7954733967781067,0.11374187469482422,0.1658145785331726,0.9503818154335022,515,medium,37.551809549331665
-0.03391844779253006,-0.12781983613967896,0.0939013883471489,0.7555407285690308,0.12156029045581818,0.9390138387680054,0.9503818154335022,516,medium,37.66301155090332
-0.4247603118419647,-0.4466826319694519,0.021922331303358078,0.8944880962371826,0.06574615836143494,0.21922330558300018,0.950381875038147,517,medium,37.77220821380615
-0.665116548538208,-0.7036045789718628,0.0384880006313324,0.8575257062911987,0.18483583629131317,0.384880006313324,0.8230549097061157,518,medium,37.86928033828735
0.37088799476623535,0.23419058322906494,0.13669739663600922,0.7612737417221069,0.19067661464214325,1.366973876953125,0.8230546116828918,519,medium,37.994659662246704
-0.1165047287940979,-0.13516846299171448,0.01866373047232628,0.8670901656150818,0.0909499078989029,0.1866372972726822,0.950381875038147,520,medium,38.116377115249634
-0.9596138000488281,-1.0421936511993408,0.08257987350225449,0.7052164673805237,0.2304820865392685,0.825798749923706,0.9503816366195679,521,medium,38.203510999679565
0.23491883277893066,0.20311081409454346,0.03180801868438721,0.679766058921814,0.08933056890964508,0.31808018684387207,0.9503818154335022,522,medium,38.287251234054565
-0.2628421485424042,-0.3277779817581177,0.0649358406662941,0.6062226295471191,0.3633449673652649,0.6493583917617798,0.823054850101471,523,medium,38.41290473937988
-1.2717455625534058,-1.3234758377075195,0.05173025652766228,0.6280139684677124,0.4666699469089508,0.5173025727272034,0.9503818154335022,524,medium,38.535215616226196
-0.22418054938316345,-0.257915735244751,0.033735182136297226,0.828269362449646,0.08426803350448608,0.33735179901123047,0.9503816962242126,525,medium,38.64086103439331
-0.6335583925247192,-0.6670585870742798,0.033500220626592636,0.814792275428772,0.09813721477985382,0.33500218391418457,0.9503818154335022,526,medium,38.77065920829773
-0.23014891147613525,-0.31317734718322754,0.08302842825651169,0.7468346953392029,0.17738357186317444,0.8302842378616333,0.9503816366195679,527,medium,38.864487409591675
-0.27370208501815796,-0.3208652138710022,0.047163136303424835,0.5339096188545227,0.37707945704460144,0.47163134813308716,0.8230547904968262,528,medium,38.93523645401001
0.08003389090299606,0.0613192617893219,0.018714627251029015,0.8123334646224976,0.08279035240411758,0.18714626133441925,0.9503819346427917,529,medium,39.036705017089844
-0.641502857208252,-0.7405949831008911,0.09909214079380035,0.8010722994804382,0.1211254894733429,0.9909213781356812,0.9503816366195679,530,medium,39.16833281517029
0.34118977189064026,0.19262003898620605,0.1485697329044342,0.6556859016418457,0.23807570338249207,1.4856972694396973,0.9503817558288574,531,medium,39.29342484474182
0.12052866816520691,-0.13986003398895264,0.26038870215415955,0.5134623050689697,0.35868677496910095,2.6038870811462402,0.8230547308921814,532,medium,39.4085795879364
-0.8096007704734802,-0.8153324127197266,0.005731653887778521,0.8616654276847839,0.06151682883501053,0.05731653794646263,0.9503819346427917,533,medium,39.48419666290283
-0.17880851030349731,-0.22049260139465332,0.0416840985417366,0.7128859758377075,0.16429775953292847,0.41684097051620483,0.9503819346427917,534,medium,39.55450439453125
-0.20530128479003906,-0.2326599359512329,0.0273586455732584,0.764763593673706,0.20577965676784515,0.2735864520072937,0.950381875038147,535,medium,39.669750452041626
-0.18578144907951355,-0.2407407909631729,0.054959334433078766,0.7681255340576172,0.21846139430999756,0.5495933294296265,0.950381875038147,536,medium,39.78566932678223
-0.10506429523229599,-0.21885037422180176,0.11378607898950577,0.39838436245918274,0.34073686599731445,1.1378607749938965,0.8230543732643127,537,medium,39.87986731529236
-0.17607294023036957,-0.1975075900554657,0.021434655413031578,0.7475898265838623,0.21790777146816254,0.21434654295444489,0.950381875038147,538,medium,39.9746630191803
0.2756364345550537,0.11915552616119385,0.15648089349269867,0.6910001039505005,0.15290890634059906,1.5648088455200195,0.9503819942474365,539,medium,40.1052041053772
0.09688005596399307,-0.006229877471923828,0.1031099334359169,0.6570690274238586,0.27857092022895813,1.0310993194580078,0.9503816962242126,540,medium,40.21551823616028
-0.4918852746486664,-0.5182144641876221,0.02632918395102024,0.8324872851371765,0.09082457423210144,0.2632918357849121,0.950381875038147,541,medium,40.32729196548462
-0.12810182571411133,-0.19264400005340576,0.06454216688871384,0.7404003739356995,0.1833014190196991,0.6454216241836548,0.950381875038147,542,medium,40.43519592285156
-0.3839881420135498,-0.4052291512489319,0.021241001784801483,0.9011176228523254,0.08402150124311447,0.21241001784801483,0.8230546712875366,543,medium,40.544638872146606
-0.3686225712299347,-0.46906089782714844,0.10043831914663315,0.7042003273963928,0.41365957260131836,1.0043832063674927,0.823054850101471,544,medium,40.64838433265686
-0.46126851439476013,-0.494244247674942,0.03297574445605278,0.7988224029541016,0.1288331300020218,0.329757422208786,0.950381875038147,545,medium,40.772632122039795
0.050440460443496704,-0.143940269947052,0.1943807303905487,0.737694263458252,0.16763119399547577,1.9438072443008423,0.950381875038147,546,medium,40.873454332351685
-0.6682300567626953,-0.7325365543365479,0.06430651992559433,0.743931233882904,0.23628807067871094,0.6430652141571045,0.8230547904968262,547,medium,41.00278282165527
0.18721647560596466,0.12104201316833496,0.0661744624376297,0.6479477882385254,0.24430783092975616,0.6617445945739746,0.9503815174102783,548,medium,41.11606812477112
-0.3176390528678894,-0.39338061213493347,0.07574156671762466,0.6413707733154297,0.3890840411186218,0.7574156522750854,0.823054850101471,549,medium,41.20007920265198
-0.05676156282424927,-0.09766384959220886,0.040902286767959595,0.879374623298645,0.024976171553134918,0.40902286767959595,0.950381875038147,550,medium,41.31498646736145
-0.1334870159626007,-0.15697412192821503,0.023487111553549767,0.8346989750862122,0.15576279163360596,0.23487111926078796,0.950381875038147,551,medium,41.41547131538391
-0.3603619337081909,-0.39205414056777954,0.031692203134298325,0.7568625211715698,0.22490635514259338,0.31692200899124146,0.9503817558288574,552,medium,41.50796461105347
-0.7280973196029663,-0.7937267422676086,0.06562943011522293,0.75808185338974,0.12230199575424194,0.6562942862510681,0.9503816962242126,553,medium,41.61725330352783
-0.42677873373031616,-0.4329572021961212,0.0061784591525793076,0.8991663455963135,0.07867483049631119,0.061784591525793076,0.9503819346427917,554,medium,41.69879460334778
-0.41977962851524353,-0.4378957748413086,0.018116137012839317,0.8785573840141296,0.12319327145814896,0.18116137385368347,0.9503818154335022,555,medium,41.8018434047699
-0.2924131155014038,-0.32186195254325867,0.029448825865983963,0.7657815217971802,0.12039666622877121,0.29448825120925903,0.950381875038147,556,medium,41.91356682777405
-0.19118058681488037,-0.20247483253479004,0.011294241063296795,0.7381012439727783,0.1217815950512886,0.1129424050450325,0.8230549097061157,557,medium,42.01173400878906
-0.2507772743701935,-0.26594340801239014,0.015166121535003185,0.6845617294311523,0.40243783593177795,0.151661217212677,0.823054850101471,558,medium,42.093799114227295
0.03726573288440704,0.031127333641052246,0.006138401105999947,0.8283118605613708,0.05789049714803696,0.061384011059999466,0.8230549097061157,559,medium,42.18595576286316
-0.34844374656677246,-0.3557693660259247,0.007325612939894199,0.5989593863487244,0.3608216345310211,0.07325612753629684,0.8230549097061157,560,medium,42.27621388435364
-0.13113978505134583,-0.16103923320770264,0.02989945374429226,0.7402770519256592,0.08374019712209702,0.2989945411682129,0.950381875038147,561,medium,42.402406454086304
-0.5542760491371155,-0.5888190269470215,0.03454295173287392,0.9180809259414673,0.05103501304984093,0.34542950987815857,0.9503819346427917,562,medium,42.51850867271423
-0.782331109046936,-0.8120118975639343,0.02968079410493374,0.8792200088500977,0.1197972372174263,0.2968079447746277,0.8230547904968262,563,medium,42.641430616378784
0.051428817212581635,-0.012400448322296143,0.06382926553487778,0.7915146350860596,0.03294496238231659,0.6382926106452942,0.950381875038147,564,medium,42.77457666397095
-0.24133999645709991,-0.3699505925178528,0.12861059606075287,0.8667536973953247,0.05804691091179848,1.2861058712005615,0.9503818154335022,565,medium,42.906694173812866
-0.03803856670856476,-0.28576672077178955,0.2477281540632248,0.5956035852432251,0.37264642119407654,2.4772815704345703,0.8230547308921814,566,medium,43.055744647979736
0.8467803001403809,-0.04387599229812622,0.8906562924385071,0.7885465621948242,0.13995669782161713,8.906562805175781,0.9503819346427917,567,medium,43.15791392326355
-0.40691354870796204,-0.45353826880455017,0.04662472382187843,0.5887048244476318,0.45281344652175903,0.46624723076820374,0.9503816962242126,568,medium,43.27979230880737
-0.8713419437408447,-0.9188086986541748,0.047466762363910675,0.7409523725509644,0.2337612360715866,0.47466760873794556,0.9503817558288574,569,medium,43.38349461555481
-0.6447418928146362,-0.6501941680908203,0.005452250130474567,0.8557412624359131,0.10700118541717529,0.054522499442100525,0.950381875038147,570,medium,43.46570301055908
-0.15580344200134277,-0.19933485984802246,0.04353141784667969,0.6328998804092407,0.37679579854011536,0.4353141784667969,0.823054850101471,571,medium,43.58934760093689
-0.21557669341564178,-0.30049002170562744,0.08491332828998566,0.8048112392425537,0.1434631645679474,0.8491332530975342,0.9503818154335022,572,medium,43.706605195999146
0.4395084083080292,0.24679116904735565,0.19271723926067352,0.6698630452156067,0.19072596728801727,1.927172303199768,0.9503818154335022,573,medium,43.77917790412903
-0.3280962407588959,-0.3656040132045746,0.037507761269807816,0.6328288316726685,0.3946528136730194,0.37507760524749756,0.823054850101471,574,medium,43.860206842422485
-0.31609323620796204,-0.35606682300567627,0.039973583072423935,0.814391016960144,0.12275023758411407,0.39973580837249756,0.9503818154335022,575,medium,43.97660827636719
0.16728703677654266,0.12810063362121582,0.03918640688061714,0.833706796169281,0.09154961258172989,0.3918640613555908,0.950381875038147,576,medium,44.10055065155029
0.23724284768104553,0.19665896892547607,0.04058387130498886,0.802950918674469,0.16829314827919006,0.4058386981487274,0.9503815174102783,577,medium,44.2074339389801
-0.28018441796302795,-0.2836739420890808,0.0034895266871899366,0.8895297646522522,0.06640283763408661,0.034895267337560654,0.9503819942474365,578,medium,44.33116555213928
-0.0886780321598053,-0.15014809370040894,0.06147006154060364,0.7349197268486023,0.12707628309726715,0.6147006154060364,0.9503818154335022,579,medium,44.44271159172058
-0.6216967105865479,-0.6275980472564697,0.0059013511054217815,0.95116126537323,0.04538995772600174,0.05901350826025009,0.8230549097061157,580,medium,44.52217721939087
0.3195456564426422,-0.0051801204681396484,0.32472577691078186,0.630666196346283,0.15440016984939575,3.247257709503174,0.9503817558288574,581,medium,44.64751195907593
0.05142427980899811,0.01624813675880432,0.03517614305019379,0.7516100406646729,0.04879535734653473,0.35176143050193787,0.9503819942474365,582,medium,44.73542141914368
-1.1971964836120605,-1.2130411863327026,0.015844734385609627,0.8448818922042847,0.14137353003025055,0.15844734013080597,0.8230547904968262,583,medium,44.847492933273315
-1.0114463567733765,-1.0246500968933105,0.013203750364482403,0.8331533074378967,0.0755491778254509,0.13203750550746918,0.950381875038147,584,medium,44.91063404083252
-0.15835943818092346,-0.2769596576690674,0.11860022693872452,0.5046269297599792,0.3629970848560333,1.186002254486084,0.8230544328689575,585,medium,45.01864743232727
-0.28705894947052,-0.2946850657463074,0.007626102771610022,0.7923754453659058,0.062003251165151596,0.07626102864742279,0.950381875038147,586,medium,45.11438751220703
-0.2522304058074951,-0.2872597277164459,0.035029321908950806,0.7836722135543823,0.14219322800636292,0.35029321908950806,0.9503816962242126,587,medium,45.20334529876709
-0.05754077062010765,-0.10299944877624512,0.045458678156137466,0.5885818004608154,0.3523409366607666,0.45458677411079407,0.8230546712875366,588,medium,45.32194542884827
-1.0714491605758667,-1.0885910987854004,0.017141932621598244,0.8506130576133728,0.10733023285865784,0.17141932249069214,0.9503817558288574,589,medium,45.39934849739075
-0.4176112413406372,-0.42582035064697266,0.008209115825593472,0.8641754388809204,0.06287459284067154,0.08209115266799927,0.9503819942474365,590,medium,45.48091197013855
-0.4348524212837219,-0.4920315742492676,0.057179149240255356,0.6559494733810425,0.19827309250831604,0.5717914700508118,0.9503818154335022,591,medium,45.59360718727112
-0.19688811898231506,-0.20069599151611328,0.003807867644354701,0.8789045810699463,0.05017547681927681,0.0380786769092083,0.9503819346427917,592,medium,45.68991780281067
-0.8208462595939636,-0.8604860901832581,0.03963981941342354,0.9384848475456238,0.030595386400818825,0.3963981866836548,0.950381875038147,593,medium,45.814502000808716
-0.7659856081008911,-0.8492622375488281,0.08327662199735641,0.6432647109031677,0.38004764914512634,0.8327661752700806,0.8230549097061157,594,medium,45.89440941810608
-1.218833327293396,-1.318033218383789,0.09919990599155426,0.7671342492103577,0.2559833526611328,0.9919990301132202,0.950381875038147,595,medium,45.9840989112854
-0.46890315413475037,-0.4918586313724518,0.022955475375056267,0.7178641557693481,0.07236235588788986,0.22955475747585297,0.9503819942474365,596,medium,46.09638810157776
-0.20943835377693176,-0.2492980808019638,0.03985973075032234,0.7426464557647705,0.07506463676691055,0.3985973000526428,0.950381875038147,597,medium,46.21152901649475
-0.2664324641227722,-0.35401105880737305,0.08757857978343964,0.7350244522094727,0.2566492259502411,0.875785768032074,0.8230543732643127,598,medium,46.3304967880249
-0.5598464012145996,-0.5771861672401428,0.01733974553644657,0.8183093070983887,0.12928597629070282,0.17339745163917542,0.9503816962242126,599,medium,46.43235778808594
-0.3121563494205475,-0.3331286311149597,0.02097228541970253,0.8466860055923462,0.13482867181301117,0.2097228467464447,0.9503817558288574,600,medium,46.542661905288696
-0.5699566006660461,-0.5908983945846558,0.020941779017448425,0.8602570295333862,0.08699803799390793,0.20941779017448425,0.9503819346427917,601,medium,46.65205216407776
485.7401123046875,-0.027848511934280396,485.7679748535156,0.42455363273620605,0.4356827437877655,4857.6796875,0.6720214486122131,602,medium,46.79984164237976
-0.08033996820449829,-0.1279289722442627,0.047589004039764404,0.7583617568016052,0.12789221107959747,0.47589004039764404,0.9503819346427917,603,medium,46.90036153793335
0.09822031855583191,0.08560764789581299,0.012612667866051197,0.6000269055366516,0.3794487714767456,0.12612667679786682,0.8230546712875366,604,medium,47.0167498588562
-0.2216854989528656,-0.24291178584098816,0.021226294338703156,0.8212332725524902,0.05001384764909744,0.21226294338703156,0.9503819346427917,605,medium,47.101893186569214
-0.04002832621335983,-0.06022891402244568,0.020200587809085846,0.6371715068817139,0.11221081763505936,0.20200587809085846,0.9503816962242126,606,medium,47.23444628715515
-0.7335228323936462,-0.7904972434043884,0.0569743886590004,0.7825283408164978,0.12737230956554413,0.5697438716888428,0.950381875038147,607,medium,47.360283851623535
0.005971651524305344,-0.045562416315078735,0.05153406783938408,0.5055883526802063,0.3316837251186371,0.5153406858444214,0.8230547308921814,608,medium,47.46031618118286
-0.24643371999263763,-0.3393325209617615,0.09289880096912384,0.670603334903717,0.3968428671360016,0.928987979888916,0.8230549097061157,609,medium,47.58791923522949
-0.15725672245025635,-0.2103102207183838,0.05305349826812744,0.7525229454040527,0.2006392627954483,0.5305349826812744,0.9503818154335022,610,medium,47.69542956352234
0.08383603394031525,0.06988656520843506,0.013949470594525337,0.7501501441001892,0.12150563299655914,0.13949470221996307,0.9503818154335022,611,medium,47.82156705856323
-0.8690686225891113,-0.934258222579956,0.06518960744142532,0.7815650701522827,0.16357357800006866,0.651896059513092,0.823054850101471,612,medium,47.93628716468811
-0.2684221863746643,-0.4303666949272156,0.16194449365139008,0.7749611139297485,0.11251912266016006,1.6194448471069336,0.9503819942474365,613,medium,48.04243731498718
-0.536789059638977,-0.6022055149078369,0.06541646271944046,0.7591995000839233,0.0765458196401596,0.6541646122932434,0.9503819346427917,614,medium,48.14566731452942
-0.2894843518733978,-0.2967644929885864,0.007280138321220875,0.8720664978027344,0.055060215294361115,0.0728013813495636,0.9503819346427917,615,medium,48.266937494277954
-0.21778513491153717,-0.3479650020599365,0.13017986714839935,0.7239655256271362,0.22390691936016083,1.3017985820770264,0.9503813982009888,616,medium,48.39183306694031
-0.4857226312160492,-0.5284059047698975,0.04268327355384827,0.4087325930595398,0.4194929897785187,0.42683273553848267,0.6720215082168579,617,medium,48.492838621139526
0.08379581570625305,0.05050629377365112,0.03328951820731163,0.7680751085281372,0.12492286413908005,0.3328951597213745,0.950381875038147,618,medium,48.600799798965454
-0.6686936020851135,-0.7073272466659546,0.038633670657873154,0.7956252694129944,0.1962006539106369,0.38633668422698975,0.9503818154335022,619,medium,48.694090366363525
-0.11910015344619751,-0.16956889629364014,0.05046873912215233,0.7756479978561401,0.15391600131988525,0.5046873688697815,0.8230546712875366,620,medium,48.78579521179199
-0.09132986515760422,-0.15706193447113037,0.06573206931352615,0.8200968503952026,0.1349313110113144,0.6573206782341003,0.950381875038147,621,medium,48.91678476333618
-0.18638624250888824,-0.20748040080070496,0.021094152703881264,0.907536506652832,0.02938693016767502,0.21094152331352234,0.9503819346427917,622,medium,48.99475359916687
0.019822603091597557,-0.000603795051574707,0.020426398143172264,0.8058650493621826,0.07081786543130875,0.20426397025585175,0.9503819942474365,623,medium,49.11022615432739
0.11043190956115723,0.030442342162132263,0.07998956739902496,0.6754682064056396,0.2767123281955719,0.7998956441879272,0.9503816962242126,624,medium,49.19687461853027
-0.09831008315086365,-0.1659165620803833,0.06760647892951965,0.8250565528869629,0.2047337144613266,0.6760647892951965,0.9503818154335022,625,medium,49.30682873725891
0.4125072956085205,0.2867589294910431,0.12574835121631622,0.8041957020759583,0.14669305086135864,1.2574834823608398,0.950381875038147,626,medium,49.41754174232483
-0.2605522572994232,-0.3351585268974304,0.0746062621474266,0.6443004012107849,0.1449277549982071,0.7460626363754272,0.9503818154335022,627,medium,49.53697085380554
-0.14216727018356323,-0.23884868621826172,0.09668141603469849,0.5911827683448792,0.383090615272522,0.9668141603469849,0.823054850101471,628,medium,49.64835548400879
0.11058574914932251,0.020000934600830078,0.09058481454849243,0.691552460193634,0.10986681282520294,0.9058481454849243,0.950381875038147,629,medium,49.74357080459595
0.13692238926887512,-0.13310664892196655,0.2700290381908417,0.6103092432022095,0.3621111810207367,2.7002904415130615,0.8230549097061157,630,medium,49.85554480552673
-0.11920666694641113,-0.14377084374427795,0.02456417866051197,0.8377193212509155,0.09924644976854324,0.2456417828798294,0.9503819942474365,631,medium,49.924866676330566
-0.7352713942527771,-0.8040449619293213,0.06877359002828598,0.5049338340759277,0.34554609656333923,0.687735915184021,0.823054850101471,632,medium,50.062928915023804
-0.3279134929180145,-0.37408557534217834,0.04617208242416382,0.6075155138969421,0.368807852268219,0.4617208242416382,0.823054850101471,633,medium,50.19212102890015
0.3081820607185364,0.2902233600616455,0.01795869879424572,0.8370374441146851,0.09343893080949783,0.1795869767665863,0.9503819346427917,634,medium,50.284629344940186
0.12364712357521057,0.08473175764083862,0.03891536220908165,0.44961220026016235,0.34757497906684875,0.3891535997390747,0.8230550289154053,635,medium,50.36191368103027
-0.5380150675773621,-0.6122499704360962,0.07423491775989532,0.7860377430915833,0.16211770474910736,0.7423491477966309,0.9503817558288574,636,medium,50.48756694793701
6.491173267364502,-0.11749862134456635,6.60867166519165,0.5399702787399292,0.4197308123111725,66.08671569824219,0.9503816962242126,637,medium,50.61711263656616
-0.14045917987823486,-0.21194881200790405,0.07148963958024979,0.8387494087219238,0.11363646388053894,0.7148963809013367,0.9503819346427917,638,medium,50.743868827819824
-0.26774829626083374,-0.329612135887146,0.06186384707689285,0.7822710275650024,0.0926174595952034,0.6186384558677673,0.9503815770149231,639,medium,50.87323498725891
-0.01769840717315674,-0.07391178607940674,0.05621337890625,0.5205905437469482,0.3468594551086426,0.5621337890625,0.8230547904968262,640,medium,50.98685884475708
0.04346536472439766,0.03378133475780487,0.009684030897915363,0.7345438599586487,0.11316151171922684,0.09684030711650848,0.9503818154335022,641,medium,51.0564911365509
-0.42341238260269165,-0.47415536642074585,0.0507429838180542,0.6827418208122253,0.15635013580322266,0.507429838180542,0.9503820538520813,642,medium,51.16703748703003
-0.5423697233200073,-0.5955174565315247,0.053147703409194946,0.879804253578186,0.08600617945194244,0.5314770340919495,0.823054850101471,643,medium,51.27273941040039
0.7846761345863342,0.5477296113967896,0.23694653809070587,0.7398142218589783,0.1236061081290245,2.3694653511047363,0.9503818154335022,644,medium,51.38975191116333
-0.3885301351547241,-0.4193626344203949,0.03083251230418682,0.47729358077049255,0.28790315985679626,0.3083251118659973,0.823054850101471,645,medium,51.47280430793762
-0.06250355392694473,-0.07484421133995056,0.012340657413005829,0.7846482992172241,0.06588952243328094,0.12340657413005829,0.823054850101471,646,medium,51.591174602508545
-0.8272513747215271,-0.8396075367927551,0.012356150895357132,0.8374043703079224,0.05171096697449684,0.12356150895357132,0.9503819346427917,647,medium,51.70715641975403
-0.48637983202934265,-0.5773661136627197,0.09098627418279648,0.7621513605117798,0.20945726335048676,0.909862756729126,0.9503821134567261,648,medium,51.83253479003906
-0.6650757789611816,-0.6873313188552856,0.02225554920732975,0.7949848175048828,0.17011050879955292,0.2225554883480072,0.950381875038147,649,medium,51.935890436172485
-0.18902835249900818,-0.27898645401000977,0.08995810896158218,0.686034619808197,0.24403151869773865,0.8995810747146606,0.9503816962242126,650,medium,52.063965797424316
-1.081434965133667,-1.1150776147842407,0.033642616122961044,0.6485223174095154,0.3859313726425171,0.33642613887786865,0.8230549097061157,651,medium,52.16359186172485
-1.0151530504226685,-1.0409269332885742,0.025773847475647926,0.8502272367477417,0.05676346272230148,0.25773847103118896,0.950381875038147,652,medium,52.245527505874634
-0.14535360038280487,-0.15827995538711548,0.01292636152356863,0.8269985914230347,0.053174883127212524,0.12926360964775085,0.9503819346427917,653,medium,52.357155084609985
-0.31199827790260315,-0.31818535923957825,0.006187082268297672,0.7225000858306885,0.4249477982521057,0.061870820820331573,0.6720214486122131,654,medium,52.44286918640137
-0.20977172255516052,-0.316752165555954,0.10698044300079346,0.6668673753738403,0.39341768622398376,1.0698044300079346,0.823054850101471,655,medium,52.55644607543945
-0.6490000486373901,-0.6612058877944946,0.012205852195620537,0.8622608780860901,0.07616178691387177,0.12205851823091507,0.950381875038147,656,medium,52.67122459411621
-0.1927696019411087,-0.2065141201019287,0.013744513504207134,0.7406661510467529,0.18654677271842957,0.1374451369047165,0.9503818154335022,657,medium,52.75711250305176
-0.18459664285182953,-0.21986320614814758,0.035266563296318054,0.7179438471794128,0.1736459583044052,0.35266563296318054,0.9503817558288574,658,medium,52.842246532440186
-0.636559784412384,-0.6739134192466736,0.03735363483428955,0.7694793939590454,0.19232918322086334,0.3735363483428955,0.950381875038147,659,medium,52.9227569103241
-0.21782711148262024,-0.2652546763420105,0.047427572309970856,0.5864561200141907,0.37077081203460693,0.47427570819854736,0.8230549097061157,660,medium,53.05318331718445
-0.11711913347244263,-0.13737767934799194,0.020258545875549316,0.7909180521965027,0.1097625121474266,0.20258545875549316,0.9503818154335022,661,medium,53.16772985458374
0.40893110632896423,0.3271159529685974,0.08181515336036682,0.7577870488166809,0.16068488359451294,0.8181515336036682,0.9503816962242126,662,medium,53.30485415458679
0.004120636731386185,-0.014754831790924072,0.018875468522310257,0.7714149951934814,0.18140694499015808,0.18875467777252197,0.9503815770149231,663,medium,53.41066551208496
-0.23749566078186035,-0.30515557527542114,0.0676599070429802,0.7107033729553223,0.13906173408031464,0.6765990257263184,0.8230547308921814,664,medium,53.52125954627991
-0.38899481296539307,-0.424124538898468,0.03512973338365555,0.6089379787445068,0.08691781759262085,0.3512973189353943,0.9503819346427917,665,medium,53.62323784828186
0.15072232484817505,0.0708460807800293,0.07987624406814575,0.5954458117485046,0.35652846097946167,0.7987624406814575,0.8230549097061157,666,medium,53.75382995605469
-0.7758582830429077,-0.9360496997833252,0.16019141674041748,0.7987320423126221,0.13281624019145966,1.6019141674041748,0.950381875038147,667,medium,53.862343549728394
0.06842058151960373,0.040481626987457275,0.027938952669501305,0.8307166695594788,0.12086942046880722,0.27938953042030334,0.950381875038147,668,medium,53.978601694107056
-0.010380313731729984,-0.024471402168273926,0.014091088436543941,0.7765678763389587,0.10761973261833191,0.14091087877750397,0.8230547904968262,669,medium,54.093032121658325
-0.09593291580677032,-0.2342129945755005,0.13828007876873016,0.343650221824646,0.37955978512763977,1.382800817489624,0.6720211505889893,670,medium,54.24006009101868
0.018984340131282806,-0.04877995699644089,0.0677642971277237,0.7011502981185913,0.1305236965417862,0.6776429414749146,0.9503822922706604,671,medium,54.36631417274475
-0.13341021537780762,-0.17724134027957916,0.04383111745119095,0.6372486352920532,0.18699951469898224,0.4383111596107483,0.9503819346427917,672,medium,54.46887493133545
-0.09112581610679626,-0.16021829843521118,0.06909248232841492,0.7910171747207642,0.16817405819892883,0.6909248232841492,0.950381875038147,673,medium,54.54144096374512
-0.2431427240371704,-0.2628884017467499,0.019745677709579468,0.7505067586898804,0.12713609635829926,0.19745677709579468,0.9503818154335022,674,medium,54.67162561416626
-0.7027020454406738,-0.8058741092681885,0.10317205637693405,0.8022744655609131,0.20209254324436188,1.031720519065857,0.950381338596344,675,medium,54.777506589889526
-0.4306078255176544,-0.4564117193222046,0.025803906843066216,0.8473723530769348,0.09595350921154022,0.25803905725479126,0.9503819346427917,676,medium,54.90520215034485
-0.346805602312088,-0.4162832498550415,0.06947765499353409,0.770134449005127,0.11823359876871109,0.6947765350341797,0.950381875038147,677,medium,55.02156949043274
-0.17372682690620422,-0.2644540071487427,0.09072718769311905,0.7637723684310913,0.11972981691360474,0.9072718620300293,0.9503816962242126,678,medium,55.15431213378906
-0.15721218287944794,-0.19468575716018677,0.03747357055544853,0.8046038150787354,0.10661772638559341,0.37473568320274353,0.950381875038147,679,medium,55.263550996780396
0.3860991895198822,0.37414515018463135,0.011954030953347683,0.8732147216796875,0.13704881072044373,0.11954030394554138,0.8230547904968262,680,medium,55.35904622077942
-0.33692431449890137,-0.4675847291946411,0.13066039979457855,0.6584627032279968,0.20955747365951538,1.3066039085388184,0.9503816366195679,681,medium,55.495328187942505
-0.195689857006073,-0.213596910238266,0.01790705695748329,0.8701244592666626,0.08844532817602158,0.17907056212425232,0.9503818154335022,682,medium,55.59090280532837
-0.3365641236305237,-0.3805462419986725,0.043982118368148804,0.7628540396690369,0.09043966233730316,0.43982118368148804,0.950381875038147,683,medium,55.679619550704956
-0.6516256928443909,-0.669296145439148,0.01767045073211193,0.8322361707687378,0.14944452047348022,0.1767044961452484,0.9503818154335022,684,medium,55.77838611602783
0.02473880723118782,-0.018631696701049805,0.043370503932237625,0.5817311406135559,0.38255423307418823,0.43370503187179565,0.823054850101471,685,medium,55.89885449409485
-0.19827568531036377,-0.2050614207983017,0.006785730365663767,0.8207675218582153,0.1270594745874405,0.0678573027253151,0.9503818154335022,686,medium,56.02409839630127
-0.5452431440353394,-0.579809844493866,0.03456670790910721,0.7178537845611572,0.16635657846927643,0.3456670641899109,0.950381875038147,687,medium,56.124356746673584
-0.6166760921478271,-0.6321215629577637,0.015445451252162457,0.6971116662025452,0.4131940007209778,0.15445451438426971,0.823054850101471,688,medium,56.22835564613342
0.2595493197441101,0.12584635615348816,0.13370296359062195,0.6476136445999146,0.39831462502479553,1.3370295763015747,0.6720214486122131,689,medium,56.34829831123352
-0.6543026566505432,-0.6851757764816284,0.030873095616698265,0.8469266295433044,0.06676746159791946,0.30873095989227295,0.9503819346427917,690,medium,56.467862606048584
-0.1835625320672989,-0.22971004247665405,0.046147506684064865,0.6643686294555664,0.39346760511398315,0.46147507429122925,0.8230547904968262,691,medium,56.577876806259155
-0.3228933811187744,-0.32887372374534607,0.005980333313345909,0.8282575607299805,0.152613565325737,0.05980333313345909,0.823054850101471,692,medium,56.65146827697754
-0.5883980393409729,-0.5962375998497009,0.007839533500373363,0.7915226221084595,0.2312682718038559,0.07839532941579819,0.8230546712875366,693,medium,56.737314224243164
1.1892004013061523,0.09152325987815857,1.0976771116256714,0.5749636888504028,0.3392321765422821,10.976770401000977,0.8230549097061157,694,medium,56.881722927093506
-0.3117615580558777,-0.36002257466316223,0.04826101288199425,0.8573018908500671,0.1183445155620575,0.4826101064682007,0.8230549097061157,695,medium,56.97988247871399
0.12213844060897827,0.09864139556884766,0.023497048765420914,0.653498649597168,0.2681141197681427,0.23497048020362854,0.9503816366195679,696,medium,57.115599393844604
-0.533202052116394,-0.5645012855529785,0.031299203634262085,0.7751513719558716,0.11390740424394608,0.31299203634262085,0.8230547904968262,697,medium,57.24297761917114
0.12786775827407837,0.11846007406711578,0.009407679550349712,0.8618552684783936,0.05174590274691582,0.09407679736614227,0.9503819346427917,698,medium,57.37559151649475
-0.2507268786430359,-0.28773850202560425,0.03701161965727806,0.6885766386985779,0.40530824661254883,0.3701161742210388,0.8230547308921814,699,medium,57.502445459365845
-0.23259858787059784,-0.23776906728744507,0.005170473828911781,0.759784460067749,0.15540346503257751,0.05170473828911781,0.9503818154335022,700,medium,57.59145641326904
-0.07853102684020996,-0.10165011882781982,0.023119095712900162,0.5981982350349426,0.2355639934539795,0.23119094967842102,0.8230547904968262,701,medium,57.70057010650635
-0.6218994855880737,-0.6301125288009644,0.008213022723793983,0.7460822463035583,0.07997462153434753,0.08213022351264954,0.9503819346427917,702,medium,57.78402805328369
-0.30862271785736084,-0.3680523931980133,0.05942966416478157,0.42104560136795044,0.30352360010147095,0.5942966341972351,0.8230546712875366,703,medium,57.874173164367676
-0.5291385054588318,-0.547569990158081,0.018431488424539566,0.9004591703414917,0.04980401322245598,0.18431487679481506,0.950381875038147,704,medium,57.9650239944458
-0.6042435765266418,-0.7012485861778259,0.09700502455234528,0.7225784063339233,0.18369290232658386,0.9700502157211304,0.8230549097061157,705,medium,58.09528589248657
0.10602615028619766,0.05407512187957764,0.051951028406620026,0.6470461487770081,0.18722200393676758,0.5195102691650391,0.9503818154335022,706,medium,58.216254234313965
-0.2676505148410797,-0.28513675928115845,0.017486242577433586,0.7586332559585571,0.1710480898618698,0.17486241459846497,0.9503816962242126,707,medium,58.3302161693573
-0.36643296480178833,-0.39237314462661743,0.0259401835501194,0.597185492515564,0.3569095730781555,0.2594018280506134,0.823054850101471,708,medium,58.459596395492554
-0.18093231320381165,-0.2135159969329834,0.03258368372917175,0.4718395471572876,0.3492637872695923,0.32583683729171753,0.823054313659668,709,medium,58.5985803604126
-0.37986844778060913,-0.4437445104122162,0.06387607008218765,0.6533016562461853,0.3890198767185211,0.6387606859207153,0.8230549097061157,710,medium,58.70492386817932
-0.10256757587194443,-0.12847375869750977,0.02590618096292019,0.680655837059021,0.2290111929178238,0.2590618133544922,0.9503816962242126,711,medium,58.83380651473999
-0.31797441840171814,-0.324535071849823,0.006560641806572676,0.8847796320915222,0.10660725831985474,0.06560641527175903,0.950381875038147,712,medium,58.93674182891846
-0.3637969195842743,-0.40390706062316895,0.040110133588314056,0.6110095977783203,0.37226927280426025,0.40110132098197937,0.8230547308921814,713,medium,59.074310064315796
-0.23376864194869995,-0.26999998092651367,0.03623133525252342,0.7480236291885376,0.12118042260408401,0.3623133599758148,0.950381875038147,714,medium,59.20626974105835
0.14252334833145142,0.09057855606079102,0.051944799721241,0.4910796880722046,0.30641472339630127,0.5194479823112488,0.8230546712875366,715,medium,59.342437982559204
-0.24597877264022827,-0.28729331493377686,0.04131454974412918,0.8491232991218567,0.08643153309822083,0.4131454825401306,0.950381875038147,716,medium,59.46688795089722
-0.4379560947418213,-0.501474142074585,0.06351804733276367,0.6472705006599426,0.1755826324224472,0.6351804733276367,0.9503818154335022,717,medium,59.58147954940796
-0.2405107021331787,-0.29105448722839355,0.050543781369924545,0.7065537571907043,0.1265036165714264,0.5054377913475037,0.9503817558288574,718,medium,59.73891305923462
-0.4029834270477295,-0.4900648593902588,0.0870814248919487,0.6791496276855469,0.23232614994049072,0.8708142638206482,0.9503814578056335,719,medium,59.86265969276428
-0.3909218907356262,-0.4598239064216614,0.06890200823545456,0.5633950233459473,0.4089392423629761,0.689020037651062,0.823054850101471,720,medium,59.97222971916199
-0.6076685190200806,-0.6373411417007446,0.029672613367438316,0.8466017842292786,0.10963752120733261,0.29672613739967346,0.9503817558288574,721,medium,60.09650135040283
-0.45430752635002136,-0.4708457589149475,0.0165382269769907,0.9225226044654846,0.0687987357378006,0.1653822660446167,0.823054850101471,722,medium,60.21683955192566
-0.5162633657455444,-0.5767803192138672,0.06051693484187126,0.8556535243988037,0.09392674267292023,0.6051693558692932,0.950381875038147,723,medium,60.309001207351685
-0.23075272142887115,-0.25446009635925293,0.023707376793026924,0.7149026393890381,0.11599806696176529,0.23707376420497894,0.9503818154335022,724,medium,60.408756494522095
-0.16618667542934418,-0.18639445304870605,0.02020777203142643,0.7557087540626526,0.1632487028837204,0.202077716588974,0.9503815174102783,725,medium,60.539387702941895
-0.4308389127254486,-0.4589805603027344,0.028141647577285767,0.7987465262413025,0.08247580379247665,0.28141647577285767,0.9503819346427917,726,medium,60.668702363967896
-0.0862218588590622,-0.09578269720077515,0.009560840204358101,0.5937458276748657,0.3578070104122162,0.09560839831829071,0.8230547904968262,727,medium,60.79511642456055
0.06241085007786751,-1.0013580322265625e-05,0.062420863658189774,0.6836923956871033,0.20754700899124146,0.6242086291313171,0.9503812789916992,728,medium,60.926918506622314
-0.44774869084358215,-0.5241223573684692,0.07637365907430649,0.6710731983184814,0.21512678265571594,0.7637366056442261,0.9503809809684753,729,medium,61.05975079536438
-0.14513073861598969,-0.15542109310626984,0.010290357284247875,0.7455505132675171,0.0861504077911377,0.1029035747051239,0.9503818154335022,730,medium,61.17006182670593
-0.5985691547393799,-0.6110469102859497,0.012477735988795757,0.9003430604934692,0.05985422804951668,0.12477736175060272,0.950381875038147,731,medium,61.29324436187744
0.07126384973526001,-0.5083764791488647,0.5796403288841248,0.3177628219127655,0.3569653034210205,5.796402931213379,0.6720215082168579,732,medium,61.40183115005493
-0.008493783883750439,-0.019585788249969482,0.011092004366219044,0.7429102063179016,0.18152683973312378,0.11092004179954529,0.9503817558288574,733,medium,61.47183561325073
-0.15958276391029358,-0.2530539035797119,0.09347113221883774,0.7276400327682495,0.1546512246131897,0.9347113370895386,0.9503818154335022,734,medium,61.59547996520996
-0.15570072829723358,-0.17816507816314697,0.022464348003268242,0.8181337118148804,0.09119489043951035,0.22464346885681152,0.9503819346427917,735,medium,61.72146797180176
0.8968684673309326,-0.466123104095459,1.3629915714263916,0.6221120357513428,0.24354000389575958,13.629915237426758,0.9503816366195679,736,medium,61.82650971412659
-0.6078751683235168,-0.6750161647796631,0.06714098900556564,0.5742468237876892,0.3617774248123169,0.6714099049568176,0.8230549097061157,737,medium,61.96099901199341
-0.029617058113217354,-0.034533411264419556,0.004916353151202202,0.8690972328186035,0.05840378254652023,0.04916353151202202,0.9503819346427917,738,medium,62.04175066947937
-0.5545353293418884,-0.5724015235900879,0.01786619983613491,0.6161479949951172,0.3666302263736725,0.1786620020866394,0.8230549097061157,739,medium,62.164873361587524
-0.3857809603214264,-0.4389735162258148,0.05319255590438843,0.7081776857376099,0.19179359078407288,0.5319255590438843,0.823054850101471,740,medium,62.308688163757324
-0.2504956126213074,-0.2867068946361542,0.0362112857401371,0.8020861148834229,0.22403974831104279,0.3621128499507904,0.9503816366195679,741,medium,62.42122220993042
-0.19222472608089447,-0.2179173231124878,0.02569260261952877,0.8218964338302612,0.12965519726276398,0.256926029920578,0.950381875038147,742,medium,62.5056848526001
-0.10875897854566574,-0.11609947681427002,0.007340497802942991,0.7694627046585083,0.11585626006126404,0.07340497523546219,0.8230546116828918,743,medium,62.61957001686096
0.01676485314965248,0.0067005157470703125,0.010064338333904743,0.8192343711853027,0.13778100907802582,0.10064338147640228,0.8230549097061157,744,medium,62.74271631240845
0.199496790766716,0.16598451137542725,0.033512283116579056,0.637435793876648,0.07009759545326233,0.33512282371520996,0.9503819346427917,745,medium,62.85016703605652
0.06830520927906036,0.01874673366546631,0.04955847188830376,0.7577977776527405,0.1629822552204132,0.49558472633361816,0.9503816962242126,746,medium,62.98547005653381
-0.20279794931411743,-0.2429884672164917,0.040190525352954865,0.7182490825653076,0.25679054856300354,0.40190523862838745,0.8230550289154053,747,medium,63.10744786262512
-0.036169543862342834,-0.0625084638595581,0.026338918134570122,0.7484351992607117,0.15527276694774628,0.2633891701698303,0.9503815770149231,748,medium,63.22738742828369
-0.39889803528785706,-0.40263062715530396,0.0037325918674468994,0.8130508065223694,0.11915131658315659,0.037325918674468994,0.9503818154335022,749,medium,63.345656871795654
0.022117357701063156,0.01467365026473999,0.0074437083676457405,0.6407187581062317,0.204569473862648,0.07443708181381226,0.9503815770149231,750,medium,63.419686794281006
-0.1729366034269333,-0.1846371591091156,0.01170056127011776,0.8183482885360718,0.0962400883436203,0.1170056089758873,0.9503819346427917,751,medium,63.52935433387756
0.11838691681623459,0.09078359603881836,0.02760332264006138,0.7618040442466736,0.09501524269580841,0.2760332226753235,0.950381875038147,752,medium,63.614500761032104
-0.9922709465026855,-1.0388178825378418,0.04654693603515625,0.8926730155944824,0.06113218143582344,0.4654693603515625,0.9503819346427917,753,medium,63.69277477264404
0.05169185250997543,0.026812344789505005,0.02487950772047043,0.5898757576942444,0.35094356536865234,0.24879507720470428,0.8230549097061157,754,medium,63.77632403373718
0.111701600253582,0.08990925550460815,0.021792342886328697,0.571657657623291,0.37300872802734375,0.21792343258857727,0.8230547904968262,755,medium,63.8831844329834
-0.3919389247894287,-0.4008641242980957,0.00892519112676382,0.8072672486305237,0.1004069596529007,0.08925190567970276,0.9503818154335022,756,medium,64.00283002853394
-0.5513895750045776,-0.5750654935836792,0.02367592230439186,0.715666651725769,0.19785724580287933,0.236759215593338,0.9503818154335022,757,medium,64.13228702545166
-0.39522892236709595,-0.43193507194519043,0.036706164479255676,0.8855242133140564,0.06836318969726562,0.36706164479255676,0.9503819942474365,758,medium,64.19791340827942
-0.32127055525779724,-0.3328324556350708,0.011561891995370388,0.6666574478149414,0.3931664526462555,0.11561891436576843,0.8230549097061157,759,medium,64.27221727371216
-0.07918649911880493,-0.09798312932252884,0.01879662647843361,0.7934064269065857,0.05360916256904602,0.1879662573337555,0.950381875038147,760,medium,64.397531747818
-0.29943758249282837,-0.3721037805080414,0.07266619056463242,0.427212119102478,0.4372886121273041,0.7266619205474854,0.6720214486122131,761,medium,64.53194856643677
-0.017870575189590454,-0.0583309531211853,0.04046037793159485,0.8123294115066528,0.1344294548034668,0.4046037793159485,0.950381875038147,762,medium,64.62056684494019
-0.05013212561607361,-0.1302882432937622,0.0801561176776886,0.6756340265274048,0.17459605634212494,0.801561176776886,0.9503817558288574,763,medium,64.75484299659729
-0.28234487771987915,-0.29831695556640625,0.015972083434462547,0.8697917461395264,0.085383340716362,0.15972083806991577,0.9503819346427917,764,medium,64.88038682937622
-0.018182232975959778,-0.09425705671310425,0.07607482373714447,0.6302378177642822,0.3710000813007355,0.7607482075691223,0.8230549097061157,765,medium,65.00880813598633
-0.16882267594337463,-0.18641167879104614,0.017589008435606956,0.7520564794540405,0.14635317027568817,0.17589007318019867,0.9503819346427917,766,medium,65.12290143966675
0.5029340982437134,0.09223854541778564,0.41069555282592773,0.7740654945373535,0.2288713902235031,4.106955528259277,0.9503818154335022,767,medium,65.20835137367249
398.1019287109375,-0.28379422426223755,398.3857116699219,0.5322775840759277,0.34397628903388977,3983.857177734375,0.8230545520782471,768,medium,65.37160301208496
0.0024599917232990265,-0.02116227149963379,0.023622263222932816,0.7700347900390625,0.1342002898454666,0.23622262477874756,0.950381875038147,769,medium,65.47513175010681
-0.042825423181056976,-0.057407453656196594,0.014582030475139618,0.8050461411476135,0.07487621903419495,0.14582030475139618,0.9503819346427917,770,medium,65.57544589042664
-0.17613078653812408,-0.1896427422761917,0.013511952944099903,0.4600663483142853,0.46828415989875793,0.13511952757835388,0.6720215082168579,771,medium,65.64663577079773
-0.6191102862358093,-0.7020012140274048,0.08289090543985367,0.7789090871810913,0.11643979698419571,0.8289090394973755,0.9503817558288574,772,medium,65.74532985687256
-0.2701089084148407,-0.29184842109680176,0.021739525720477104,0.872788667678833,0.06070917099714279,0.21739524602890015,0.9503818154335022,773,medium,65.86194157600403
-0.6648347973823547,-0.7020583152770996,0.03722349554300308,0.8171478509902954,0.1122649610042572,0.37223494052886963,0.9503818154335022,774,medium,65.99167680740356
-0.12774017453193665,-0.18116551637649536,0.05342534929513931,0.8709769248962402,0.11153166741132736,0.5342534780502319,0.9503818154335022,775,medium,66.11921620368958
-0.22743959724903107,-0.2515332102775574,0.024093611165881157,0.7002837657928467,0.2808482050895691,0.24093611538410187,0.8230547904968262,776,medium,66.20979022979736
-0.5122957229614258,-0.5221161246299744,0.009820403531193733,0.889085590839386,0.09558780491352081,0.09820403158664703,0.823054850101471,777,medium,66.30047941207886
-0.3224349021911621,-0.3339178264141083,0.01148292887955904,0.8456301093101501,0.10596639662981033,0.11482928693294525,0.823054850101471,778,medium,66.39063119888306
-0.5705380439758301,-0.5915138721466064,0.020975852385163307,0.8061867356300354,0.1089245080947876,0.20975852012634277,0.950381875038147,779,medium,66.50183534622192
-0.9606413245201111,-0.9755556583404541,0.014914351515471935,0.7033302187919617,0.41346877813339233,0.1491435170173645,0.823054850101471,780,medium,66.63947010040283
-1.0990681648254395,-1.1542609930038452,0.05519283935427666,0.7686966061592102,0.13112591207027435,0.5519284009933472,0.9503819346427917,781,medium,66.74650049209595
-0.3021952211856842,-0.32462701201438904,0.02243180386722088,0.7941321730613708,0.2113867849111557,0.2243180274963379,0.950381875038147,782,medium,66.85794425010681
-0.541821300983429,-0.6524213552474976,0.1106000766158104,0.6110827326774597,0.38887524604797363,1.1060007810592651,0.8230546712875366,783,medium,66.97398686408997
-0.02956843376159668,-0.19367071986198425,0.16410228610038757,0.7904660701751709,0.1023823469877243,1.641022801399231,0.950381875038147,784,medium,67.08077311515808
-0.6399881839752197,-0.6536179780960083,0.013629804365336895,0.9051287770271301,0.05271870270371437,0.1362980455160141,0.950381875038147,785,medium,67.19581770896912
-0.29955410957336426,-0.42729783058166504,0.12774372100830078,0.8867064118385315,0.08055398613214493,1.2774372100830078,0.9503819346427917,786,medium,67.2641212940216
-0.6146067380905151,-0.6425092220306396,0.02790248394012451,0.8241208791732788,0.12544962763786316,0.2790248394012451,0.9503815770149231,787,medium,67.36487746238708
-0.7366222143173218,-0.7458637356758118,0.009241520427167416,0.7710978388786316,0.21194705367088318,0.09241519868373871,0.9503818154335022,788,medium,67.48125958442688
-0.45919904112815857,-0.5097821950912476,0.050583165138959885,0.7306050062179565,0.2404743731021881,0.5058316588401794,0.9503820538520813,789,medium,67.60217499732971
-0.017937466502189636,-0.022694706916809082,0.00475724134594202,0.49770885705947876,0.3114572763442993,0.047572411596775055,0.823054850101471,790,medium,67.71335196495056
-0.6545692682266235,-0.6672717332839966,0.01270247995853424,0.8546445369720459,0.07998708635568619,0.1270247995853424,0.9503818154335022,791,medium,67.79479479789734
-0.3560028076171875,-0.42759621143341064,0.07159341871738434,0.4843154847621918,0.3011234402656555,0.715934157371521,0.8230547308921814,792,medium,67.91079306602478
-0.3963252305984497,-0.47228217124938965,0.07595693320035934,0.7509406805038452,0.1623418629169464,0.7595693469047546,0.9503815174102783,793,medium,68.0441529750824
0.021980172023177147,-0.0016804635524749756,0.023660635575652122,0.8473948240280151,0.03369881585240364,0.23660634458065033,0.950381875038147,794,medium,68.16926503181458
0.2173748016357422,0.09393563866615295,0.12343917042016983,0.8465985059738159,0.111026830971241,1.234391689300537,0.9503819346427917,795,medium,68.29569625854492
-0.47100430727005005,-0.4909215569496155,0.019917244091629982,0.8916724324226379,0.08223827928304672,0.19917243719100952,0.950381875038147,796,medium,68.39644813537598
-0.32174152135849,-0.3376801908016205,0.01593867503106594,0.6313246488571167,0.2909433841705322,0.1593867540359497,0.8230549097061157,797,medium,68.52518630027771
-0.4407677948474884,-0.52543705701828,0.08466926962137222,0.8552336692810059,0.06258886307477951,0.846692681312561,0.950381875038147,798,medium,68.61359715461731
0.17319390177726746,0.047853708267211914,0.12534019351005554,0.5893992781639099,0.17245103418827057,1.2534018754959106,0.9503818154335022,799,medium,68.73850584030151
-1.1419047117233276,-1.178894281387329,0.03698961064219475,0.8295723795890808,0.11916740983724594,0.3698961138725281,0.950381875038147,800,medium,68.83811163902283
-0.3974824845790863,-0.424953818321228,0.027471337467432022,0.8701766729354858,0.07458249479532242,0.2747133672237396,0.9503819346427917,801,medium,68.9606523513794
-0.5313233137130737,-0.5722687244415283,0.04094540700316429,0.7156721949577332,0.15885229408740997,0.4094540476799011,0.9503818154335022,802,medium,69.06232953071594
0.19502736628055573,0.17325502634048462,0.021772345528006554,0.8404731750488281,0.1029285341501236,0.21772345900535583,0.950381875038147,803,medium,69.16145086288452
0.041315753012895584,0.017359793186187744,0.02395595982670784,0.6810318231582642,0.17211492359638214,0.2395595908164978,0.823054850101471,804,medium,69.2347846031189
-0.022618088871240616,-0.03332877159118652,0.010710683651268482,0.7554693818092346,0.18588852882385254,0.10710683465003967,0.9503819346427917,805,medium,69.35619950294495
-0.4180552363395691,-0.42830711603164673,0.010251886211335659,0.8826868534088135,0.0749293863773346,0.10251885652542114,0.9503818154335022,806,medium,69.43767356872559
-0.19943183660507202,-0.2726895809173584,0.07325773686170578,0.7842375040054321,0.05343898385763168,0.7325773239135742,0.950381875038147,807,medium,69.54261708259583
0.06404755264520645,0.04896891117095947,0.015078643336892128,0.7902804613113403,0.23344707489013672,0.15078642964363098,0.8230547904968262,808,medium,69.64863562583923
-0.11791583150625229,-0.12950539588928223,0.011589563451707363,0.7647055983543396,0.11841977387666702,0.11589562892913818,0.9503819346427917,809,medium,69.76457715034485
-1.1852238178253174,-1.218592643737793,0.033368781208992004,0.8383301496505737,0.15770351886749268,0.33368781208992004,0.9503818154335022,810,medium,69.87100481987
-0.6125982403755188,-0.6772712469100952,0.06467298418283463,0.8368207812309265,0.13118647038936615,0.6467298269271851,0.9503817558288574,811,medium,70.00082635879517
0.00830160453915596,-0.02976614236831665,0.03806774690747261,0.5401887893676758,0.3700788617134094,0.3806774616241455,0.6720214486122131,812,medium,70.08745336532593
0.02351677045226097,-0.019765928387641907,0.04328269883990288,0.5150918364524841,0.30702221393585205,0.4328269958496094,0.823054850101471,813,medium,70.20517230033875
-0.14780893921852112,-0.22151434421539307,0.07370539754629135,0.8020323514938354,0.18731580674648285,0.7370539903640747,0.950381875038147,814,medium,70.32701516151428
-0.18215176463127136,-0.24905063211917877,0.06689886003732681,0.5175681114196777,0.34271040558815,0.6689885854721069,0.823054850101471,815,medium,70.42484402656555
-0.5073882937431335,-0.5263023376464844,0.018914049491286278,0.8711917996406555,0.07184029370546341,0.18914048373699188,0.9503819346427917,816,medium,70.52541613578796
-0.13338392972946167,-0.1513647437095642,0.017980817705392838,0.8166424036026001,0.07643608748912811,0.17980816960334778,0.950381875038147,817,medium,70.65323424339294
-0.8038485050201416,-0.8593630790710449,0.05551455169916153,0.8188985586166382,0.08125820010900497,0.5551455020904541,0.950381875038147,818,medium,70.76954483985901
-0.10912053287029266,-0.12476560473442078,0.01564507558941841,0.8330015540122986,0.1218239888548851,0.15645074844360352,0.9503818154335022,819,medium,70.8973617553711
-0.05199394002556801,-0.10333311557769775,0.051339175552129745,0.644175112247467,0.38382449746131897,0.5133917331695557,0.8230549097061157,820,medium,71.0256175994873
-0.7278196215629578,-0.8146872520446777,0.08686765283346176,0.7239841818809509,0.1712150126695633,0.8686765432357788,0.950381875038147,821,medium,71.14193868637085
-1.3406517505645752,-1.3664051294326782,0.025753332301974297,0.6794031858444214,0.27948659658432007,0.25753331184387207,0.9503817558288574,822,medium,71.21066856384277
-0.20650729537010193,-0.22561699151992798,0.01910969242453575,0.7173758149147034,0.074223093688488,0.19109691679477692,0.9503819346427917,823,medium,71.30962991714478
-0.3885304629802704,-0.3995259702205658,0.010995494201779366,0.9200263619422913,0.018941693007946014,0.10995493829250336,0.950381875038147,824,medium,71.40268874168396
-0.6997627019882202,-0.767441987991333,0.06767930835485458,0.6818336248397827,0.2617079019546509,0.676793098449707,0.9503816366195679,825,medium,71.51145434379578
0.20265837013721466,0.022617101669311523,0.18004126846790314,0.7193007469177246,0.1939963400363922,1.800412654876709,0.9503818154335022,826,medium,71.62569451332092
-0.6343947052955627,-0.8244539499282837,0.19005922973155975,0.9003223180770874,0.07850940525531769,1.90059232711792,0.823054850101471,827,medium,71.73111248016357
-0.5312681794166565,-0.6518129110336304,0.12054472416639328,0.6137992739677429,0.22030054032802582,1.2054471969604492,0.9503816366195679,828,medium,71.87625193595886
-0.47561147809028625,-0.48829159140586853,0.012680113315582275,0.6579339504241943,0.3921183943748474,0.12680113315582275,0.823054850101471,829,medium,71.97914481163025
-0.14500866830348969,-0.1932523250579834,0.048243653029203415,0.8106054663658142,0.14570096135139465,0.48243653774261475,0.823054850101471,830,medium,72.08357954025269
-0.6603742837905884,-0.6883174180984497,0.027943164110183716,0.7958766222000122,0.09463443607091904,0.27943164110183716,0.9503819346427917,831,medium,72.18282532691956
-0.018521420657634735,-0.07121622562408447,0.05269480496644974,0.7042218446731567,0.19840854406356812,0.5269480347633362,0.9503819346427917,832,medium,72.32365083694458
-0.14635610580444336,-0.17046812176704407,0.02411201037466526,0.7991552948951721,0.1196497306227684,0.2411201000213623,0.950381875038147,833,medium,72.43236374855042
-0.2552121579647064,-0.28429892659187317,0.029086757451295853,0.9247026443481445,0.06456594169139862,0.29086756706237793,0.950381875038147,834,medium,72.55462145805359
-0.3982422947883606,-0.4542618989944458,0.0560196116566658,0.6104246377944946,0.36753177642822266,0.5601961016654968,0.8230549097061157,835,medium,72.67557096481323
-0.2507254481315613,-0.28555113077163696,0.03482569381594658,0.7022151350975037,0.15212388336658478,0.3482569456100464,0.950381875038147,836,medium,72.76362228393555
-0.6677729487419128,-0.8452775478363037,0.17750458419322968,0.875077486038208,0.08814819157123566,1.7750458717346191,0.9503819346427917,837,medium,72.87956023216248
0.12076590210199356,0.08609908819198608,0.03466681391000748,0.7189961671829224,0.13593554496765137,0.3466681241989136,0.950381875038147,838,medium,73.00257802009583
-0.44463542103767395,-0.45706963539123535,0.012434217147529125,0.779508650302887,0.13934218883514404,0.1243421733379364,0.950381875038147,839,medium,73.12860250473022
0.05715198069810867,0.05031931400299072,0.006832667626440525,0.7960344552993774,0.0994025468826294,0.0683266744017601,0.9503818154335022,840,medium,73.19856405258179
-0.5808049440383911,-0.7724663019180298,0.19166135787963867,0.7739676237106323,0.12260827422142029,1.9166135787963867,0.950381875038147,841,medium,73.31796169281006
-0.6705026626586914,-0.6960265040397644,0.025523817166686058,0.9367366433143616,0.0542994849383831,0.2552381753921509,0.823054850101471,842,medium,73.4018805027008
-0.3407737910747528,-0.3990064859390259,0.05823269113898277,0.8555383682250977,0.09185172617435455,0.5823268890380859,0.8230547308921814,843,medium,73.50914478302002
-0.3888600468635559,-0.40041863918304443,0.011558598838746548,0.7862942218780518,0.19435632228851318,0.11558598279953003,0.9503816962242126,844,medium,73.63899040222168
-0.5689930319786072,-0.6420596837997437,0.07306666672229767,0.6982064843177795,0.1329428255558014,0.7306666374206543,0.9503818154335022,845,medium,73.76961064338684
0.018671000376343727,0.0066048502922058105,0.012066150084137917,0.8518219590187073,0.04781939834356308,0.12066149711608887,0.9503818154335022,846,medium,73.89690327644348
-0.18845205008983612,-0.21478605270385742,0.0263340063393116,0.7349940538406372,0.2686062157154083,0.2633400559425354,0.9503819346427917,847,medium,74.01587390899658
-0.037200622260570526,-0.09314846992492676,0.05594784766435623,0.6278897523880005,0.1764584332704544,0.5594784617424011,0.9503818154335022,848,medium,74.12152051925659
-0.13106973469257355,-0.15609437227249146,0.025024637579917908,0.7920557260513306,0.15821096301078796,0.2502463757991791,0.9503817558288574,849,medium,74.22082185745239
-0.36339399218559265,-0.3755335211753845,0.0121395168825984,0.8966282606124878,0.07142622768878937,0.12139516323804855,0.9503819346427917,850,medium,74.32133030891418
0.0001556798815727234,-0.01733076572418213,0.017486445605754852,0.5921372771263123,0.12970520555973053,0.17486445605754852,0.9503816962242126,851,medium,74.40662884712219
-0.471739798784256,-0.5042716264724731,0.03253181651234627,0.800197958946228,0.10037869215011597,0.3253181576728821,0.6720213890075684,852,medium,74.53161716461182
-1.0229955911636353,-1.0475232601165771,0.024527715519070625,0.692526638507843,0.16214096546173096,0.24527715146541595,0.9503816962242126,853,medium,74.61664700508118
-0.35178086161613464,-0.382417768239975,0.030636906623840332,0.7099682092666626,0.19177579879760742,0.3063690662384033,0.9503818154335022,854,medium,74.69685649871826
-0.4727232754230499,-0.5187419652938843,0.04601869732141495,0.8315445184707642,0.1364687830209732,0.4601869583129883,0.823054850101471,855,medium,74.77635622024536
-0.21328243613243103,-0.23627698421478271,0.022994553670287132,0.7540159225463867,0.16188712418079376,0.22994554042816162,0.950381875038147,856,medium,74.86103796958923
-0.3685537278652191,-0.7562949657440186,0.38774123787879944,0.8393157720565796,0.13081549108028412,3.8774123191833496,0.950381875038147,857,medium,74.98524832725525
0.2623312473297119,0.11819285154342651,0.1441383808851242,0.6191164255142212,0.36451593041419983,1.4413838386535645,0.6720214486122131,858,medium,75.12959408760071
-0.22169043123722076,-0.22966620326042175,0.007975767366588116,0.8005502223968506,0.17568674683570862,0.0797576755285263,0.8230547904968262,859,medium,75.2275722026825
-0.10876043140888214,-0.12404277920722961,0.015282346867024899,0.8308606147766113,0.1825769543647766,0.15282346308231354,0.9503819346427917,860,medium,75.29410648345947
-0.33883360028266907,-0.3703492283821106,0.031515635550022125,0.7292785048484802,0.1693413108587265,0.31515634059906006,0.9503819942474365,861,medium,75.40974831581116
-0.11322665214538574,-0.13906918466091156,0.025842536240816116,0.7420583963394165,0.15436996519565582,0.25842535495758057,0.8230547308921814,862,medium,75.52081775665283
-0.338349848985672,-0.3493340015411377,0.010984152555465698,0.6953763961791992,0.27180564403533936,0.10984152555465698,0.9503818154335022,863,medium,75.61059021949768
-0.20475780963897705,-0.22255000472068787,0.017792200669646263,0.7960377335548401,0.12802807986736298,0.17792201042175293,0.9503819346427917,864,medium,75.73639297485352
-0.20868715643882751,-0.30098435282707214,0.09229719638824463,0.7445820569992065,0.17436915636062622,0.9229719638824463,0.823054850101471,865,medium,75.84920763969421
-0.4370669722557068,-0.4483587145805359,0.011291730217635632,0.8915799260139465,0.12949000298976898,0.11291730403900146,0.823054850101471,866,medium,75.93064856529236
-1.2462764978408813,-1.2749533653259277,0.028676891699433327,0.8314533829689026,0.18862563371658325,0.28676891326904297,0.8230549097061157,867,medium,76.02182126045227
-0.41310229897499084,-0.4527744650840759,0.03967217355966568,0.6189645528793335,0.18770946562290192,0.3967217206954956,0.950381875038147,868,medium,76.10928177833557
-0.7279638051986694,-0.7468731999397278,0.018909385427832603,0.8958339691162109,0.048136062920093536,0.18909385800361633,0.950381875038147,869,medium,76.20947790145874
-0.17828699946403503,-0.19505755603313446,0.016770564019680023,0.9286636710166931,0.0622202530503273,0.16770564019680023,0.8230549097061157,870,medium,76.33139204978943
-0.576770544052124,-0.8040536642074585,0.22728310525417328,0.8582484722137451,0.05465990677475929,2.2728309631347656,0.9503819346427917,871,medium,76.43469595909119
-0.1670726090669632,-0.17994338274002075,0.012870773673057556,0.4736582636833191,0.399691641330719,0.12870773673057556,0.8230541944503784,872,medium,76.53649568557739
-0.501248300075531,-0.5279381275177002,0.026689840480685234,0.4995317757129669,0.3569434881210327,0.26689839363098145,0.8230547904968262,873,medium,76.62017035484314
-0.936122715473175,-0.9552314877510071,0.019108770415186882,0.7679901719093323,0.19219623506069183,0.19108769297599792,0.9503819346427917,874,medium,76.71699118614197
-0.017216036096215248,-0.033593058586120605,0.016377022489905357,0.7598345279693604,0.2472037672996521,0.16377021372318268,0.9503816366195679,875,medium,76.84508204460144
-0.39928698539733887,-0.4105657935142517,0.011278795078396797,0.840603768825531,0.10791133344173431,0.11278794705867767,0.950381875038147,876,medium,76.9558367729187
-0.03826531767845154,-0.2762368619441986,0.23797154426574707,0.5648515224456787,0.37373724579811096,2.3797154426574707,0.8230547308921814,877,medium,77.09391140937805
-0.1528308093547821,-0.15743516385555267,0.004604361020028591,0.7191798090934753,0.15064772963523865,0.04604360833764076,0.9503815770149231,878,medium,77.20715522766113
-0.563834547996521,-0.6890746355056763,0.12524007260799408,0.8690630793571472,0.08394564688205719,1.2524006366729736,0.9503819346427917,879,medium,77.32875728607178
-0.17515748739242554,-0.20776605606079102,0.032608576118946075,0.8524107336997986,0.07749903947114944,0.32608574628829956,0.9503819346427917,880,medium,77.4527633190155
0.16157174110412598,0.047774672508239746,0.11379706114530563,0.7552356123924255,0.07913850992918015,1.1379705667495728,0.9503817558288574,881,medium,77.58381009101868
0.1664959192276001,0.09811532497406006,0.06838058680295944,0.76106858253479,0.26139965653419495,0.6838058829307556,0.9503816962242126,882,medium,77.71163630485535
16.586002349853516,0.08251821994781494,16.50348472595215,0.7915124893188477,0.18251587450504303,165.03485107421875,0.8230544328689575,883,medium,77.81791353225708
-0.36582913994789124,-0.4020136892795563,0.03618455305695534,0.9543032050132751,0.04337862879037857,0.3618455231189728,0.8230549097061157,884,medium,77.92706370353699
-0.202778622508049,-0.24608832597732544,0.04330969974398613,0.8194392919540405,0.08416680991649628,0.4330970048904419,0.9503817558288574,885,medium,78.03603148460388
-0.47316136956214905,-0.4884817600250244,0.015320389531552792,0.6658651828765869,0.10856997221708298,0.15320388972759247,0.9503818154335022,886,medium,78.17392373085022
-0.49870729446411133,-0.7871214151382446,0.2884141206741333,0.7607068419456482,0.14997753500938416,2.884141206741333,0.950381875038147,887,medium,78.30513453483582
-0.4693572521209717,-0.4745069146156311,0.005149667616933584,0.7529065608978271,0.15285624563694,0.05149667710065842,0.9503818154335022,888,medium,78.41584777832031
-0.47371217608451843,-0.4879388213157654,0.014226640574634075,0.846647322177887,0.13389399647712708,0.1422664076089859,0.8230547904968262,889,medium,78.5195083618164
-0.21079887449741364,-0.22429817914962769,0.013499309308826923,0.7693988680839539,0.12127349525690079,0.13499309122562408,0.950381875038147,890,medium,78.60163974761963
-0.5375782251358032,-0.776092529296875,0.23851428925991058,0.7948718667030334,0.1930774748325348,2.3851428031921387,0.9503813982009888,891,medium,78.72193646430969
-0.1943272352218628,-0.2799372673034668,0.08561002463102341,0.7631597518920898,0.08146551996469498,0.8561002016067505,0.9503820538520813,892,medium,78.84139442443848
-0.11036752909421921,-0.16528749465942383,0.05491996556520462,0.5889776945114136,0.37016570568084717,0.549199640750885,0.823054850101471,893,medium,78.93351793289185
-0.013713575899600983,-0.08567892760038376,0.07196535170078278,0.5465640425682068,0.32354602217674255,0.7196534872055054,0.6720215082168579,894,medium,79.02663278579712
0.1606689989566803,0.13890552520751953,0.021763471886515617,0.7185388803482056,0.20180964469909668,0.21763470768928528,0.9503816962242126,895,medium,79.14152383804321
-0.02175622433423996,-0.06794178485870361,0.046185560524463654,0.65970778465271,0.2187979817390442,0.46185559034347534,0.9503816366195679,896,medium,79.27157354354858
-0.25733619928359985,-0.32241928577423096,0.0650830790400505,0.7204655408859253,0.2084479182958603,0.6508307456970215,0.9503816366195679,897,medium,79.39843726158142
-0.2741881012916565,-0.30778753757476807,0.033599428832530975,0.5930105447769165,0.3670612573623657,0.33599427342414856,0.823054850101471,898,medium,79.48386430740356
-0.13576063513755798,-0.14135122299194336,0.00559058366343379,0.7394339442253113,0.1259860247373581,0.05590583756566048,0.9503818154335022,899,medium,79.61560297012329
-0.27854055166244507,-0.3144063353538513,0.03586577996611595,0.5761151909828186,0.1465938538312912,0.3586578071117401,0.9503818154335022,900,medium,79.73143935203552
-0.15852926671504974,-0.20205733180046082,0.04352806136012077,0.4891584813594818,0.36508429050445557,0.43528062105178833,0.823054850101471,901,medium,79.83701586723328
-0.4999004900455475,-0.5072101354598999,0.007309651467949152,0.8107939958572388,0.0601925253868103,0.07309651374816895,0.9503819346427917,902,medium,79.96141576766968
-0.3665503263473511,-0.4047197103500366,0.038169391453266144,0.5062922239303589,0.33310022950172424,0.38169389963150024,0.8230547308921814,903,medium,80.0859055519104
-0.9211881160736084,-0.9568359851837158,0.03564786538481712,0.7831473350524902,0.2073255032300949,0.35647866129875183,0.950381875038147,904,medium,80.19163823127747
-0.008101243525743484,-0.029970169067382812,0.021868925541639328,0.5428954362869263,0.3785684406757355,0.21868924796581268,0.8230547308921814,905,medium,80.28240823745728
-0.3055703043937683,-0.33445101976394653,0.028880713507533073,0.6799919605255127,0.4003291130065918,0.28880712389945984,0.8230549097061157,906,medium,80.40735745429993
-0.7119183540344238,-0.7252227067947388,0.013304379768669605,0.8209671378135681,0.08230577409267426,0.1330437958240509,0.9503818154335022,907,medium,80.51157140731812
-0.06171328201889992,-0.06824541091918945,0.00653212983161211,0.8368784189224243,0.160966157913208,0.06532129645347595,0.9503816962242126,908,medium,80.64209318161011
-0.08746833354234695,-0.1073615550994873,0.0198932234197855,0.4738995432853699,0.27999570965766907,0.1989322304725647,0.823054850101471,909,medium,80.75218605995178
-0.3716973066329956,-0.392457515001297,0.020760217681527138,0.5523486733436584,0.3583275079727173,0.20760217308998108,0.823054850101471,910,medium,80.86371374130249
-0.26732853055000305,-0.3305455446243286,0.06321700662374496,0.7795461416244507,0.13096754252910614,0.6321700215339661,0.9503815174102783,911,medium,80.98152279853821
-0.6183011531829834,-0.6390646696090698,0.02076353318989277,0.8822489976882935,0.05301984027028084,0.2076353281736374,0.950381875038147,912,medium,81.08274531364441
-0.5336791276931763,-0.5457267761230469,0.012047667056322098,0.8014389276504517,0.09043826907873154,0.12047667056322098,0.9503819346427917,913,medium,81.20383858680725
-0.06319189071655273,-0.07739132642745972,0.014199434779584408,0.5006129741668701,0.36507144570350647,0.14199434220790863,0.8230546116828918,914,medium,81.30824446678162
-0.8928537964820862,-0.9077541828155518,0.014900377951562405,0.9068681597709656,0.07611244916915894,0.1490037739276886,0.950381875038147,915,medium,81.41698431968689
-0.09207256138324738,-0.13927876949310303,0.04720620810985565,0.767598032951355,0.09527833759784698,0.4720620810985565,0.9503816366195679,916,medium,81.54220604896545
-0.7606330513954163,-0.8246183395385742,0.06398528814315796,0.8002437353134155,0.1311478316783905,0.6398528814315796,0.9503818154335022,917,medium,81.66027450561523
-0.4918953776359558,-0.5020679831504822,0.010172617621719837,0.7749230861663818,0.13229955732822418,0.10172617435455322,0.9503818154335022,918,medium,81.78746199607849
0.01628095656633377,-0.07555556297302246,0.09183651953935623,0.6565614342689514,0.1872461587190628,0.9183651804924011,0.9503819346427917,919,medium,81.91501688957214
-0.2967732548713684,-0.3097825050354004,0.01300925761461258,0.7704722881317139,0.16719603538513184,0.1300925761461258,0.9503818154335022,920,medium,82.03816962242126
-0.47097399830818176,-0.5314026474952698,0.06042865663766861,0.5610291361808777,0.3475508689880371,0.6042865514755249,0.8230549097061157,921,medium,82.15689325332642
-0.19391554594039917,-0.22866955399513245,0.03475400432944298,0.867021918296814,0.06047942116856575,0.347540020942688,0.9503819346427917,922,medium,82.28156328201294
-0.5342713594436646,-0.5933235287666321,0.05905213952064514,0.8560253977775574,0.06741248071193695,0.5905213952064514,0.9503819346427917,923,medium,82.38178610801697
-0.19113942980766296,-0.1992603838443756,0.008120961487293243,0.9239541292190552,0.06730981916189194,0.08120961487293243,0.8230549097061157,924,medium,82.50811815261841
0.03876286745071411,-0.3209637403488159,0.35972660779953003,0.5786212682723999,0.3591752350330353,3.5972659587860107,0.8230549097061157,925,medium,82.6140923500061
-0.9850139021873474,-1.032705545425415,0.04769164323806763,0.7979874014854431,0.193135604262352,0.47691643238067627,0.9503816366195679,926,medium,82.72619819641113
0.12856103479862213,0.09040653705596924,0.038154494017362595,0.6977853775024414,0.19090023636817932,0.38154494762420654,0.9503816962242126,927,medium,82.85308051109314
-0.4366345703601837,-0.4656452238559723,0.029010644182562828,0.6418772339820862,0.38081347942352295,0.2901064455509186,0.8230549693107605,928,medium,82.98062920570374
0.43962791562080383,0.40844208002090454,0.031185835599899292,0.6329660415649414,0.45552849769592285,0.3118583559989929,0.9503817558288574,929,medium,83.12148380279541
-0.2555393874645233,-0.3096754252910614,0.05413604900240898,0.8684990406036377,0.09614872932434082,0.5413604974746704,0.8230546712875366,930,medium,83.22907567024231
-0.7916114926338196,-0.8022063374519348,0.010594846680760384,0.7424159646034241,0.18649829924106598,0.10594846308231354,0.8230549097061157,931,medium,83.3431146144867
-0.16065387427806854,-0.17020201683044434,0.009548146277666092,0.7809686660766602,0.10472302883863449,0.09548146277666092,0.9503819346427917,932,medium,83.41905784606934
-0.20569798350334167,-0.22135856747627258,0.01566057838499546,0.7648401260375977,0.09360605478286743,0.1566057801246643,0.9503817558288574,933,medium,83.53380823135376
-0.07416067272424698,-0.1589236855506897,0.08476301282644272,0.520482063293457,0.32896754145622253,0.8476301431655884,0.8230549097061157,934,medium,83.66773653030396
0.48438555002212524,0.21501213312149048,0.26937341690063477,0.8288959264755249,0.08294282108545303,2.6937341690063477,0.950381875038147,935,medium,83.79395079612732
-0.11709506809711456,-0.14410924911499023,0.027014179155230522,0.7513842582702637,0.09168510138988495,0.2701417803764343,0.9503819346427917,936,medium,83.92444562911987
-0.16716140508651733,-0.23574787378311157,0.06858646124601364,0.7039629220962524,0.08272557705640793,0.6858645677566528,0.950381875038147,937,medium,84.03878498077393
0.1346559375524521,0.12870967388153076,0.005946259945631027,0.7382388710975647,0.13699987530708313,0.05946259945631027,0.950381875038147,938,medium,84.14892888069153
-0.1664787083864212,-0.19409555196762085,0.027616843581199646,0.6126499176025391,0.12169377505779266,0.27616843581199646,0.950381875038147,939,medium,84.26009845733643
-0.05672039836645126,-0.09598422050476074,0.03926382213830948,0.4431733191013336,0.2900228202342987,0.3926382064819336,0.8230545520782471,940,medium,84.33943510055542
-0.5472346544265747,-0.5551160573959351,0.00788143277168274,0.8396427035331726,0.06240355968475342,0.07881432771682739,0.950381875038147,941,medium,84.42329382896423
0.009853340685367584,-0.04328709840774536,0.053140439093112946,0.3763573169708252,0.2483617663383484,0.5314043760299683,0.823054850101471,942,medium,84.5449161529541
-0.13721266388893127,-0.17284607887268066,0.03563341125845909,0.6570664048194885,0.14733465015888214,0.3563340902328491,0.9503820538520813,943,medium,84.6577160358429
-0.5749570727348328,-0.5898341536521912,0.014877078123390675,0.7017289400100708,0.16991868615150452,0.1487707793712616,0.9503819346427917,944,medium,84.7400975227356
0.06413862109184265,0.02386295795440674,0.040275659412145615,0.7505589723587036,0.17717280983924866,0.40275657176971436,0.9503816962242126,945,medium,84.81948065757751
-1.2699588537216187,-1.2836993932724,0.013740546070039272,0.898872435092926,0.0718221440911293,0.13740545511245728,0.9503819346427917,946,medium,84.88871669769287
0.11187595129013062,0.0036231130361557007,0.10825283825397491,0.5644628405570984,0.2775382101535797,1.0825283527374268,0.950380265712738,947,medium,85.00329875946045
-0.28471413254737854,-0.2961381673812866,0.011424041353166103,0.6085026860237122,0.1861906796693802,0.11424040794372559,0.9503815174102783,948,medium,85.12704372406006
-0.45211127400398254,-0.47540009021759033,0.023288816213607788,0.6366286873817444,0.3773801028728485,0.23288816213607788,0.823054850101471,949,medium,85.23934555053711
-0.8294543027877808,-0.865365207195282,0.03591088578104973,0.616614580154419,0.3701966404914856,0.3591088652610779,0.823054850101471,950,medium,85.31314492225647
-0.2952885925769806,-0.30411726236343384,0.008828666061162949,0.8485192060470581,0.0776243582367897,0.08828666061162949,0.9503819346427917,951,medium,85.43637657165527
0.019082365557551384,-0.0019720792770385742,0.021054444834589958,0.8420926928520203,0.08608205616474152,0.2105444371700287,0.950381875038147,952,medium,85.56643629074097
-0.45529061555862427,-0.4773092269897461,0.022018596529960632,0.6944741010665894,0.2770828902721405,0.22018596529960632,0.823054850101471,953,medium,85.68542909622192
-0.5260084867477417,-0.5598639249801636,0.03385544940829277,0.828424870967865,0.08351895958185196,0.3385544717311859,0.9503819346427917,954,medium,85.76457738876343
0.0013090074062347412,-0.05647563934326172,0.05778464674949646,0.817804217338562,0.11262241750955582,0.5778464674949646,0.9503820538520813,955,medium,85.89356708526611
-0.31849128007888794,-0.3256489038467407,0.007157611194998026,0.7121710181236267,0.42006832361221313,0.07157611101865768,0.6720215082168579,956,medium,85.96078824996948
-0.07927210628986359,-0.11098182201385498,0.031709711998701096,0.7146982550621033,0.19232508540153503,0.31709712743759155,0.950381875038147,957,medium,86.07381844520569
0.14641867578029633,0.10577917098999023,0.04063950106501579,0.7065111398696899,0.08937796205282211,0.4063950181007385,0.950381875038147,958,medium,86.1915979385376
-0.14321835339069366,-0.1623072475194931,0.01908888854086399,0.49511343240737915,0.330272912979126,0.1908888816833496,0.8230547904968262,959,medium,86.28496360778809
0.4195844829082489,0.3506746292114258,0.06890986114740372,0.6343783140182495,0.19664931297302246,0.689098596572876,0.950381875038147,960,medium,86.37135696411133
-0.061789654195308685,-0.12470823526382446,0.06291858106851578,0.6286011934280396,0.37677115201950073,0.6291857957839966,0.8230549097061157,961,medium,86.4928891658783
0.014288898557424545,-0.02869504690170288,0.042983945459127426,0.7348241806030273,0.06415404379367828,0.42983946204185486,0.950381875038147,962,medium,86.58488416671753
-0.1546439379453659,-0.1806328296661377,0.02598888985812664,0.5982434153556824,0.23298285901546478,0.2598888874053955,0.9503815174102783,963,medium,86.71242761611938
-0.24770230054855347,-0.26895904541015625,0.021256744861602783,0.610621452331543,0.08662348985671997,0.21256744861602783,0.950381875038147,964,medium,86.82412147521973
-0.215556338429451,-0.2269558310508728,0.011399497278034687,0.8682780265808105,0.08497955650091171,0.11399497091770172,0.9503819346427917,965,medium,86.93689036369324
-0.1974291354417801,-0.22899001836776733,0.03156088665127754,0.7999957203865051,0.14517532289028168,0.3156088590621948,0.9503819942474365,966,medium,87.06220650672913
-0.02064565010368824,-0.04867604374885559,0.02803039364516735,0.8327156901359558,0.10536687076091766,0.2803039252758026,0.8230549097061157,967,medium,87.16374969482422
0.5022255182266235,-0.2211078405380249,0.7233333587646484,0.7497206926345825,0.17545729875564575,7.233333587646484,0.9503818154335022,968,medium,87.30151987075806
-0.4159446656703949,-0.4237658381462097,0.007821169681847095,0.8656110763549805,0.0462021641433239,0.0782116949558258,0.9503819346427917,969,medium,87.41793775558472
-0.2650163471698761,-0.31134605407714844,0.046329695731401443,0.7295979261398315,0.22747105360031128,0.46329694986343384,0.9503816962242126,970,medium,87.50359892845154
-0.3335358500480652,-0.3541431427001953,0.02060728706419468,0.8088750839233398,0.12654264271259308,0.2060728669166565,0.8230547308921814,971,medium,87.6283631324768
-0.6505040526390076,-0.6867300868034363,0.036226049065589905,0.8681975603103638,0.07758644223213196,0.36226049065589905,0.9503819346427917,972,medium,87.6935966014862
-0.7039158344268799,-0.7378361225128174,0.03392031788825989,0.8804112672805786,0.0482768751680851,0.3392031788825989,0.9503819346427917,973,medium,87.81668996810913
-0.0009261500090360641,-0.024852514266967773,0.02392636425793171,0.8494444489479065,0.05853801965713501,0.2392636388540268,0.9503816366195679,974,medium,87.92187070846558
-0.7374856472015381,-0.7662524580955505,0.028766831383109093,0.8618887662887573,0.06939676403999329,0.2876683175563812,0.950381875038147,975,medium,88.00100708007812
-0.43797799944877625,-0.46316662430763245,0.02518863044679165,0.8173596262931824,0.0440821498632431,0.2518863081932068,0.9503818154335022,976,medium,88.12974333763123
-0.009792950935661793,-0.021578282117843628,0.011785331182181835,0.5821314454078674,0.13853628933429718,0.1178533062338829,0.950381875038147,977,medium,88.23678183555603
-0.5487976670265198,-0.5558682680130005,0.007070573512464762,0.7502809166908264,0.24324004352092743,0.07070573419332504,0.9503819346427917,978,medium,88.34817504882812
-1.0094305276870728,-1.0836405754089355,0.07421006262302399,0.877514660358429,0.09404346346855164,0.7421005964279175,0.950381875038147,979,medium,88.42609000205994
-0.15515856444835663,-0.19217801094055176,0.03701944276690483,0.5649154186248779,0.34316888451576233,0.3701944053173065,0.823054850101471,980,medium,88.54530906677246
-1.0554968118667603,-1.1176848411560059,0.06218799576163292,0.7591863870620728,0.2287234663963318,0.6218799352645874,0.9503815770149231,981,medium,88.670081615448
-0.17854276299476624,-0.19334721565246582,0.014804448001086712,0.5500964522361755,0.34450453519821167,0.14804448187351227,0.823054850101471,982,medium,88.75724673271179
-0.047273360192775726,-0.06293830275535583,0.015664944425225258,0.41814950108528137,0.42788904905319214,0.15664944052696228,0.6720214486122131,983,medium,88.88972473144531
-0.21192842721939087,-0.22229480743408203,0.010366382077336311,0.7163784503936768,0.1949264407157898,0.10366381704807281,0.9503819346427917,984,medium,88.97606420516968
-0.07704251259565353,-0.08982652425765991,0.012784010730683804,0.8414198160171509,0.09446345269680023,0.1278401017189026,0.950381875038147,985,medium,89.07211303710938
-0.15435951948165894,-0.1869879961013794,0.03262847289443016,0.8215714693069458,0.08652713149785995,0.3262847363948822,0.950381875038147,986,medium,89.18602418899536
-0.38210529088974,-0.390933632850647,0.008828348480165005,0.8525910377502441,0.09089931100606918,0.0882834866642952,0.950381875038147,987,medium,89.29618263244629
-0.27560514211654663,-0.322191059589386,0.04658590629696846,0.6789889931678772,0.15225593745708466,0.465859055519104,0.9503818154335022,988,medium,89.41555976867676
-0.230459064245224,-0.2525932788848877,0.022134212777018547,0.7812483906745911,0.15543441474437714,0.22134213149547577,0.950381875038147,989,medium,89.55549025535583
-0.02197609841823578,-0.11382138729095459,0.09184528887271881,0.5527384281158447,0.3346778452396393,0.9184528589248657,0.8230549097061157,990,medium,89.67443895339966
-0.4920310974121094,-0.516430139541626,0.024399032816290855,0.8102399110794067,0.1344611495733261,0.24399033188819885,0.9503818154335022,991,medium,89.80310583114624
-0.1418086439371109,-0.15829813480377197,0.016489487141370773,0.8125448822975159,0.18020929396152496,0.16489486396312714,0.9503815174102783,992,medium,89.90389251708984
0.13943196833133698,0.03573465347290039,0.10369731485843658,0.5913418531417847,0.23141750693321228,1.0369731187820435,0.9503816366195679,993,medium,90.04603219032288
-0.6160858869552612,-0.6412330865859985,0.02514718845486641,0.7585775852203369,0.15323084592819214,0.2514718770980835,0.950381875038147,994,medium,90.12655019760132
-0.8515041470527649,-0.8853042125701904,0.033800091594457626,0.8347511887550354,0.12061216682195663,0.3380008935928345,0.950381875038147,995,medium,90.25407528877258
0.2389339804649353,0.2262054681777954,0.01272851973772049,0.7554893493652344,0.059912096709012985,0.1272851973772049,0.9503819346427917,996,medium,90.35961365699768
0.026441052556037903,-0.13645848631858826,0.16289953887462616,0.8816884756088257,0.06590864062309265,1.6289952993392944,0.9503819346427917,997,medium,90.46138715744019
-0.5021921992301941,-0.5076776742935181,0.00548545690253377,0.9355298280715942,0.02561093680560589,0.05485456809401512,0.9503819346427917,998,medium,90.58421969413757
-0.17710667848587036,-0.2049131989479065,0.02780652604997158,0.5329786539077759,0.365519255399704,0.2780652642250061,0.823054850101471,999,medium,90.69005513191223
-0.2977727949619293,-0.34623903036117554,0.04846624657511711,0.8255522847175598,0.08523717522621155,0.4846624732017517,0.9503819346427917,1000,medium,90.80594372749329
-0.28995397686958313,-0.30321669578552246,0.01326270867139101,0.8187070488929749,0.15092910826206207,0.13262708485126495,0.823054850101471,1001,medium,91.56967091560364
-0.16632075607776642,-0.196054607629776,0.02973385527729988,0.769373893737793,0.13361544907093048,0.2973385453224182,0.9503818154335022,1002,medium,91.68193101882935
0.028469424694776535,-0.01478588581085205,0.043255310505628586,0.6822461485862732,0.24139228463172913,0.43255311250686646,0.9503816366195679,1003,medium,91.8022027015686
-0.4252433776855469,-0.42906904220581055,0.00382566312327981,0.8729831576347351,0.06598387658596039,0.038256630301475525,0.950381875038147,1004,medium,91.9223964214325
-0.14134804904460907,-0.1546575129032135,0.013309461064636707,0.7513377070426941,0.2054423838853836,0.13309460878372192,0.9503818154335022,1005,medium,91.99150109291077
-0.10449099540710449,-0.17542764544487,0.0709366500377655,0.5526242852210999,0.3442094027996063,0.709366500377655,0.823054850101471,1006,medium,92.13128185272217
-0.3648871183395386,-0.39621996879577637,0.0313328392803669,0.7515103816986084,0.23825176060199738,0.3133283853530884,0.9503818154335022,1007,medium,92.26122498512268
-0.6962345242500305,-0.7412996888160706,0.04506516084074974,0.8500620722770691,0.14786815643310547,0.4506515860557556,0.9503818154335022,1008,medium,92.35970973968506
-0.31739768385887146,-0.35901111364364624,0.04161343723535538,0.7347899079322815,0.10674498975276947,0.4161343574523926,0.950381875038147,1009,medium,92.4945878982544
-0.7380092144012451,-0.7881761789321899,0.05016694590449333,0.7822641730308533,0.20886068046092987,0.5016694664955139,0.9503819346427917,1010,medium,92.60824275016785
-0.49658891558647156,-0.5059972405433655,0.009408335201442242,0.8587250709533691,0.07888154685497284,0.09408334642648697,0.950381875038147,1011,medium,92.73410439491272
-0.4266465902328491,-0.46723031997680664,0.040583718568086624,0.7535554766654968,0.20466388761997223,0.40583717823028564,0.9503816962242126,1012,medium,92.85712027549744
0.04027118533849716,0.014922738075256348,0.025348449125885963,0.589313268661499,0.2649962604045868,0.25348448753356934,0.9503815770149231,1013,medium,92.97900772094727
0.13416677713394165,0.09665203094482422,0.037514738738536835,0.6361715793609619,0.1348082572221756,0.37514737248420715,0.950381875038147,1014,medium,93.10567879676819
-0.6421043276786804,-0.7218844890594482,0.07978013902902603,0.680460512638092,0.4017784893512726,0.7978013753890991,0.823054850101471,1015,medium,93.20590400695801
-0.0510018989443779,-0.057610444724559784,0.006608544383198023,0.8366367816925049,0.1116337925195694,0.06608544290065765,0.9503818154335022,1016,medium,93.32749366760254
-0.9182944297790527,-0.9331963062286377,0.014901891350746155,0.8254166841506958,0.09078800678253174,0.14901891350746155,0.950381875038147,1017,medium,93.40597462654114
0.2850257158279419,0.25351446866989136,0.03151123225688934,0.615113377571106,0.36806708574295044,0.31511232256889343,0.823054850101471,1018,medium,93.53686022758484
-0.08628703653812408,-0.1134641170501709,0.027177084237337112,0.433506041765213,0.2574353814125061,0.2717708349227905,0.823054850101471,1019,medium,93.61599135398865
-0.14166416227817535,-0.1600046157836914,0.01834045723080635,0.7920110821723938,0.10714966058731079,0.1834045648574829,0.950381875038147,1020,medium,93.74382448196411
-0.22196640074253082,-0.2335302233695984,0.011563817970454693,0.6781159043312073,0.2571921646595001,0.11563817411661148,0.9503815770149231,1021,medium,93.82688188552856
-0.01140609011054039,-0.04974102973937988,0.03833493962883949,0.46406829357147217,0.33451056480407715,0.38334938883781433,0.8230546712875366,1022,medium,93.96361684799194
-0.3739996552467346,-0.37963414192199707,0.0056344871409237385,0.6232935786247253,0.37267979979515076,0.05634487047791481,0.8230547904968262,1023,medium,94.04530048370361
-0.5525557994842529,-0.5661274194717407,0.013571617193520069,0.6488027572631836,0.38390129804611206,0.13571617007255554,0.8230549097061157,1024,medium,94.11159658432007
0.10523927956819534,0.08278529345989227,0.02245398424565792,0.8251553177833557,0.12309683859348297,0.2245398461818695,0.9503816962242126,1025,medium,94.22261834144592
-0.1618165373802185,-0.19241058826446533,0.030594056472182274,0.7504459619522095,0.1533428281545639,0.30594056844711304,0.9503818154335022,1026,medium,94.32453846931458
-0.28568950295448303,-0.3277777433395386,0.04208824411034584,0.7105346918106079,0.24106238782405853,0.4208824336528778,0.9503816366195679,1027,medium,94.46299290657043
-0.2622029781341553,-0.4084864556789398,0.14628346264362335,0.8791813850402832,0.12832015752792358,1.4628345966339111,0.8230547904968262,1028,medium,94.56609511375427
-0.5596240758895874,-0.603977382183075,0.04435332491993904,0.8145657181739807,0.14817489683628082,0.4435332417488098,0.9503815770149231,1029,medium,94.6688666343689
-0.09997144341468811,-0.1264478862285614,0.02647644653916359,0.8470337986946106,0.04324386641383171,0.2647644579410553,0.950381875038147,1030,medium,94.78334593772888
-0.023521799594163895,-0.08313450217247009,0.0596127025783062,0.8007855415344238,0.108868308365345,0.5961270332336426,0.9503819346427917,1031,medium,94.89315962791443
-0.33014804124832153,-0.33820629119873047,0.008058256469666958,0.8156787157058716,0.1519482284784317,0.08058256655931473,0.950381875038147,1032,medium,94.97351384162903
-0.22373154759407043,-0.2849315404891968,0.061199989169836044,0.7536010146141052,0.1725212037563324,0.6119998693466187,0.950381875038147,1033,medium,95.08160591125488
-0.5193070769309998,-0.6181656122207642,0.09885852783918381,0.8006235361099243,0.08926454186439514,0.9885852932929993,0.9503819346427917,1034,medium,95.19172859191895
-0.711804211139679,-0.7699828147888184,0.05817858502268791,0.8271200060844421,0.124568872153759,0.5817858576774597,0.950381875038147,1035,medium,95.27671146392822
-0.5769376158714294,-0.5820438861846924,0.005106283351778984,0.8725007772445679,0.08397351950407028,0.05106283351778984,0.9503819346427917,1036,medium,95.40448260307312
0.2367745190858841,0.22936463356018066,0.007409879472106695,0.8676302433013916,0.08425220102071762,0.07409879565238953,0.9503818154335022,1037,medium,95.51388716697693
-0.34337180852890015,-0.361855685710907,0.01848389022052288,0.8945386409759521,0.03254127874970436,0.1848388910293579,0.8230549097061157,1038,medium,95.58072805404663
-0.37048569321632385,-0.3964824974536896,0.025996817275881767,0.8445637226104736,0.0975097194314003,0.2599681615829468,0.9503818154335022,1039,medium,95.65022730827332
-0.008202112279832363,-0.012793481349945068,0.004591369070112705,0.6639406681060791,0.4025559425354004,0.0459136888384819,0.6720214486122131,1040,medium,95.78244185447693
0.2629949152469635,0.11599159240722656,0.14700332283973694,0.736222505569458,0.051280099898576736,1.4700331687927246,0.9503819346427917,1041,medium,95.88264775276184
-0.398216187953949,-0.41912251710891724,0.02090632915496826,0.852530837059021,0.09035687148571014,0.20906329154968262,0.9503818154335022,1042,medium,95.99976634979248
0.09624442458152771,0.07757967710494995,0.01866474747657776,0.5938502550125122,0.3512226939201355,0.1866474747657776,0.823054850101471,1043,medium,96.12791013717651
-0.2959696352481842,-0.3096581697463989,0.013688537292182446,0.7449963092803955,0.17230404913425446,0.1368853747844696,0.9503819346427917,1044,medium,96.19741344451904
-0.8225346803665161,-0.8287166357040405,0.006181938108056784,0.7782679796218872,0.11701923608779907,0.06181937828660011,0.9503818154335022,1045,medium,96.31271815299988
-0.16092923283576965,-0.21303904056549072,0.052109815180301666,0.7329363822937012,0.18805035948753357,0.5210981369018555,0.9503816366195679,1046,medium,96.45064330101013
-0.0546846017241478,-0.07416361570358276,0.019479012116789818,0.8499283194541931,0.06021273881196976,0.19479010999202728,0.950381875038147,1047,medium,96.5515365600586
-0.5812171697616577,-0.6007253527641296,0.019508158788084984,0.6559939384460449,0.15229597687721252,0.19508157670497894,0.950381875038147,1048,medium,96.6295714378357
-0.3838992118835449,-0.39411383867263794,0.010214629583060741,0.7175618410110474,0.42116278409957886,0.10214629769325256,0.8230549097061157,1049,medium,96.74237704277039
-0.3980477750301361,-0.4447512626647949,0.046703487634658813,0.62465500831604,0.2097802758216858,0.46703487634658813,0.9503819346427917,1050,medium,96.87765645980835
-0.5176088213920593,-0.5403818488121033,0.022773006930947304,0.8267029523849487,0.15187731385231018,0.22773006558418274,0.9503815770149231,1051,medium,96.98363137245178
-0.7978570461273193,-0.8178281784057617,0.019971122965216637,0.6624236702919006,0.3952347934246063,0.19971123337745667,0.8230549097061157,1052,medium,97.08591604232788
-0.0860971212387085,-0.09436164796352386,0.008264527656137943,0.8610695004463196,0.12575498223304749,0.08264527469873428,0.9503819346427917,1053,medium,97.20774030685425
-0.13938407599925995,-0.1712852418422699,0.03190116584300995,0.7153159379959106,0.23831012845039368,0.3190116584300995,0.9503818154335022,1054,medium,97.32199311256409
-0.2982769310474396,-0.33170682191848755,0.03342987969517708,0.892590343952179,0.039310939610004425,0.3342987895011902,0.9503818154335022,1055,medium,97.44889307022095
-0.10627628117799759,-0.113567054271698,0.007290774490684271,0.9174333810806274,0.039251960813999176,0.07290774583816528,0.950381875038147,1056,medium,97.57041907310486
-0.06337131559848785,-0.1167292594909668,0.05335794761776924,0.7255284190177917,0.18143299221992493,0.5335794687271118,0.9503818154335022,1057,medium,97.69761061668396
-0.49684587121009827,-0.5281490683555603,0.03130320459604263,0.8526781797409058,0.09169237315654755,0.31303203105926514,0.950381875038147,1058,medium,97.81098985671997
-0.6780425906181335,-0.7014552354812622,0.023412644863128662,0.7818024754524231,0.1222972422838211,0.23412644863128662,0.9503819346427917,1059,medium,97.89987325668335
-0.29297304153442383,-0.3186701536178589,0.025697125121951103,0.8321085572242737,0.05209137126803398,0.25697124004364014,0.950381875038147,1060,medium,98.00730109214783
-0.12021942436695099,-0.168351948261261,0.0481325201690197,0.43584346771240234,0.44919857382774353,0.4813252091407776,0.6720213890075684,1061,medium,98.12616872787476
-0.9002129435539246,-0.9221315383911133,0.021918613463640213,0.707068920135498,0.2531279921531677,0.21918612718582153,0.9503818154335022,1062,medium,98.24545621871948
-0.6167227625846863,-0.7007887363433838,0.08406595140695572,0.7798634171485901,0.12966088950634003,0.840659499168396,0.9503816366195679,1063,medium,98.38583254814148
0.25413331389427185,0.23995056748390198,0.014182746410369873,0.7504961490631104,0.14931844174861908,0.14182746410369873,0.9503816962242126,1064,medium,98.46408987045288
-0.5655426383018494,-0.5753977298736572,0.009855113923549652,0.6606965661048889,0.3970370590686798,0.09855113923549652,0.823054850101471,1065,medium,98.59823203086853
0.26060354709625244,0.24889391660690308,0.011709644459187984,0.7629103660583496,0.1480301320552826,0.117096446454525,0.950381875038147,1066,medium,98.7206723690033
0.15910209715366364,0.14478707313537598,0.014315018430352211,0.6288229823112488,0.22202764451503754,0.1431501805782318,0.9503815174102783,1067,medium,98.82111310958862
-0.22294189035892487,-0.23064368963241577,0.007701802533119917,0.7614017128944397,0.1254715770483017,0.07701802253723145,0.950381875038147,1068,medium,98.93262076377869
-0.7253512740135193,-0.7350190877914429,0.00966781284660101,0.9267287254333496,0.030656952410936356,0.09667813032865524,0.9503819346427917,1069,medium,99.04728245735168
-0.41764035820961,-0.438912034034729,0.021271666511893272,0.7138568758964539,0.0755883976817131,0.21271666884422302,0.9503819346427917,1070,medium,99.12712478637695
-1.4725773334503174,-1.5172569751739502,0.04467961937189102,0.6493077278137207,0.3851715922355652,0.446796178817749,0.823054850101471,1071,medium,99.21363973617554
0.4197642505168915,0.37996774911880493,0.039796505123376846,0.72467440366745,0.18639688193798065,0.39796504378318787,0.9503819346427917,1072,medium,99.34133291244507
-0.3789657950401306,-0.4062911868095398,0.02732539176940918,0.765128493309021,0.26988163590431213,0.2732539176940918,0.9503816962242126,1073,medium,99.41850662231445
-0.7208519577980042,-0.7455592155456543,0.024707231670618057,0.8763299584388733,0.06499656289815903,0.24707230925559998,0.9503819346427917,1074,medium,99.52570652961731
-0.5762777328491211,-0.5952646732330322,0.018986957147717476,0.6166239380836487,0.36317721009254456,0.18986956775188446,0.8230549693107605,1075,medium,99.61648321151733
-0.19901025295257568,-0.21645331382751465,0.017443064600229263,0.8137361407279968,0.09433005750179291,0.17443063855171204,0.9503818154335022,1076,medium,99.72505402565002
-0.6994355320930481,-0.7263075709342957,0.026872042566537857,0.7513418197631836,0.21675711870193481,0.268720418214798,0.9503819346427917,1077,medium,99.84400367736816
-0.21689334511756897,-0.2266538441181183,0.00976050365716219,0.7931721210479736,0.24498794972896576,0.09760503470897675,0.8230547904968262,1078,medium,99.93920278549194
-0.4261847138404846,-0.4931223392486572,0.06693761795759201,0.813094437122345,0.08755522221326828,0.6693761348724365,0.9503819346427917,1079,medium,100.02453780174255
-0.22857512533664703,-0.26751285791397095,0.038937728852033615,0.8711355328559875,0.08531099557876587,0.38937729597091675,0.950381875038147,1080,medium,100.12662053108215
-0.5708246231079102,-0.5884108543395996,0.017586225643754005,0.9276731014251709,0.04580877721309662,0.17586225271224976,0.950381875038147,1081,medium,100.23975276947021
-0.7381215691566467,-0.7842419743537903,0.046120427548885345,0.7300382852554321,0.23435981571674347,0.46120426058769226,0.9503819346427917,1082,medium,100.34846305847168
-0.5835763812065125,-0.6375085115432739,0.05393211916089058,0.8046149015426636,0.0959857702255249,0.5393211841583252,0.950381875038147,1083,medium,100.44818997383118
-0.1620447039604187,-0.19195985794067383,0.02991514839231968,0.7644859552383423,0.19799301028251648,0.2991514801979065,0.9503816366195679,1084,medium,100.58035659790039
0.0691913589835167,0.03900408744812012,0.030187273398041725,0.7408410906791687,0.22039155662059784,0.30187273025512695,0.8230549097061157,1085,medium,100.66762447357178
-0.2763669490814209,-0.28790467977523804,0.011537745594978333,0.7447006702423096,0.10985653847455978,0.11537745594978333,0.9503819346427917,1086,medium,100.79148983955383
-0.5288221836090088,-0.5903733372688293,0.06155112385749817,0.7765328288078308,0.25981593132019043,0.6155112385749817,0.9503815770149231,1087,medium,100.8950731754303
0.2562156021595001,0.23327204585075378,0.022943545132875443,0.4883606433868408,0.12970884144306183,0.22943544387817383,0.9503818154335022,1088,medium,100.99622797966003
-0.09550342708826065,-0.11322435736656189,0.01772092841565609,0.7438698410987854,0.12824757397174835,0.17720927298069,0.950381875038147,1089,medium,101.12203979492188
-1.7178958654403687,-1.80683171749115,0.08893588930368423,0.7631078362464905,0.2067023515701294,0.8893588781356812,0.950381875038147,1090,medium,101.23059320449829
-0.09478753805160522,-0.10851480066776276,0.013727264478802681,0.6626238822937012,0.3962756097316742,0.1372726410627365,0.6720215082168579,1091,medium,101.31707811355591
-1.1223413944244385,-1.1712230443954468,0.04888170585036278,0.7321763634681702,0.21311290562152863,0.488817036151886,0.9503816962242126,1092,medium,101.41632175445557
-0.19488149881362915,-0.19939720630645752,0.004515711683779955,0.8049828410148621,0.11394397169351578,0.045157115906476974,0.950381875038147,1093,medium,101.51453638076782
-0.28284016251564026,-0.2942048907279968,0.011364723555743694,0.8240757584571838,0.11300142854452133,0.11364723742008209,0.9503816962242126,1094,medium,101.62116122245789
0.06220375746488571,-0.058555424213409424,0.12075918167829514,0.6879833340644836,0.140635684132576,1.2075917720794678,0.950381875038147,1095,medium,101.7041072845459
-0.11629949510097504,-0.12320303916931152,0.006903545465320349,0.7836781740188599,0.17239372432231903,0.06903545558452606,0.9503819942474365,1096,medium,101.81128263473511
0.130487322807312,0.10087144374847412,0.02961588464677334,0.700359046459198,0.08854839950799942,0.2961588501930237,0.9503818154335022,1097,medium,101.91344022750854
-0.48365458846092224,-0.5334703922271729,0.049815814942121506,0.5578029751777649,0.08152656257152557,0.49815815687179565,0.9503818154335022,1098,medium,102.03428554534912
-0.9963676333427429,-1.004227876663208,0.007860250771045685,0.8968709707260132,0.054304901510477066,0.07860250771045685,0.950381875038147,1099,medium,102.16031527519226
-0.4669504761695862,-0.48050034046173096,0.013549866154789925,0.8238101005554199,0.08912868797779083,0.13549865782260895,0.9503819346427917,1100,medium,102.28836441040039
0.19273705780506134,0.15078496932983398,0.041952092200517654,0.7389184832572937,0.09417298436164856,0.41952091455459595,0.9503819346427917,1101,medium,102.40384888648987
-0.12764742970466614,-0.18919259309768677,0.06154516339302063,0.6334153413772583,0.37330785393714905,0.6154516339302063,0.823054850101471,1102,medium,102.50426173210144
-0.5950621962547302,-0.6204217672348022,0.025359556078910828,0.7144240736961365,0.25439146161079407,0.2535955607891083,0.9503816962242126,1103,medium,102.61109590530396
-0.4347778558731079,-0.520686149597168,0.08590828627347946,0.9189953804016113,0.04222216084599495,0.859082818031311,0.950381875038147,1104,medium,102.73112654685974
-1.1673142910003662,-1.2417285442352295,0.07441425323486328,0.9119629859924316,0.04713602736592293,0.7441425323486328,0.9503818154335022,1105,medium,102.84857273101807
0.2736950218677521,0.24738311767578125,0.02631191723048687,0.7874705195426941,0.09163770824670792,0.2631191611289978,0.9503818154335022,1106,medium,102.96288704872131
-0.02695280872285366,-0.05603879690170288,0.02908598817884922,0.4775967001914978,0.3260532319545746,0.2908598780632019,0.8230547904968262,1107,medium,103.06929540634155
0.062161847949028015,0.04623895883560181,0.01592288725078106,0.8230962753295898,0.11494937539100647,0.1592288613319397,0.823054850101471,1108,medium,103.17424082756042
-0.4962969422340393,-0.5500938892364502,0.053796958178281784,0.7714074850082397,0.11322643607854843,0.5379695892333984,0.9503818154335022,1109,medium,103.26996922492981
-0.2245664745569229,-0.2514277398586273,0.026861263439059258,0.7007644772529602,0.16555336117744446,0.2686126232147217,0.823054850101471,1110,medium,103.37660932540894
-0.6098425388336182,-0.6413593292236328,0.031516801565885544,0.7632876038551331,0.18339698016643524,0.31516802310943604,0.9503816366195679,1111,medium,103.48856687545776
-0.5791094899177551,-0.6361073851585388,0.056997884064912796,0.8413363695144653,0.062144458293914795,0.5699788331985474,0.950381875038147,1112,medium,103.5653338432312
-0.6513578295707703,-0.6793258190155029,0.027967968955636024,0.7672737240791321,0.09334152936935425,0.27967968583106995,0.9503818154335022,1113,medium,103.65778017044067
-0.8195685744285583,-0.9189059734344482,0.09933742135763168,0.574320375919342,0.11069570481777191,0.9933741688728333,0.950381875038147,1114,medium,103.79874873161316
2011.6868896484375,-0.373518168926239,2012.0604248046875,0.6201024055480957,0.3720817267894745,20120.603515625,0.8230549097061157,1115,medium,103.88861298561096
-0.1686549186706543,-0.23372936248779297,0.06507443636655807,0.7113035321235657,0.0785217434167862,0.6507443189620972,0.950381875038147,1116,medium,104.02526617050171
-0.04295022413134575,-0.08906328678131104,0.046113062649965286,0.7878876328468323,0.11279535293579102,0.46113061904907227,0.9503819346427917,1117,medium,104.14666938781738
-0.07388732582330704,-0.08731734752655029,0.01343002449721098,0.44269120693206787,0.28243470191955566,0.13430024683475494,0.8230547308921814,1118,medium,104.27957439422607
-1.0502979755401611,-1.1220955848693848,0.07179763168096542,0.8403263688087463,0.1562180370092392,0.7179763317108154,0.950381875038147,1119,medium,104.40438866615295
0.022498425096273422,0.01093091070652008,0.011567515321075916,0.7966631054878235,0.1735266000032425,0.11567515134811401,0.9503816962242126,1120,medium,104.53232789039612
-0.3949111998081207,-0.40707123279571533,0.012160037644207478,0.8681501150131226,0.061805445700883865,0.12160037457942963,0.950381875038147,1121,medium,104.64173483848572
-0.40932753682136536,-0.44251522421836853,0.03318769857287407,0.7321383953094482,0.1091194823384285,0.3318769931793213,0.9503819346427917,1122,medium,104.75980997085571
-0.487901896238327,-0.5396462678909302,0.05174436792731285,0.8040737509727478,0.1458292454481125,0.5174436569213867,0.823054850101471,1123,medium,104.86587619781494
-0.6740473508834839,-0.69903564453125,0.024988288059830666,0.7671593427658081,0.21739622950553894,0.24988287687301636,0.8230547308921814,1124,medium,104.95645666122437
-0.25042492151260376,-0.3905172348022461,0.14009229838848114,0.5862355828285217,0.36355283856391907,1.4009228944778442,0.8230547308921814,1125,medium,105.08284640312195
-0.3644661009311676,-0.3717871308326721,0.007321040611714125,0.92546546459198,0.04193895310163498,0.07321040332317352,0.9503819346427917,1126,medium,105.20936894416809
-0.20154514908790588,-0.31021714210510254,0.10867200046777725,0.7844176888465881,0.17955417931079865,1.0867199897766113,0.9503817558288574,1127,medium,105.33419370651245
-0.35768434405326843,-0.38404950499534607,0.026365159079432487,0.8517782688140869,0.0964135006070137,0.263651579618454,0.823054850101471,1128,medium,105.42895150184631
-0.3624458312988281,-0.396679162979126,0.034233324229717255,0.7853373885154724,0.1807195544242859,0.34233322739601135,0.9503816962242126,1129,medium,105.5600118637085
-0.6213763356208801,-0.6414234042167664,0.02004709281027317,0.8335874080657959,0.12483753263950348,0.2004709243774414,0.950381875038147,1130,medium,105.65820455551147
-0.13335229456424713,-0.15200746059417725,0.018655162304639816,0.8339906930923462,0.09772578626871109,0.18655161559581757,0.950381875038147,1131,medium,105.7770848274231
-1.0950777530670166,-1.142447829246521,0.04737013205885887,0.9221374988555908,0.03446577489376068,0.4737012982368469,0.9503819346427917,1132,medium,105.90197896957397
-0.5286275744438171,-0.5421801805496216,0.013552597723901272,0.6246910095214844,0.3918970823287964,0.13552597165107727,0.8230550289154053,1133,medium,106.0131299495697
-0.21876007318496704,-0.24907958507537842,0.030319511890411377,0.4812859296798706,0.32756316661834717,0.30319511890411377,0.8230546116828918,1134,medium,106.12607431411743
-0.9063593745231628,-0.9218836426734924,0.015524255111813545,0.8396549224853516,0.1365269422531128,0.15524254739284515,0.9503819346427917,1135,medium,106.20953631401062
-0.4855636656284332,-0.5048014521598816,0.019237782806158066,0.6457147002220154,0.38338616490364075,0.19237782061100006,0.823054850101471,1136,medium,106.33061480522156
-0.6676493883132935,-0.7864326238632202,0.11878323554992676,0.7224907875061035,0.11486649513244629,1.1878323554992676,0.950381875038147,1137,medium,106.4408130645752
-0.6227038502693176,-0.694819450378418,0.07211562246084213,0.7089042067527771,0.18289154767990112,0.7211562395095825,0.9503816366195679,1138,medium,106.57132983207703
-0.4283238351345062,-0.45427441596984863,0.025950578972697258,0.9315220713615417,0.0387113019824028,0.2595057785511017,0.9503819346427917,1139,medium,106.67657995223999
-0.25878849625587463,-0.2953801155090332,0.036591626703739166,0.7870035171508789,0.12416777014732361,0.36591625213623047,0.9503815770149231,1140,medium,106.8071961402893
-0.2594500780105591,-0.27492019534111023,0.015470107086002827,0.818469762802124,0.12035497277975082,0.15470106899738312,0.9503819346427917,1141,medium,106.88902473449707
-0.5624827146530151,-0.5693914890289307,0.006908770650625229,0.6962228417396545,0.19501645863056183,0.06908770650625229,0.9503818154335022,1142,medium,106.96385884284973
0.029736146330833435,0.01974204182624817,0.009994104504585266,0.7987959384918213,0.09903951734304428,0.09994104504585266,0.950381875038147,1143,medium,107.08649230003357
-1.0681500434875488,-1.1073355674743652,0.039185550063848495,0.8057533502578735,0.0880221575498581,0.39185547828674316,0.9503819346427917,1144,medium,107.19400358200073
-0.39453691244125366,-0.4278031587600708,0.033266253769397736,0.7411118149757385,0.18454548716545105,0.33266252279281616,0.9503819346427917,1145,medium,107.30026173591614
-0.6092705130577087,-0.682908296585083,0.07363776117563248,0.7587757706642151,0.20840387046337128,0.7363775968551636,0.9503816962242126,1146,medium,107.43707227706909
-0.24288618564605713,-0.32580143213272095,0.08291525393724442,0.8378239870071411,0.03766416758298874,0.829152524471283,0.950381875038147,1147,medium,107.56968760490417
-0.20616979897022247,-0.2121901512145996,0.006020358297973871,0.8222516179084778,0.10142526030540466,0.06020358204841614,0.9503818154335022,1148,medium,107.65645170211792
-0.21311229467391968,-0.24422523379325867,0.03111293725669384,0.567474901676178,0.36286550760269165,0.3111293613910675,0.8230547904968262,1149,medium,107.78394889831543
-0.22543972730636597,-0.25882387161254883,0.03338414430618286,0.875880777835846,0.08125680685043335,0.3338414430618286,0.950381875038147,1150,medium,107.90319800376892
-0.4155687391757965,-0.4660177528858185,0.050449009984731674,0.5219942331314087,0.3432212471961975,0.504490077495575,0.8230547904968262,1151,medium,108.02354049682617
-0.13302963972091675,-0.14719641208648682,0.01416677888482809,0.8898875713348389,0.07433200627565384,0.14166778326034546,0.8230549097061157,1152,medium,108.12910223007202
0.2542341649532318,0.137009859085083,0.1172243133187294,0.7424563765525818,0.1934611052274704,1.1722431182861328,0.9503818154335022,1153,medium,108.25430369377136
-0.2661248445510864,-0.28473711013793945,0.018612250685691833,0.7534396052360535,0.11362539231777191,0.18612250685691833,0.950381875038147,1154,medium,108.37033772468567
-0.8205241560935974,-0.84088134765625,0.02035721205174923,0.8514577746391296,0.09633059799671173,0.2035721242427826,0.823054850101471,1155,medium,108.49181652069092
0.10199471563100815,0.0745697021484375,0.027425015345215797,0.6773730516433716,0.07788310199975967,0.2742501497268677,0.950381875038147,1156,medium,108.61314940452576
-0.004926949739456177,-0.05817222595214844,0.05324527621269226,0.7861698865890503,0.14275525510311127,0.5324527621269226,0.9503818154335022,1157,medium,108.74083161354065
0.004363829270005226,-0.013130426406860352,0.017494255676865578,0.7606698870658875,0.1007881686091423,0.17494255304336548,0.9503818154335022,1158,medium,108.86749362945557
-0.6457602381706238,-0.6632221937179565,0.01746196486055851,0.7616000771522522,0.11573146283626556,0.1746196448802948,0.950381875038147,1159,medium,108.95030951499939
-0.20461395382881165,-0.26493358612060547,0.06031963974237442,0.7732738852500916,0.12852731347084045,0.603196382522583,0.950381875038147,1160,medium,109.07837414741516
-0.13791292905807495,-0.16900718212127686,0.031094258651137352,0.7903742790222168,0.08114243298768997,0.3109425902366638,0.9503818154335022,1161,medium,109.19189381599426
0.6327282786369324,-0.12358486652374268,0.756313145160675,0.6310722827911377,0.47043150663375854,7.563131332397461,0.950381875038147,1162,medium,109.32475709915161
-0.440534770488739,-0.49122917652130127,0.05069441720843315,0.7293820381164551,0.17768147587776184,0.5069441795349121,0.9503819346427917,1163,medium,109.45209407806396
-0.4719639718532562,-0.47769469022750854,0.005730730947107077,0.5915411710739136,0.1692986786365509,0.05730731040239334,0.823054850101471,1164,medium,109.58325147628784
-0.2717630863189697,-0.30839550495147705,0.036632414907217026,0.5340934991836548,0.36605632305145264,0.36632415652275085,0.8230549097061157,1165,medium,109.70297503471375
-0.6284958124160767,-0.639957845211029,0.011462009511888027,0.63267982006073,0.3877175450325012,0.11462008953094482,0.823054850101471,1166,medium,109.82939314842224
-0.18451043963432312,-0.24427688121795654,0.059766437858343124,0.8314700126647949,0.06117645278573036,0.5976643562316895,0.9503819942474365,1167,medium,109.95860362052917
-0.28717008233070374,-0.40558165311813354,0.11841156333684921,0.4525223672389984,0.4599120318889618,1.1841156482696533,0.6720215082168579,1168,medium,110.0955924987793
0.0369713269174099,0.029598772525787354,0.007372553925961256,0.8860563039779663,0.0818568617105484,0.07372553646564484,0.9503819346427917,1169,medium,110.20816802978516
-0.5410637855529785,-0.5823409557342529,0.04127715155482292,0.7894251346588135,0.10394861549139023,0.4127715229988098,0.950381875038147,1170,medium,110.28973770141602
-0.2519152760505676,-0.3780590891838074,0.12614379823207855,0.5478664040565491,0.33341240882873535,1.2614378929138184,0.823054850101471,1171,medium,110.36236691474915
-0.3725103437900543,-0.3749588131904602,0.0024484829045832157,0.8686789870262146,0.1650562435388565,0.024484828114509583,0.823054850101471,1172,medium,110.44084167480469
0.23509004712104797,0.1823713183403015,0.05271872878074646,0.5065582394599915,0.14555633068084717,0.5271872878074646,0.9503812789916992,1173,medium,110.56506037712097
-0.47723764181137085,-0.6103687286376953,0.13313107192516327,0.7249234914779663,0.260807603597641,1.331310749053955,0.9503818154335022,1174,medium,110.6880431175232
0.00860590673983097,-0.015166744589805603,0.023772651329636574,0.7673468589782715,0.07912705838680267,0.23772650957107544,0.9503818154335022,1175,medium,110.82123303413391
-0.4910276234149933,-0.502585768699646,0.011558148078620434,0.8217505216598511,0.09647370129823685,0.11558148264884949,0.950381875038147,1176,medium,110.9346194267273
-0.1497659534215927,-0.16930288076400757,0.019536931067705154,0.7654808759689331,0.22556497156620026,0.19536930322647095,0.6720214486122131,1177,medium,111.01168608665466
-1.2033755779266357,-1.3781107664108276,0.17473524808883667,0.8554408550262451,0.14018714427947998,1.7473524808883667,0.9503817558288574,1178,medium,111.11070394515991
-0.5637628436088562,-0.5785694718360901,0.014806625433266163,0.8382765054702759,0.10009685158729553,0.14806625247001648,0.9503819346427917,1179,medium,111.21034359931946
0.026244446635246277,-0.016753673553466797,0.042998120188713074,0.8077082633972168,0.12453822791576385,0.42998120188713074,0.9503819346427917,1180,medium,111.3032898902893
-0.8526045680046082,-0.9431616067886353,0.09055706113576889,0.7322341799736023,0.17452625930309296,0.9055706262588501,0.9503818154335022,1181,medium,111.43518805503845
-0.33496204018592834,-0.4880194067955017,0.15305736660957336,0.7691967487335205,0.146028533577919,1.5305736064910889,0.9503817558288574,1182,medium,111.54650568962097
-0.0176626518368721,-0.09288156032562256,0.07521890848875046,0.6951133608818054,0.08700989931821823,0.752189040184021,0.950381875038147,1183,medium,111.64986443519592
0.0464254692196846,0.0051070451736450195,0.04131842404603958,0.7075373530387878,0.15779602527618408,0.4131842255592346,0.9503818154335022,1184,medium,111.72911214828491
-0.3226321041584015,-0.3499537706375122,0.027321655303239822,0.6857823729515076,0.16896942257881165,0.2732165455818176,0.950381875038147,1185,medium,111.84160995483398
-0.29458922147750854,-0.377058207988739,0.08246899396181107,0.671186089515686,0.2099885642528534,0.8246899247169495,0.9503818154335022,1186,medium,111.91802430152893
0.06032823398709297,0.05637228488922119,0.003955948166549206,0.7832083702087402,0.16956213116645813,0.03955947980284691,0.9503818154335022,1187,medium,112.03413844108582
-0.7328816056251526,-0.7606282234191895,0.02774660661816597,0.7832226753234863,0.26782864332199097,0.2774660587310791,0.9503818154335022,1188,medium,112.11742329597473
0.09166708588600159,0.06582027673721313,0.02584681287407875,0.8633701801300049,0.04707367718219757,0.2584681212902069,0.950381875038147,1189,medium,112.22081184387207
-0.8448325991630554,-0.8713268041610718,0.026494210585951805,0.9212319850921631,0.040087368339300156,0.26494210958480835,0.9503819346427917,1190,medium,112.34677863121033
0.1532650589942932,0.12912237644195557,0.024142682552337646,0.6317706108093262,0.3805803060531616,0.24142682552337646,0.8230545520782471,1191,medium,112.47436165809631
-0.022231336683034897,-0.06341743469238281,0.041186098009347916,0.7766773104667664,0.11564198136329651,0.41186097264289856,0.9503819346427917,1192,medium,112.58814525604248
-0.2296045422554016,-0.2517838478088379,0.02217930369079113,0.7298300266265869,0.11694859713315964,0.2217930257320404,0.950381875038147,1193,medium,112.69118118286133
-0.4658029079437256,-0.5366981029510498,0.07089519500732422,0.807914674282074,0.1297038346529007,0.7089519500732422,0.9503816366195679,1194,medium,112.82357454299927
-0.2448440045118332,-0.3960728645324707,0.1512288600206375,0.7721953392028809,0.15936115384101868,1.5122885704040527,0.950381875038147,1195,medium,112.93039059638977
-0.3514500856399536,-0.38754087686538696,0.03609079867601395,0.4621470868587494,0.28249391913414,0.36090797185897827,0.8230549097061157,1196,medium,113.05875873565674
-0.08716471493244171,-0.10922613739967346,0.0220614206045866,0.7668664455413818,0.17802266776561737,0.22061419486999512,0.950381875038147,1197,medium,113.13024544715881
-0.29799070954322815,-0.3508380651473999,0.052847351878881454,0.7009138464927673,0.17512871325016022,0.5284734964370728,0.9503817558288574,1198,medium,113.24404788017273
0.11074143648147583,0.0016775727272033691,0.10906386375427246,0.542865514755249,0.35364699363708496,1.0906386375427246,0.8230550289154053,1199,medium,113.43192315101624
-0.30953076481819153,-0.32506221532821655,0.015531455166637897,0.8541023135185242,0.10635654628276825,0.15531454980373383,0.8230547904968262,1200,medium,113.55099940299988
-0.9857914447784424,-1.0164916515350342,0.03070022538304329,0.8826343417167664,0.04503222182393074,0.3070022463798523,0.950381875038147,1201,medium,113.62820267677307
-0.7400748133659363,-0.7878226041793823,0.047747787088155746,0.8133621215820312,0.07056564092636108,0.4774778485298157,0.9503819346427917,1202,medium,113.7083032131195
-1.1263980865478516,-1.1608861684799194,0.03448803350329399,0.8916257619857788,0.043667037039995193,0.3448803424835205,0.950381875038147,1203,medium,113.78548789024353
-0.585656464099884,-0.7059992551803589,0.12034279108047485,0.9053117632865906,0.03478892892599106,1.2034279108047485,0.950381875038147,1204,medium,113.8953366279602
-0.5081660747528076,-0.5333142280578613,0.025148162618279457,0.7630517482757568,0.18589520454406738,0.2514816224575043,0.9503815174102783,1205,medium,113.99888253211975
-0.0631159096956253,-0.09150689840316772,0.028390992432832718,0.6326167583465576,0.1507517546415329,0.2839099168777466,0.950381875038147,1206,medium,114.10213685035706
0.13774332404136658,-0.05723172426223755,0.19497504830360413,0.6548256278038025,0.11423809081315994,1.9497504234313965,0.950381875038147,1207,medium,114.23178720474243
0.053695812821388245,-0.03849136829376221,0.09218718111515045,0.4199129641056061,0.2633521258831024,0.9218717813491821,0.823054850101471,1208,medium,114.35443234443665
0.6176941394805908,0.3017582893371582,0.31593582034111023,0.6148537397384644,0.46039965748786926,3.159358024597168,0.950381875038147,1209,medium,114.48528027534485
-0.3446863293647766,-0.3848978579044342,0.04021153971552849,0.7984894514083862,0.14702974259853363,0.4021153748035431,0.9503818154335022,1210,medium,114.5707688331604
-0.5164072513580322,-0.5447108745574951,0.02830364741384983,0.7897950410842896,0.19666966795921326,0.283036470413208,0.9503818154335022,1211,medium,114.6824243068695
-0.18425406515598297,-0.24034178256988525,0.05608772113919258,0.7724331021308899,0.1363992840051651,0.5608772039413452,0.9503818154335022,1212,medium,114.82069420814514
-0.7379727959632874,-0.7495259046554565,0.01155311893671751,0.7983275055885315,0.17161129415035248,0.11553119122982025,0.9503816962242126,1213,medium,114.89574909210205
-0.4787217378616333,-0.5154531002044678,0.036731358617544174,0.8494662642478943,0.13311530649662018,0.36731359362602234,0.8230547308921814,1214,medium,115.03394532203674
-0.32675713300704956,-0.3660953640937805,0.03933823108673096,0.8364312648773193,0.11171595752239227,0.39338231086730957,0.9503816962242126,1215,medium,115.12262988090515
-0.36196762323379517,-0.38262850046157837,0.0206608809530735,0.6301730275154114,0.38985589146614075,0.20660880208015442,0.8230546116828918,1216,medium,115.24632453918457
-0.31291812658309937,-0.3225362300872803,0.009618090465664864,0.6813309192657471,0.40100011229515076,0.09618090093135834,0.8230549097061157,1217,medium,115.32587838172913
0.03771151602268219,0.006604373455047607,0.031107140704989433,0.8672710061073303,0.049856171011924744,0.31107139587402344,0.9503819346427917,1218,medium,115.43478655815125
0.2549428641796112,-0.05713701248168945,0.31207987666130066,0.5689653754234314,0.36456385254859924,3.1207988262176514,0.8230547308921814,1219,medium,115.55499625205994
-0.19889740645885468,-0.23650652170181274,0.03760911896824837,0.6808788776397705,0.14476369321346283,0.3760911822319031,0.9503818154335022,1220,medium,115.65087962150574
-0.6989870071411133,-0.7088924646377563,0.009905482642352581,0.8937118649482727,0.10817181318998337,0.09905482828617096,0.8230549097061157,1221,medium,115.73458647727966
-0.20498958230018616,-0.28534048795700073,0.08035091310739517,0.6629956960678101,0.18220992386341095,0.8035091161727905,0.9503818154335022,1222,medium,115.87750959396362
0.0026632659137248993,-0.04886656999588013,0.051529835909605026,0.6159444451332092,0.3658447563648224,0.5152983665466309,0.8230549693107605,1223,medium,115.99160480499268
-0.11934778094291687,-0.15268313884735107,0.033335357904434204,0.741511344909668,0.18753162026405334,0.33335357904434204,0.9503818154335022,1224,medium,116.1253309249878
-0.16005036234855652,-0.16412317752838135,0.004072816576808691,0.7838260531425476,0.11900164186954498,0.040728166699409485,0.9503819346427917,1225,medium,116.20059013366699
0.08773479610681534,-0.014017283916473389,0.10175208002328873,0.29884541034698486,0.4093343913555145,1.017520785331726,0.6720214486122131,1226,medium,116.33789896965027
0.36782020330429077,0.22667810320854187,0.1411420851945877,0.6476194262504578,0.17325420677661896,1.4114208221435547,0.9503816366195679,1227,medium,116.47034788131714
-0.5314690470695496,-0.603291392326355,0.07182233780622482,0.7574092745780945,0.13527452945709229,0.7182233333587646,0.950381875038147,1228,medium,116.55543065071106
-0.7549903988838196,-0.8120729923248291,0.057082612067461014,0.6522295475006104,0.1973169595003128,0.5708261132240295,0.8230547308921814,1229,medium,116.6718361377716
-0.21336813271045685,-0.2359870970249176,0.022618962451815605,0.20791667699813843,0.3679778575897217,0.22618961334228516,0.47519102692604065,1230,medium,116.7469253540039
-0.33276769518852234,-0.37142646312713623,0.03865876421332359,0.7683914303779602,0.18006418645381927,0.38658764958381653,0.823054850101471,1231,medium,116.85851573944092
-0.38465771079063416,-0.38790202140808105,0.003244298743084073,0.856265664100647,0.06305798888206482,0.03244298696517944,0.9503818154335022,1232,medium,116.98430323600769
0.26869428157806396,-0.6144056916236877,0.8830999732017517,0.5473195910453796,0.34592655301094055,8.830999374389648,0.8230547904968262,1233,medium,117.13132286071777
-0.7284966111183167,-0.7476325631141663,0.01913594827055931,0.8863080143928528,0.06987251341342926,0.1913594752550125,0.9503819346427917,1234,medium,117.2312400341034
-0.3581850528717041,-0.3677590489387512,0.00957399234175682,0.8090378642082214,0.12772047519683838,0.0957399234175682,0.9503819346427917,1235,medium,117.35013937950134
-1.4529211521148682,-1.5267750024795532,0.07385381311178207,0.8929135203361511,0.09360716491937637,0.7385381460189819,0.950381875038147,1236,medium,117.42588329315186
0.16401934623718262,0.12219607830047607,0.041823264211416245,0.8358573913574219,0.07231227308511734,0.41823264956474304,0.9503816962242126,1237,medium,117.55183506011963
-0.6627557277679443,-0.6744649410247803,0.011709200218319893,0.8257756233215332,0.12006763368844986,0.11709199845790863,0.9503816962242126,1238,medium,117.67207551002502
-0.09431370347738266,-0.10952836275100708,0.015214662067592144,0.7779443264007568,0.1398756206035614,0.1521466225385666,0.9503819346427917,1239,medium,117.80194282531738
-0.28636589646339417,-0.31814703345298767,0.0317811481654644,0.8419973850250244,0.16290712356567383,0.3178114891052246,0.9503819346427917,1240,medium,117.90966796875
-0.20762032270431519,-0.2518015503883362,0.044181227684020996,0.7258026003837585,0.21321998536586761,0.44181227684020996,0.9503816962242126,1241,medium,118.01925301551819
-0.188150554895401,-0.26305997371673584,0.07490941137075424,0.6251128911972046,0.19719624519348145,0.7490941286087036,0.950381875038147,1242,medium,118.1496970653534
-0.5254518389701843,-0.5637499094009399,0.03829807788133621,0.6526746153831482,0.21332021057605743,0.3829807639122009,0.9503816366195679,1243,medium,118.25163555145264
-0.11851547658443451,-0.179176926612854,0.060661446303129196,0.7129977345466614,0.13808298110961914,0.6066144704818726,0.950381875038147,1244,medium,118.33951330184937
0.05632082372903824,-0.020200252532958984,0.07652107626199722,0.47396016120910645,0.28644466400146484,0.765210747718811,0.8230547904968262,1245,medium,118.48491907119751
-0.33919915556907654,-0.39951494336128235,0.06031578779220581,0.3033739924430847,0.3097669780254364,0.6031578779220581,0.6720215082168579,1246,medium,118.60710906982422
-0.29139819741249084,-0.3630663752555847,0.07166818529367447,0.7624592185020447,0.2103767842054367,0.7166818380355835,0.9503818154335022,1247,medium,118.73489427566528
0.18103450536727905,0.16462233662605286,0.016412168741226196,0.8555113673210144,0.06913501769304276,0.16412168741226196,0.9503818154335022,1248,medium,118.83348178863525
-0.29898181557655334,-0.31243038177490234,0.013448560610413551,0.8529331684112549,0.06395210325717926,0.13448560237884521,0.950381875038147,1249,medium,118.91004037857056
-0.36087939143180847,-0.39235830307006836,0.03147890791296959,0.8870290517807007,0.07149078696966171,0.3147890567779541,0.9503818154335022,1250,medium,119.03604888916016
0.23049752414226532,0.19299504160881042,0.037502486258745193,0.6180284023284912,0.441120982170105,0.37502485513687134,0.9503818154335022,1251,medium,119.12698531150818
0.18881940841674805,0.08026504516601562,0.10855436325073242,0.8024387359619141,0.04798596724867821,1.0855436325073242,0.8230549097061157,1252,medium,119.25428795814514
-0.25707462430000305,-0.2980150282382965,0.04094040021300316,0.7435237765312195,0.15092957019805908,0.4094039797782898,0.950381875038147,1253,medium,119.35788655281067
0.21010303497314453,0.17072439193725586,0.03937865048646927,0.8390926718711853,0.08786267787218094,0.3937864899635315,0.9503818154335022,1254,medium,119.46157813072205
-0.16929420828819275,-0.2129293978214264,0.04363519698381424,0.8081766963005066,0.2164355367422104,0.4363519549369812,0.9503819346427917,1255,medium,119.58794593811035
-0.9367959499359131,-1.0348480939865112,0.09805215895175934,0.690843939781189,0.40649735927581787,0.980521559715271,0.8230549097061157,1256,medium,119.69963502883911
-0.5744410753250122,-0.5802745819091797,0.005833511706441641,0.8036702871322632,0.1649741381406784,0.058335114270448685,0.9503816962242126,1257,medium,119.80088591575623
-0.09746763110160828,-0.12966930866241455,0.032201673835515976,0.8682632446289062,0.03539662063121796,0.32201671600341797,0.950381875038147,1258,medium,119.90076231956482
-0.16322419047355652,-0.22070473432540894,0.05748054012656212,0.7523994445800781,0.15367606282234192,0.5748053789138794,0.9503818154335022,1259,medium,120.01288843154907
-0.7665117383003235,-0.7735841274261475,0.0070723979733884335,0.774441123008728,0.20261016488075256,0.07072398066520691,0.950381875038147,1260,medium,120.08710622787476
0.07979876548051834,0.006807535886764526,0.07299122959375381,0.41349729895591736,0.43838179111480713,0.729912281036377,0.4751909673213959,1261,medium,120.16439151763916
-0.3588683307170868,-0.3672022223472595,0.008333893492817879,0.8962870836257935,0.046787213534116745,0.08333893120288849,0.950381875038147,1262,medium,120.28927898406982
-0.3320509195327759,-0.3495243191719055,0.017473390325903893,0.7689927220344543,0.07266417145729065,0.17473390698432922,0.950381875038147,1263,medium,120.41196846961975
-0.1699499785900116,-0.19448736310005188,0.02453739009797573,0.774968683719635,0.16725797951221466,0.2453738898038864,0.9503817558288574,1264,medium,120.5302140712738
-0.24271221458911896,-0.37767863273620605,0.1349664181470871,0.7725353240966797,0.15745757520198822,1.3496642112731934,0.9503816962242126,1265,medium,120.64546227455139
-0.9305551052093506,-0.9352756142616272,0.004720519296824932,0.902390718460083,0.05426677316427231,0.04720519110560417,0.950381875038147,1266,medium,120.74954223632812
-0.2269037365913391,-0.3096725344657898,0.08276879042387009,0.7526088356971741,0.1752028465270996,0.8276878595352173,0.9503818154335022,1267,medium,120.81834626197815
0.16470296680927277,0.12963342666625977,0.0350695438683033,0.7136483788490295,0.06139536201953888,0.3506954312324524,0.950381875038147,1268,medium,120.93520307540894
-0.49004489183425903,-0.5281145572662354,0.038069676607847214,0.8460444211959839,0.114527627825737,0.38069677352905273,0.9503817558288574,1269,medium,121.05316472053528
-0.058839015662670135,-0.07624498009681702,0.017405962571501732,0.9054926633834839,0.09902437031269073,0.17405962944030762,0.823054850101471,1270,medium,121.1781599521637
-0.26992282271385193,-0.2977544963359833,0.027831662446260452,0.7065799236297607,0.120528943836689,0.2783166170120239,0.9503819346427917,1271,medium,121.27189898490906
-0.9836646914482117,-1.0196505784988403,0.03598589822649956,0.7045801281929016,0.41414937376976013,0.35985898971557617,0.823054850101471,1272,medium,121.38502764701843
-0.15544334053993225,-0.16800129413604736,0.012557956390082836,0.6895437240600586,0.13341757655143738,0.1255795657634735,0.950381875038147,1273,medium,121.4975163936615
-0.1989290565252304,-0.2524803876876831,0.0535513274371624,0.841671347618103,0.09021412581205368,0.5355132818222046,0.950381875038147,1274,medium,121.57039475440979
-0.5907354354858398,-0.6061117649078369,0.015376314520835876,0.6704217791557312,0.3952619135379791,0.15376314520835876,0.823054850101471,1275,medium,121.65379118919373
-0.16745343804359436,-0.2519703507423401,0.08451692014932632,0.5670899748802185,0.35149314999580383,0.845169186592102,0.8230546712875366,1276,medium,121.75800704956055
-0.009300801903009415,-0.061669349670410156,0.05236854776740074,0.48053035140037537,0.3380391001701355,0.5236854553222656,0.8230547904968262,1277,medium,121.87621140480042
-0.5611910820007324,-0.7410538196563721,0.17986273765563965,0.5766271352767944,0.22635793685913086,1.7986273765563965,0.9503818154335022,1278,medium,122.01987361907959
0.07846984267234802,-0.0650017261505127,0.14347156882286072,0.7108492851257324,0.16116178035736084,1.4347156286239624,0.9503817558288574,1279,medium,122.13255596160889
-0.5224776268005371,-0.5494033694267273,0.026925772428512573,0.8558506369590759,0.08483172208070755,0.26925772428512573,0.9503819346427917,1280,medium,122.23991680145264
-0.367566853761673,-0.3910712003707886,0.023504335433244705,0.6586720943450928,0.3873223662376404,0.23504334688186646,0.823054850101471,1281,medium,122.34433341026306
-0.13036856055259705,-0.20205211639404297,0.07168355584144592,0.7340920567512512,0.14560674130916595,0.7168355584144592,0.9503817558288574,1282,medium,122.4575834274292
-0.5023557543754578,-0.5362036824226379,0.033847954124212265,0.8495916724205017,0.06474558264017105,0.33847954869270325,0.9503819346427917,1283,medium,122.58656978607178
-0.059506770223379135,-0.09565019607543945,0.03614342585206032,0.43467050790786743,0.2950933873653412,0.3614342510700226,0.8230546712875366,1284,medium,122.7210214138031
0.019957512617111206,0.00945986807346344,0.010497643612325191,0.802582859992981,0.1765938252210617,0.10497643798589706,0.950381875038147,1285,medium,122.7992250919342
-0.5176076889038086,-0.6342129707336426,0.11660528182983398,0.7510942220687866,0.14121119678020477,1.1660528182983398,0.9503818154335022,1286,medium,122.93483519554138
-0.12326793372631073,-0.14329195022583008,0.020024018362164497,0.5720010995864868,0.3378891944885254,0.20024017989635468,0.8230549097061157,1287,medium,123.05393195152283
-0.42788180708885193,-0.43691784143447876,0.00903603620827198,0.9241204261779785,0.05570210516452789,0.0903603583574295,0.950381875038147,1288,medium,123.13767051696777
-0.05082796886563301,-0.10600578784942627,0.05517781898379326,0.6591065526008606,0.14434073865413666,0.5517781972885132,0.9503819346427917,1289,medium,123.26826548576355
-0.245496928691864,-0.30640193819999695,0.06090501695871353,0.7184054255485535,0.16270914673805237,0.6090501546859741,0.9503818154335022,1290,medium,123.39515209197998
-0.9985896944999695,-1.0133131742477417,0.014723486267030239,0.9155275821685791,0.0564437210559845,0.14723485708236694,0.950381875038147,1291,medium,123.50377082824707
-0.03182653710246086,-0.060316383838653564,0.028489846736192703,0.6835646629333496,0.2605566382408142,0.28489845991134644,0.6720211505889893,1292,medium,123.63338112831116
-0.022767767310142517,-0.11535882949829102,0.0925910621881485,0.6859628558158875,0.17256221175193787,0.9259105920791626,0.9503816366195679,1293,medium,123.75781297683716
-0.6110996603965759,-0.6678589582443237,0.0567592978477478,0.7609428763389587,0.1887533813714981,0.567592978477478,0.950381875038147,1294,medium,123.88686299324036
0.07333026081323624,0.044272370636463165,0.029057888314127922,0.706989586353302,0.4171414077281952,0.2905788719654083,0.6720215082168579,1295,medium,123.96940922737122
-0.47706884145736694,-0.5298954844474792,0.05282663181424141,0.8682339191436768,0.10085418075323105,0.5282663106918335,0.950381875038147,1296,medium,124.04032135009766
0.08958961069583893,0.05615907907485962,0.03343052789568901,0.8676194548606873,0.06138702854514122,0.3343052864074707,0.950381875038147,1297,medium,124.14484071731567
-0.5744456052780151,-0.6871418952941895,0.11269626766443253,0.7637622356414795,0.2275024950504303,1.126962661743164,0.9503815174102783,1298,medium,124.24695992469788
-0.7763728499412537,-0.9466158151626587,0.17024298012256622,0.774567723274231,0.18404993414878845,1.7024297714233398,0.9503818154335022,1299,medium,124.32851219177246
-0.6216105818748474,-0.6561249494552612,0.03451436385512352,0.6806255578994751,0.11283385753631592,0.3451436161994934,0.9503819346427917,1300,medium,124.41609358787537
-1.1500465869903564,-1.1668682098388672,0.016821565106511116,0.879787802696228,0.09563393145799637,0.16821564733982086,0.950381875038147,1301,medium,124.49676609039307
-0.5046156644821167,-0.5344798564910889,0.029864175245165825,0.8606683611869812,0.05966457352042198,0.29864174127578735,0.9503818154335022,1302,medium,124.62528967857361
0.9012049436569214,-0.08745253086090088,0.9886574745178223,0.5050460696220398,0.3411291837692261,9.886574745178223,0.8230547904968262,1303,medium,124.74416518211365
-0.1921190470457077,-0.20956312119960785,0.017444079741835594,0.5748705863952637,0.35575777292251587,0.17444078624248505,0.8230549097061157,1304,medium,124.8248016834259
0.28445881605148315,0.2581876516342163,0.026271158829331398,0.7505737543106079,0.19616913795471191,0.2627115845680237,0.9503818154335022,1305,medium,124.92426872253418
-0.2328386753797531,-0.2793428897857666,0.04650421068072319,0.7447031736373901,0.16006992757320404,0.4650420844554901,0.8230549097061157,1306,medium,125.02373456954956
0.007531311362981796,-0.024788856506347656,0.03232016786932945,0.6951891183853149,0.2508057951927185,0.32320165634155273,0.9503818154335022,1307,medium,125.14450216293335
-0.4369368851184845,-0.4613588750362396,0.02442198060452938,0.859055757522583,0.08386396616697311,0.2442198097705841,0.950381875038147,1308,medium,125.2459728717804
-0.20057348906993866,-0.22400841116905212,0.023434922099113464,0.8823872804641724,0.09281592816114426,0.23434922099113464,0.950381875038147,1309,medium,125.36848473548889
-0.767905056476593,-0.816412091255188,0.04850706085562706,0.7230725288391113,0.19071702659130096,0.4850705862045288,0.9503816366195679,1310,medium,125.47337937355042
-0.5421288013458252,-0.7815487384796143,0.23941996693611145,0.9103637337684631,0.04488794133067131,2.3941996097564697,0.9503819346427917,1311,medium,125.57376980781555
-0.27598780393600464,-0.33222079277038574,0.05623297765851021,0.484152227640152,0.33248811960220337,0.5623297691345215,0.8230549097061157,1312,medium,125.71585536003113
0.08715533465147018,-0.007828950881958008,0.09498428553342819,0.5873969793319702,0.08747901767492294,0.9498428106307983,0.9503818154335022,1313,medium,125.84016108512878
-0.917119026184082,-1.0056599378585815,0.0885409340262413,0.6366627812385559,0.3810967206954956,0.8854092955589294,0.8230547308921814,1314,medium,125.95317125320435
-0.6541361808776855,-0.6702192425727844,0.016083041206002235,0.8651406168937683,0.10344073176383972,0.16083040833473206,0.950381875038147,1315,medium,126.05546879768372
-0.6600551009178162,-0.7244348526000977,0.06437976658344269,0.7057881951332092,0.19885554909706116,0.6437976360321045,0.9503816366195679,1316,medium,126.17105007171631
0.07117259502410889,0.051172323524951935,0.0200002733618021,0.8609011173248291,0.14220638573169708,0.2000027298927307,0.6720214486122131,1317,medium,126.27019762992859
-0.13791707158088684,-0.1529085636138916,0.01499149203300476,0.9500397443771362,0.03411839157342911,0.1499149203300476,0.823054850101471,1318,medium,126.37403416633606
0.05144267529249191,-0.04731026291847229,0.0987529382109642,0.4238587021827698,0.2916046380996704,0.9875293970108032,0.8230549097061157,1319,medium,126.50584316253662
-0.35874560475349426,-0.3978559970855713,0.039110392332077026,0.7984495759010315,0.1893521249294281,0.39110392332077026,0.9503814578056335,1320,medium,126.63895988464355
-0.6287379264831543,-0.8106179237365723,0.18187998235225677,0.699708104133606,0.15902242064476013,1.8187997341156006,0.9503818154335022,1321,medium,126.77417016029358
-0.1434069275856018,-0.1577904224395752,0.014383497647941113,0.7946408987045288,0.22708366811275482,0.14383497834205627,0.9503815770149231,1322,medium,126.88700652122498
-0.6349987387657166,-0.6980664134025574,0.06306767463684082,0.8279941082000732,0.15616117417812347,0.6306767463684082,0.950381875038147,1323,medium,127.00077795982361
-0.08468297123908997,-0.12176954746246338,0.03708657622337341,0.6419839262962341,0.15636758506298065,0.37086576223373413,0.950381875038147,1324,medium,127.10807847976685
0.06680884957313538,-0.10932332277297974,0.1761321723461151,0.7288684248924255,0.16795934736728668,1.7613216638565063,0.9503818154335022,1325,medium,127.22888398170471
-0.40185657143592834,-0.44306063652038574,0.0412040650844574,0.6602172255516052,0.18516585230827332,0.412040650844574,0.9503815174102783,1326,medium,127.36116051673889
-0.40023037791252136,-0.6532735228538513,0.25304314494132996,0.9226254820823669,0.04830692708492279,2.5304315090179443,0.9503819346427917,1327,medium,127.45740938186646
-0.20898324251174927,-0.6529718637466431,0.4439886212348938,0.8150346279144287,0.1248553916811943,4.439886093139648,0.9503816962242126,1328,medium,127.57362818717957
-0.45629024505615234,-0.47023826837539673,0.013948037289083004,0.6477260589599609,0.3944253623485565,0.1394803673028946,0.8230547308921814,1329,medium,127.68242955207825
-1.0511037111282349,-1.203222393989563,0.15211863815784454,0.867438018321991,0.07401443272829056,1.521186351776123,0.950381875038147,1330,medium,127.76699256896973
-0.6459652781486511,-0.6929637789726257,0.046998508274555206,0.6444936394691467,0.3892723321914673,0.46998506784439087,0.823054850101471,1331,medium,127.87507486343384
-0.2869018614292145,-0.29221996665000916,0.00531810661777854,0.893699586391449,0.055823102593421936,0.05318106338381767,0.9503819346427917,1332,medium,127.98178482055664
-0.7386258244514465,-0.7493199110031128,0.010694078169763088,0.8527553081512451,0.08239542692899704,0.10694077610969543,0.950381875038147,1333,medium,128.0796639919281
-0.5040566325187683,-0.5415905714035034,0.03753393515944481,0.8729957342147827,0.09998933970928192,0.3753393292427063,0.9503818154335022,1334,medium,128.21135115623474
0.3801902234554291,0.3375030755996704,0.042687155306339264,0.5987632870674133,0.35242563486099243,0.42687153816223145,0.823054850101471,1335,medium,128.33973288536072
-0.4331919252872467,-0.5030201077461243,0.06982818990945816,0.8944251537322998,0.05048069357872009,0.6982818841934204,0.950381875038147,1336,medium,128.44283819198608
0.521478533744812,0.45220229029655457,0.06927623599767685,0.8444624543190002,0.07414425909519196,0.6927623152732849,0.8230549097061157,1337,medium,128.58687496185303
-1.2639251947402954,-1.2795164585113525,0.01559124793857336,0.8336630463600159,0.048537660390138626,0.15591247379779816,0.9503819346427917,1338,medium,128.67803573608398
-0.48280787467956543,-0.6533634662628174,0.17055557668209076,0.6841121315956116,0.18205176293849945,1.7055556774139404,0.9503818154335022,1339,medium,128.78017950057983
-0.1851009726524353,-0.22587324678897858,0.04077227786183357,0.817086935043335,0.10320326685905457,0.4077227711677551,0.9503820538520813,1340,medium,128.90358543395996
0.07977719604969025,0.05232203006744385,0.027455169707536697,0.7715973854064941,0.12439359724521637,0.2745516896247864,0.9503818154335022,1341,medium,128.99676895141602
0.2301585078239441,0.1897633671760559,0.040395136922597885,0.6466588377952576,0.15316219627857208,0.40395134687423706,0.9503820538520813,1342,medium,129.12630677223206
-0.2253817319869995,-0.26381802558898926,0.03843628987669945,0.7774028778076172,0.14363081753253937,0.3843628764152527,0.9503816366195679,1343,medium,129.245050907135
-0.2796456217765808,-0.4093301296234131,0.12968452274799347,0.6114166975021362,0.10013113915920258,1.2968451976776123,0.9503816962242126,1344,medium,129.373206615448
0.13952268660068512,0.08451440930366516,0.05500827357172966,0.6671482920646667,0.08766447752714157,0.5500827431678772,0.9503815770149231,1345,medium,129.48832964897156
-1.2496258020401,-1.2769964933395386,0.027370696887373924,0.8319669365882874,0.08786021173000336,0.27370697259902954,0.9503819346427917,1346,medium,129.56717467308044
-0.1750566065311432,-0.19554942846298218,0.02049281820654869,0.782868504524231,0.14479105174541473,0.2049281746149063,0.823054850101471,1347,medium,129.63547825813293
-0.13099730014801025,-0.18493995070457458,0.05394265800714493,0.7462326288223267,0.060443215072155,0.5394265651702881,0.950381875038147,1348,medium,129.72278213500977
-0.33183571696281433,-0.3527652621269226,0.020929532125592232,0.845313549041748,0.10401002317667007,0.20929531753063202,0.950381875038147,1349,medium,129.80452489852905
-0.22113606333732605,-0.2742597162723541,0.053123652935028076,0.7797443866729736,0.1727922260761261,0.5312365293502808,0.9503816962242126,1350,medium,129.90918016433716
-0.011063069105148315,-0.04274618625640869,0.031683117151260376,0.5804760456085205,0.36345958709716797,0.31683117151260376,0.8230546712875366,1351,medium,129.9841432571411
-0.2524431049823761,-0.2730776369571686,0.02063453197479248,0.8433052897453308,0.04574421048164368,0.2063453197479248,0.9503819346427917,1352,medium,130.10223960876465
-0.010765504091978073,-0.05407947301864624,0.04331396892666817,0.6350975036621094,0.21803218126296997,0.4331396818161011,0.8230546712875366,1353,medium,130.21894240379333
-0.3359343707561493,-0.36017417907714844,0.024239812046289444,0.8703206777572632,0.12337429821491241,0.24239811301231384,0.9503818154335022,1354,medium,130.35076546669006
-0.14997702836990356,-0.1812194585800171,0.031242430210113525,0.814650297164917,0.07220339775085449,0.31242430210113525,0.9503818154335022,1355,medium,130.48417210578918
0.27603819966316223,0.2589832544326782,0.017054937779903412,0.5081206560134888,0.3560682535171509,0.17054937779903412,0.8230547308921814,1356,medium,130.61216735839844
0.11133164912462234,0.09096184372901917,0.02036980725824833,0.8256328701972961,0.09559427946805954,0.203698068857193,0.9503819346427917,1357,medium,130.7108850479126
0.13407963514328003,0.07532942295074463,0.058750219643116,0.6333989500999451,0.37625691294670105,0.5875021815299988,0.8230547308921814,1358,medium,130.83705353736877
-0.4170255661010742,-0.44099968671798706,0.02397412620484829,0.7079384326934814,0.15750755369663239,0.2397412657737732,0.9503818154335022,1359,medium,130.93085956573486
-0.21360713243484497,-0.22222420573234558,0.008617077022790909,0.7786702513694763,0.09336548298597336,0.08617077022790909,0.950381875038147,1360,medium,131.00153470039368
0.16398245096206665,0.12730571627616882,0.03667672723531723,0.5964854955673218,0.392261803150177,0.3667672574520111,0.6720208525657654,1361,medium,131.13080883026123
0.07430104911327362,-0.14587455987930298,0.2201756089925766,0.568025529384613,0.361330509185791,2.201756000518799,0.8230549097061157,1362,medium,131.21704244613647
-0.15682685375213623,-0.1715279221534729,0.014701062813401222,0.7778164148330688,0.18876002728939056,0.14701062440872192,0.9503818154335022,1363,medium,131.31789469718933
-0.07226810604333878,-0.07532089948654175,0.00305279647000134,0.8002448678016663,0.20563676953315735,0.030527964234352112,0.6720213890075684,1364,medium,131.43222618103027
-0.1484248787164688,-0.15648388862609863,0.00805901549756527,0.8064941763877869,0.10611511021852493,0.0805901512503624,0.9503819346427917,1365,medium,131.5507788658142
-0.6110956072807312,-0.684760332107544,0.07366473972797394,0.9087730646133423,0.04715031757950783,0.736647367477417,0.9503819346427917,1366,medium,131.65758347511292
-0.18554097414016724,-0.2642368674278259,0.07869590073823929,0.5564738512039185,0.38569176197052,0.7869589924812317,0.8230549693107605,1367,medium,131.77944660186768
-0.5137311816215515,-0.5521817207336426,0.03845054656267166,0.7073590159416199,0.15359021723270416,0.3845054507255554,0.9503817558288574,1368,medium,131.8953037261963
-0.4227239191532135,-0.4616396427154541,0.0389157235622406,0.8459815382957458,0.04726243391633034,0.389157235622406,0.9503819346427917,1369,medium,132.01592659950256
-0.17656955122947693,-0.20598214864730835,0.02941260114312172,0.727462649345398,0.18564198911190033,0.2941260039806366,0.9503817558288574,1370,medium,132.15407586097717
-0.594201922416687,-0.6216566562652588,0.027454739436507225,0.8798896074295044,0.07485461235046387,0.27454739809036255,0.950381875038147,1371,medium,132.24269938468933
-0.32772165536880493,-0.3530547618865967,0.025333119556307793,0.7268218994140625,0.12746183574199677,0.25333118438720703,0.823054850101471,1372,medium,132.348473072052
-0.5820870399475098,-0.5888990759849548,0.0068120495416224,0.8109850287437439,0.14806440472602844,0.06812049448490143,0.9503819346427917,1373,medium,132.46691179275513
-0.49469566345214844,-0.5968155860900879,0.10211993753910065,0.7449914216995239,0.12249787151813507,1.021199345588684,0.9503818154335022,1374,medium,132.58636951446533
-0.15280216932296753,-0.18061721324920654,0.027815043926239014,0.6283951997756958,0.15776237845420837,0.27815043926239014,0.9503818154335022,1375,medium,132.70859360694885
-0.1447937786579132,-0.18308189511299133,0.03828811272978783,0.6467524170875549,0.38609981536865234,0.3828811049461365,0.823054850101471,1376,medium,132.78363227844238
-0.3396528363227844,-0.3885670304298401,0.048914194107055664,0.7397420406341553,0.17300893366336823,0.48914194107055664,0.9503819346427917,1377,medium,132.88704252243042
-0.5369062423706055,-0.5657920837402344,0.02888585440814495,0.770721971988678,0.12730629742145538,0.2888585329055786,0.9503818154335022,1378,medium,133.0042371749878
-0.1435827910900116,-0.18463531136512756,0.04105251654982567,0.7903430461883545,0.04980195313692093,0.4105251431465149,0.950381875038147,1379,medium,133.13832426071167
-0.12372909486293793,-0.14059790968894958,0.016868814826011658,0.9116362929344177,0.06542380899190903,0.16868814826011658,0.9503819346427917,1380,medium,133.21776366233826
-0.7717679738998413,-0.7878808975219727,0.016112906858325005,0.8232579231262207,0.14794175326824188,0.16112907230854034,0.9503819346427917,1381,medium,133.28540635108948
-0.3198559880256653,-0.339560866355896,0.01970488205552101,0.915783166885376,0.08054971694946289,0.19704881310462952,0.950381875038147,1382,medium,133.41551041603088
0.11680445820093155,0.04777193069458008,0.06903252750635147,0.6503562927246094,0.33031165599823,0.6903252601623535,0.6720210909843445,1383,medium,133.53066778182983
0.5930911302566528,-0.5157598257064819,1.1088509559631348,0.5765971541404724,0.3913362920284271,11.088509559631348,0.823054850101471,1384,medium,133.66387701034546
0.08385530859231949,0.033722639083862305,0.050132669508457184,0.6085944771766663,0.45202556252479553,0.5013266801834106,0.9503816962242126,1385,medium,133.77227354049683
-0.28401657938957214,-0.3012283146381378,0.01721174083650112,0.7868003845214844,0.060009751468896866,0.1721174120903015,0.9503819346427917,1386,medium,133.8740038871765
-0.06933294236660004,-0.13000738620758057,0.06067444011569023,0.5261838436126709,0.1909341812133789,0.6067444086074829,0.9503818154335022,1387,medium,134.02283430099487
-0.053349144756793976,-0.07902681827545166,0.025677675381302834,0.5988585352897644,0.40535134077072144,0.25677675008773804,0.6720213890075684,1388,medium,134.1012454032898
-0.11410152912139893,-0.1180512011051178,0.003949675243347883,0.8057214617729187,0.14035393297672272,0.03949674963951111,0.9503819942474365,1389,medium,134.21464657783508
-0.12665942311286926,-0.16086876392364502,0.03420934081077576,0.5782164931297302,0.22111675143241882,0.34209340810775757,0.950381875038147,1390,medium,134.3025562763214
-0.8362903594970703,-0.8659632205963135,0.029672840610146523,0.5950661897659302,0.3650798499584198,0.2967284023761749,0.8230549097061157,1391,medium,134.37319040298462
-0.17505228519439697,-0.22076928615570068,0.04571699723601341,0.42400988936424255,0.30448728799819946,0.4571699798107147,0.8230544328689575,1392,medium,134.47204542160034
-0.07834599912166595,-0.11858075857162476,0.0402347594499588,0.6330345273017883,0.29153406620025635,0.402347594499588,0.9503815770149231,1393,medium,134.57514262199402
-0.9731298685073853,-1.0456132888793945,0.07248341292142868,0.8571422696113586,0.13548408448696136,0.7248340845108032,0.9503818154335022,1394,medium,134.68397426605225
-0.0078099388629198074,-0.038601458072662354,0.030791519209742546,0.7885452508926392,0.05745283141732216,0.30791518092155457,0.950381875038147,1395,medium,134.78582096099854
-0.710512101650238,-0.81082683801651,0.10031471401453018,0.7256485223770142,0.20645365118980408,1.0031471252441406,0.950381875038147,1396,medium,134.89559388160706
-0.5260546207427979,-0.5926908254623413,0.06663619726896286,0.7691630721092224,0.10434705764055252,0.666361927986145,0.9503819346427917,1397,medium,134.96570539474487
-0.14213508367538452,-0.1841934323310852,0.042058344930410385,0.8013287782669067,0.10633555799722672,0.42058342695236206,0.8230549097061157,1398,medium,135.09348940849304
0.39890915155410767,0.3543192744255066,0.04458986595273018,0.5430828332901001,0.32085829973220825,0.4458986520767212,0.8230549097061157,1399,medium,135.22304463386536
-0.7257189750671387,-0.8183072805404663,0.09258832782506943,0.8420079946517944,0.09591880440711975,0.9258832931518555,0.950381875038147,1400,medium,135.35148668289185
-0.29261308908462524,-0.31436166167259216,0.02174856886267662,0.7530561089515686,0.063531793653965,0.2174856811761856,0.950381875038147,1401,medium,135.44145798683167
-0.10582338273525238,-0.15116804838180542,0.04534466192126274,0.829840362071991,0.06349291652441025,0.453446626663208,0.8230547904968262,1402,medium,135.56811904907227
-0.25134575366973877,-0.3324073553085327,0.08106159418821335,0.7381600141525269,0.2186475545167923,0.8106158971786499,0.950381875038147,1403,medium,135.63497400283813
-0.12820853292942047,-0.1442532241344452,0.016044696792960167,0.794614851474762,0.09759845584630966,0.16044695675373077,0.9503819346427917,1404,medium,135.7269732952118
-0.011846251785755157,-0.08183044195175171,0.06998419016599655,0.7494311332702637,0.09969814866781235,0.6998418569564819,0.9503818154335022,1405,medium,135.83859968185425
0.08826708048582077,0.05725032091140747,0.03101676143705845,0.3736379146575928,0.38912248611450195,0.3101676106452942,0.6720214486122131,1406,medium,135.93019652366638
-0.5030238032341003,-0.5146819949150085,0.011658190749585629,0.8637756109237671,0.1012461706995964,0.11658190190792084,0.9503819346427917,1407,medium,136.0519802570343
0.005725540220737457,-0.05566966533660889,0.061395205557346344,0.45525774359703064,0.46330010890960693,0.6139520406723022,0.6720215082168579,1408,medium,136.1586549282074
-0.2783554494380951,-0.3351425528526306,0.056787099689245224,0.8705480694770813,0.06705613434314728,0.5678709745407104,0.9503817558288574,1409,medium,136.28526949882507
-0.16060873866081238,-0.4379976987838745,0.27738896012306213,0.6417818069458008,0.1521851271390915,2.7738895416259766,0.9503816962242126,1410,medium,136.4058403968811
-0.20460334420204163,-0.22284668684005737,0.018243348225951195,0.328567236661911,0.3882122337818146,0.18243348598480225,0.6720213890075684,1411,medium,136.49043035507202
-0.469792902469635,-0.5370053648948669,0.06721247732639313,0.6732807159423828,0.2505336105823517,0.6721247434616089,0.9503819346427917,1412,medium,136.6011872291565
-0.6292576193809509,-0.6501827836036682,0.020925182849168777,0.7473766207695007,0.18509846925735474,0.20925182104110718,0.9503818154335022,1413,medium,136.72746419906616
-0.24751120805740356,-0.28302276134490967,0.035511553287506104,0.9268430471420288,0.03726116940379143,0.35511553287506104,0.950381875038147,1414,medium,136.83511638641357
-0.36340779066085815,-0.5000215768814087,0.13661377131938934,0.6604413390159607,0.19430433213710785,1.3661377429962158,0.9503816962242126,1415,medium,136.97167897224426
-0.420594185590744,-0.42956823110580444,0.008974037133157253,0.7701253294944763,0.2210824191570282,0.08974036574363708,0.9503818154335022,1416,medium,137.1048445701599
-0.43956854939460754,-0.45525315403938293,0.015684612095355988,0.8695952892303467,0.14573660492897034,0.15684612095355988,0.9503818154335022,1417,medium,137.20926976203918
-0.19392356276512146,-0.2459268569946289,0.05200330168008804,0.7811049818992615,0.07516036927700043,0.5200330018997192,0.9503819346427917,1418,medium,137.3159258365631
0.049121979624032974,0.004217624664306641,0.044904354959726334,0.6765699982643127,0.1399073451757431,0.44904354214668274,0.950381875038147,1419,medium,137.4189429283142
-0.16944293677806854,-0.20194315910339355,0.032500218600034714,0.6556541323661804,0.13071337342262268,0.32500219345092773,0.9503817558288574,1420,medium,137.53746104240417
-0.9901909828186035,-1.1176471710205078,0.1274562031030655,0.5821090936660767,0.38231149315834045,1.2745620012283325,0.823054850101471,1421,medium,137.626784324646
-0.18882083892822266,-0.20876717567443848,0.01994633674621582,0.6532439589500427,0.11279671639204025,0.1994633674621582,0.950381875038147,1422,medium,137.74231815338135
-0.461037278175354,-0.4716956913471222,0.01065839920192957,0.8012033700942993,0.10232866555452347,0.10658399015665054,0.9503819346427917,1423,medium,137.82513308525085
-0.5822747945785522,-0.6109893918037415,0.02871462143957615,0.5789825320243835,0.3714790940284729,0.2871462106704712,0.8230547308921814,1424,medium,137.9120066165924
-0.8617950677871704,-0.9126569628715515,0.050861891359090805,0.6601076126098633,0.3911944031715393,0.5086188912391663,0.8230549097061157,1425,medium,138.0222725868225
0.21920213103294373,0.20709456503391266,0.012107561342418194,0.7685444355010986,0.046044331043958664,0.12107561528682709,0.9503819346427917,1426,medium,138.12637996673584
-1.0389437675476074,-1.0613267421722412,0.02238294668495655,0.6104481220245361,0.3906722068786621,0.2238294631242752,0.823054850101471,1427,medium,138.22517943382263
-0.6916472315788269,-0.7606436610221863,0.06899644434452057,0.5713070631027222,0.3478856682777405,0.6899644136428833,0.8230547904968262,1428,medium,138.349045753479
-0.017019901424646378,-0.04877975583076477,0.03175985440611839,0.8593538999557495,0.06772042065858841,0.31759852170944214,0.9503819346427917,1429,medium,138.48117351531982
-0.2924584150314331,-0.360357403755188,0.06789898872375488,0.8280798196792603,0.06802791357040405,0.6789898872375488,0.9503819346427917,1430,medium,138.56416368484497
-0.4111228883266449,-0.5100127458572388,0.09888985008001328,0.41452813148498535,0.4341936409473419,0.988898515701294,0.6720213890075684,1431,medium,138.69395875930786
-0.4341513216495514,-0.45449650287628174,0.02034517005085945,0.8655986189842224,0.04129587113857269,0.20345169305801392,0.950381875038147,1432,medium,138.82030391693115
-0.4805905520915985,-0.5300852060317993,0.04949464648962021,0.7156373262405396,0.17656606435775757,0.4949464499950409,0.9503818154335022,1433,medium,138.92057085037231
-0.13214336335659027,-0.17910176515579224,0.046958405524492264,0.7406152486801147,0.11331450194120407,0.46958404779434204,0.9503819346427917,1434,medium,139.0411696434021
-0.4609527289867401,-0.4697004556655884,0.00874771922826767,0.7017262578010559,0.413225382566452,0.0874771922826767,0.823054850101471,1435,medium,139.11738324165344
-0.2814628481864929,-0.29737985134124756,0.01591700129210949,0.7796165943145752,0.1279274821281433,0.159170001745224,0.9503815174102783,1436,medium,139.20870327949524
-0.6121240854263306,-0.6292669773101807,0.017142880707979202,0.7976828813552856,0.07866711169481277,0.17142879962921143,0.9503818154335022,1437,medium,139.31872844696045
-0.06950608640909195,-0.14476799964904785,0.0752619132399559,0.747370183467865,0.14055021107196808,0.7526191473007202,0.950381875038147,1438,medium,139.45190358161926
-0.09442155063152313,-0.10824382305145264,0.01382227148860693,0.7488988637924194,0.18516573309898376,0.13822270929813385,0.9503818154335022,1439,medium,139.565247297287
-0.40974950790405273,-0.5523529052734375,0.14260341227054596,0.7815074920654297,0.12266144901514053,1.4260340929031372,0.9503819346427917,1440,medium,139.69224548339844
-0.26811814308166504,-0.32206857204437256,0.053950440138578415,0.5231812596321106,0.32362043857574463,0.5395044088363647,0.6720214486122131,1441,medium,139.7902545928955
-0.07815691828727722,-0.1519215703010559,0.07376465201377869,0.8365817666053772,0.08696833997964859,0.7376465201377869,0.9503816962242126,1442,medium,139.92488360404968
-0.03912431746721268,-0.04633152112364769,0.007207205053418875,0.9443334937095642,0.021184908226132393,0.07207205146551132,0.950381875038147,1443,medium,140.0534451007843
-0.18253353238105774,-0.21484747529029846,0.03231395035982132,0.7268379330635071,0.23144616186618805,0.323139488697052,0.8230547904968262,1444,medium,140.1806676387787
-0.1118130013346672,-0.12704360485076904,0.015230603516101837,0.8117489814758301,0.12409122288227081,0.15230603516101837,0.9503816366195679,1445,medium,140.31021356582642
0.173301562666893,-0.03687453269958496,0.21017609536647797,0.6525273323059082,0.38406646251678467,2.1017608642578125,0.823054850101471,1446,medium,140.46743059158325
-0.6198109984397888,-0.7355360984802246,0.1157250925898552,0.49607616662979126,0.32397860288619995,1.1572508811950684,0.823054850101471,1447,medium,140.60651540756226
0.086399145424366,0.049246132373809814,0.03715301305055618,0.8418242335319519,0.03151464834809303,0.37153011560440063,0.950381875038147,1448,medium,140.73101711273193
0.4108682870864868,0.18561208248138428,0.22525620460510254,0.6972980499267578,0.17474663257598877,2.2525620460510254,0.9503818154335022,1449,medium,140.86192321777344
-0.1575404554605484,-0.16865837574005127,0.011117919348180294,0.8199018836021423,0.1381041556596756,0.11117918789386749,0.823054850101471,1450,medium,140.98733258247375
-0.5614277124404907,-0.6317446231842041,0.07031693309545517,0.6727189421653748,0.39790695905685425,0.7031692862510681,0.8230549097061157,1451,medium,141.11642861366272
0.27465498447418213,0.20477789640426636,0.06987708061933517,0.6540418267250061,0.2748683989048004,0.6987708210945129,0.9503815174102783,1452,medium,141.23015832901
0.1386113315820694,0.12441831827163696,0.01419301051646471,0.7751253843307495,0.09784328192472458,0.14193010330200195,0.950381875038147,1453,medium,141.31024551391602
-0.4841024577617645,-0.5083888173103333,0.024286353960633278,0.7909785509109497,0.12237939238548279,0.24286353588104248,0.950381875038147,1454,medium,141.41990900039673
-0.9017691612243652,-0.9497186541557312,0.047949474304914474,0.7580769062042236,0.17060843110084534,0.47949475049972534,0.950381875038147,1455,medium,141.51866817474365
-0.6966831684112549,-0.7469676733016968,0.050284504890441895,0.7501943111419678,0.15561282634735107,0.502845048904419,0.950381875038147,1456,medium,141.61015486717224
-0.6343027353286743,-0.6512511968612671,0.016948452219367027,0.7884005308151245,0.0911519005894661,0.16948451101779938,0.9503818154335022,1457,medium,141.71408414840698
-0.9673111438751221,-0.9821988940238953,0.014887741766870022,0.8632464408874512,0.08857893943786621,0.14887741208076477,0.9503817558288574,1458,medium,141.84013557434082
0.50920170545578,0.4668705463409424,0.042331140488386154,0.4650641679763794,0.4725818932056427,0.42331138253211975,0.6720214486122131,1459,medium,141.91500568389893
0.0709841400384903,0.021890729665756226,0.04909341409802437,0.5882736444473267,0.4095046818256378,0.4909341335296631,0.823054850101471,1460,medium,142.04337334632874
-0.005316363647580147,-0.02789968252182007,0.02258331887423992,0.7761576771736145,0.09195263683795929,0.22583317756652832,0.950381875038147,1461,medium,142.14609956741333
0.15754224359989166,0.14926418662071228,0.008278059773147106,0.7995995283126831,0.19903704524040222,0.08278059214353561,0.950381875038147,1462,medium,142.24752950668335
-0.1386004090309143,-0.1570325493812561,0.0184321366250515,0.5562036633491516,0.3550393581390381,0.1843213587999344,0.8230549097061157,1463,medium,142.36421513557434
-0.5400353074073792,-0.6113075017929077,0.07127219438552856,0.6327009201049805,0.2210044115781784,0.7127219438552856,0.950381875038147,1464,medium,142.48141598701477
-0.4091946482658386,-0.4357713460922241,0.026576686650514603,0.7661594748497009,0.12473500519990921,0.26576685905456543,0.9503818154335022,1465,medium,142.60837626457214
-0.1515614241361618,-0.1813170313835144,0.02975560538470745,0.623573899269104,0.3739858865737915,0.2975560426712036,0.823054850101471,1466,medium,142.7105746269226
-0.2915007174015045,-0.37629932165145874,0.08479861170053482,0.4618609845638275,0.28098398447036743,0.847986102104187,0.823054850101471,1467,medium,142.84932255744934
-0.3035189211368561,-0.36519503593444824,0.061676111072301865,0.7855771780014038,0.2175695300102234,0.6167610883712769,0.9503815770149231,1468,medium,142.95596933364868
-0.217638298869133,-0.22736704349517822,0.009728739969432354,0.8619391322135925,0.0707746297121048,0.09728740155696869,0.950381875038147,1469,medium,143.08744502067566
-1.190849781036377,-1.255435824394226,0.0645861029624939,0.734885036945343,0.12262341380119324,0.645861029624939,0.9503818154335022,1470,medium,143.1896960735321
-0.498597651720047,-0.566826581954956,0.06822892278432846,0.7434937953948975,0.3069169819355011,0.6822892427444458,0.9503818154335022,1471,medium,143.32529711723328
-0.7137497663497925,-0.7523895502090454,0.03863980993628502,0.7830184102058411,0.11939530074596405,0.3863981068134308,0.950381875038147,1472,medium,143.40164923667908
-0.0630265474319458,-0.10400132834911346,0.04097478464245796,0.6987816095352173,0.19051434099674225,0.409747838973999,0.9503818154335022,1473,medium,143.52200651168823
-0.6794085502624512,-0.7552978992462158,0.07588937878608704,0.7316692471504211,0.22839748859405518,0.7588937878608704,0.9503818154335022,1474,medium,143.64811420440674
-1.4955075979232788,-1.5426701307296753,0.04716257005929947,0.8430599570274353,0.10460907965898514,0.4716256856918335,0.950381875038147,1475,medium,143.72051334381104
-0.1494704633951187,-0.1764516830444336,0.026981225237250328,0.8276128172874451,0.11596769839525223,0.2698122560977936,0.9503815174102783,1476,medium,143.831378698349
-0.4651068150997162,-0.4867619574069977,0.021655146032571793,0.7559216022491455,0.16388000547885895,0.21655145287513733,0.950381875038147,1477,medium,143.94021153450012
0.032674454152584076,-0.014089584350585938,0.04676403850317001,0.7892100214958191,0.12862464785575867,0.46764037013053894,0.9503818154335022,1478,medium,144.06570029258728
-0.15720421075820923,-0.21926331520080566,0.062059104442596436,0.8302483558654785,0.17053499817848206,0.6205910444259644,0.8230547308921814,1479,medium,144.19317245483398
-0.07755347341299057,-0.13341057300567627,0.0558570995926857,0.8147286772727966,0.05025924742221832,0.5585709810256958,0.9503818154335022,1480,medium,144.3027946949005
0.019664891064167023,-0.019538164138793945,0.03920305520296097,0.724078893661499,0.1808701753616333,0.3920305371284485,0.950381875038147,1481,medium,144.42431449890137
-0.6104200482368469,-0.6748676300048828,0.0644475668668747,0.8391082882881165,0.08181548863649368,0.6444756388664246,0.950381875038147,1482,medium,144.544695854187
0.04642611742019653,0.02520167827606201,0.021224437281489372,0.7430788278579712,0.20157083868980408,0.21224437654018402,0.9503816366195679,1483,medium,144.64484429359436
-0.7868223190307617,-0.8191380500793457,0.032315708696842194,0.8115732073783875,0.07772467285394669,0.32315707206726074,0.9503819346427917,1484,medium,144.7693350315094
-1.3135088682174683,-1.3551898002624512,0.04168087989091873,0.6386055946350098,0.3809348940849304,0.4168087840080261,0.823054850101471,1485,medium,144.87413382530212
0.2583712935447693,0.1616053581237793,0.09676593542098999,0.5940086245536804,0.19709843397140503,0.9676593542098999,0.9503813982009888,1486,medium,145.0151288509369
-0.42274051904678345,-0.4385988712310791,0.015858342871069908,0.6301395893096924,0.17600031197071075,0.15858343243598938,0.9503817558288574,1487,medium,145.09388208389282
-0.05733516812324524,-0.069654181599617,0.012319015339016914,0.6754497289657593,0.10619300603866577,0.12319014966487885,0.823054850101471,1488,medium,145.17044949531555
-0.08849510550498962,-0.1150357723236084,0.026540670543909073,0.7361034154891968,0.21430188417434692,0.26540669798851013,0.9503818154335022,1489,medium,145.28605699539185
-0.028084874153137207,-0.0901108980178833,0.062026023864746094,0.5594550371170044,0.13420620560646057,0.6202602386474609,0.9503816366195679,1490,medium,145.42942881584167
-0.04588756710290909,-0.14112067222595215,0.09523310512304306,0.6476399898529053,0.16143697500228882,0.9523310661315918,0.9503817558288574,1491,medium,145.5608160495758
-0.20043854415416718,-0.29792308807373047,0.0974845439195633,0.6664049625396729,0.1876625120639801,0.9748454093933105,0.9503815770149231,1492,medium,145.69731903076172
-0.6310509443283081,-0.6681316494941711,0.037080731242895126,0.5834325551986694,0.3811120390892029,0.3708072900772095,0.823054850101471,1493,medium,145.782634973526
0.9529573917388916,0.8682466745376587,0.08471068739891052,0.5914817452430725,0.1410829722881317,0.8471068739891052,0.950381875038147,1494,medium,145.93095135688782
-0.11588818579912186,-0.19800841808319092,0.08212023228406906,0.6546279191970825,0.2711736261844635,0.8212023377418518,0.9503819346427917,1495,medium,146.05911898612976
-0.0644722655415535,-0.09336215257644653,0.028889888897538185,0.8286586999893188,0.1522568315267563,0.28889888525009155,0.823054850101471,1496,medium,146.16563868522644
-0.6687895059585571,-0.733586311340332,0.0647968053817749,0.9027072191238403,0.04628143459558487,0.647968053817749,0.9503819346427917,1497,medium,146.28558588027954
-0.31899493932724,-0.33132025599479675,0.012325323186814785,0.8556293845176697,0.06029826030135155,0.1232532262802124,0.823054850101471,1498,medium,146.3895390033722
0.06906256079673767,0.03938877582550049,0.02967378869652748,0.6012958288192749,0.36906498670578003,0.2967378795146942,0.823054850101471,1499,medium,146.48854517936707
0.1778692901134491,0.08422493934631348,0.09364434331655502,0.4960651993751526,0.3374193012714386,0.9364434480667114,0.8230545520782471,1500,hard,146.68910264968872
2.051090717315674,-0.024024933576583862,2.07511568069458,0.2203846275806427,0.3879464566707611,20.751155853271484,0.4751909673213959,1501,hard,147.57961916923523
0.09293533116579056,-0.002581000328063965,0.09551633149385452,0.6765903234481812,0.11094730347394943,0.955163300037384,0.9503818154335022,1502,hard,147.76527333259583
0.17920330166816711,-0.09390246868133545,0.27310577034950256,0.7936267256736755,0.19102616608142853,2.731057643890381,0.950381875038147,1503,hard,147.94115948677063
54.578914642333984,-0.1469452977180481,54.725860595703125,0.17472222447395325,0.30785688757896423,547.2586059570312,0.4751909673213959,1504,hard,148.20290088653564
-0.7538084983825684,-0.8086549043655396,0.054846394807100296,0.6600804328918457,0.39798590540885925,0.5484639406204224,0.8230549097061157,1505,hard,148.38224363327026
-0.4597379267215729,-0.5008937120437622,0.04115578904747963,0.6193674802780151,0.38056161999702454,0.4115578830242157,0.823054850101471,1506,hard,148.4568555355072
-0.009286381304264069,-0.11627793312072754,0.10699155181646347,0.6490098237991333,0.19535620510578156,1.069915533065796,0.823054850101471,1507,hard,148.64212083816528
-0.42772823572158813,-0.447404146194458,0.01967591792345047,0.7045434713363647,0.12715046107769012,0.1967591792345047,0.9503818154335022,1508,hard,148.75251007080078
-0.2767442464828491,-0.33788856863975525,0.06114431098103523,0.7688748836517334,0.11157521605491638,0.6114431023597717,0.9503819346427917,1509,hard,148.91425204277039
-0.8522645235061646,-0.873695969581604,0.02143145725131035,0.7127010226249695,0.12870240211486816,0.2143145650625229,0.9503818154335022,1510,hard,148.99860548973083
-0.3035677373409271,-0.4266645312309265,0.12309680134057999,0.6760806441307068,0.16154418885707855,1.2309679985046387,0.9503817558288574,1511,hard,149.1068377494812
-0.20953771471977234,-0.33873116970062256,0.12919345498085022,0.7391643524169922,0.14450028538703918,1.2919344902038574,0.9503819346427917,1512,hard,149.29462337493896
0.13654179871082306,-0.10838937759399414,0.2449311763048172,0.7262374758720398,0.15022191405296326,2.4493117332458496,0.9503816366195679,1513,hard,149.44994854927063
0.026170149445533752,-0.03696274757385254,0.06313289701938629,0.5580275058746338,0.16910089552402496,0.6313289403915405,0.9503819346427917,1514,hard,149.61621022224426
0.11627741158008575,0.07324731349945068,0.04303010180592537,0.6432428359985352,0.19468985497951508,0.4303010106086731,0.9503818154335022,1515,hard,149.7260582447052
-0.032770104706287384,-0.14697885513305664,0.11420875042676926,0.5544334053993225,0.35576584935188293,1.142087459564209,0.823054850101471,1516,hard,149.91365242004395
0.10327707231044769,-0.003955654799938202,0.1072327271103859,0.567247211933136,0.3430224359035492,1.0723272562026978,0.8230547308921814,1517,hard,150.09656429290771
-0.5410621762275696,-0.5616613030433655,0.020599136129021645,0.8495331406593323,0.09282580763101578,0.20599135756492615,0.950381875038147,1518,hard,150.18247246742249
-0.04863328859210014,-0.07398903369903564,0.0253557451069355,0.6134752035140991,0.12292768806219101,0.2535574436187744,0.9503817558288574,1519,hard,150.39702725410461
0.2574615180492401,0.13245895504951477,0.12500256299972534,0.6331694722175598,0.38076817989349365,1.2500256299972534,0.8230547308921814,1520,hard,150.55266737937927
14.21693229675293,-0.44082266092300415,14.657754898071289,0.2436007708311081,0.4287353754043579,146.57754516601562,0.4751909673213959,1521,hard,150.75019669532776
-0.01571519300341606,-0.07106280326843262,0.055347610265016556,0.7379990816116333,0.1179865300655365,0.553476095199585,0.9503818154335022,1522,hard,150.88369512557983
0.010758597403764725,-0.03575325012207031,0.04651184752583504,0.6806190013885498,0.15089914202690125,0.4651184678077698,0.8230547308921814,1523,hard,151.0665717124939
2198.593505859375,-0.22144359350204468,2198.81494140625,0.35363316535949707,0.39854955673217773,21988.1484375,0.6720210909843445,1524,hard,151.33409571647644
-0.5641353726387024,-0.6881201267242432,0.12398474663496017,0.6981877088546753,0.13471953570842743,1.2398474216461182,0.9503816366195679,1525,hard,151.51021146774292
-0.3172227740287781,-0.4471149444580078,0.12989217042922974,0.7912545204162598,0.17765070497989655,1.2989217042922974,0.9503816366195679,1526,hard,151.7119493484497
-0.0632815957069397,-0.1276755928993225,0.06439399719238281,0.814898669719696,0.16042901575565338,0.6439399719238281,0.9503816962242126,1527,hard,151.9072346687317
-0.012472961097955704,-0.05258014798164368,0.04010718688368797,0.6200968027114868,0.3680209815502167,0.40107184648513794,0.8230549097061157,1528,hard,152.04268431663513
-0.6145794987678528,-0.6780994534492493,0.06351997703313828,0.8808081150054932,0.0507982075214386,0.635199785232544,0.950381875038147,1529,hard,152.1784007549286
0.12649209797382355,0.014957427978515625,0.11153466999530792,0.5022544860839844,0.2360060214996338,1.1153466701507568,0.9503818154335022,1530,hard,152.29472303390503
-0.11962507665157318,-0.1642683744430542,0.04464329406619072,0.480512797832489,0.34484758973121643,0.4464329481124878,0.6720213294029236,1531,hard,152.4518473148346
-0.011298468336462975,-0.03771471977233887,0.026416251435875893,0.738118588924408,0.057344768196344376,0.26416251063346863,0.9503819346427917,1532,hard,152.54713082313538
-0.07623503357172012,-0.15128439664840698,0.07504936307668686,0.5230270028114319,0.3533746898174286,0.7504936456680298,0.8230547308921814,1533,hard,152.66262316703796
-0.9029736518859863,-0.9607350826263428,0.05776141956448555,0.8809400200843811,0.12136200815439224,0.5776141881942749,0.9503818154335022,1534,hard,152.8448748588562
-0.8121833205223083,-0.8667365312576294,0.054553210735321045,0.7891436815261841,0.12297871708869934,0.5455321073532104,0.9503819346427917,1535,hard,152.9477219581604
-0.19760291278362274,-0.28715193271636963,0.08954901993274689,0.5408957004547119,0.33875206112861633,0.8954901695251465,0.8230547308921814,1536,hard,153.07098960876465
0.15688835084438324,0.10188174247741699,0.055006612092256546,0.7936558127403259,0.07315034419298172,0.5500661134719849,0.950381875038147,1537,hard,153.1868143081665
0.01400851458311081,-0.0328516960144043,0.046860210597515106,0.5660380125045776,0.34824785590171814,0.46860209107398987,0.8230547308921814,1538,hard,153.3380582332611
-0.01909772679209709,-0.06357043981552124,0.04447271302342415,0.5083783268928528,0.33215832710266113,0.4447271227836609,0.8230547308921814,1539,hard,153.4787950515747
0.09825947880744934,-0.10920524597167969,0.20746472477912903,0.7729970812797546,0.15695154666900635,2.0746471881866455,0.8230549097061157,1540,hard,153.6734104156494
-0.19279684126377106,-0.24299192428588867,0.05019508674740791,0.6958885788917542,0.15652970969676971,0.5019508600234985,0.950381875038147,1541,hard,153.8724308013916
-0.7799338698387146,-0.9031782150268555,0.12324436008930206,0.5989468693733215,0.3672909736633301,1.2324435710906982,0.823054850101471,1542,hard,153.97790551185608
-0.0030826348811388016,-0.032394230365753174,0.029311595484614372,0.612622082233429,0.3618563115596771,0.2931159436702728,0.6720215082168579,1543,hard,154.10555410385132
-0.497916579246521,-0.5687650442123413,0.07084845751523972,0.5719994902610779,0.44030335545539856,0.7084845304489136,0.9503816962242126,1544,hard,154.30555319786072
5.46237850189209,0.10682724416255951,5.355551242828369,0.1179487332701683,0.20854069292545319,53.555511474609375,0.47519099712371826,1545,hard,154.50772213935852
-0.2063671350479126,-0.28812724351882935,0.08176010102033615,0.4887820780277252,0.30424556136131287,0.8176009654998779,0.8230547904968262,1546,hard,154.69975638389587
-0.5856835842132568,-0.6223952770233154,0.036711689084768295,0.8825632333755493,0.10115540772676468,0.36711689829826355,0.950381875038147,1547,hard,154.85733795166016
11.249073028564453,-0.11621034145355225,11.365283012390137,0.3881377577781677,0.3004668653011322,113.65283203125,0.8230543732643127,1548,hard,155.09025263786316
-0.0896783173084259,-0.10752010345458984,0.01784178428351879,0.7785531878471375,0.24281880259513855,0.17841783165931702,0.9503816962242126,1549,hard,155.21711897850037
18.687541961669922,-0.41513919830322266,19.102680206298828,0.5555094480514526,0.3611464500427246,191.02679443359375,0.8230544924736023,1550,hard,155.43195724487305
0.15522214770317078,0.07752728462219238,0.07769487053155899,0.5078192353248596,0.12588299810886383,0.7769486904144287,0.9503816366195679,1551,hard,155.56730127334595
-0.20597319304943085,-0.23150727152824402,0.02553408220410347,0.7591814398765564,0.18671861290931702,0.2553408145904541,0.950381875038147,1552,hard,155.6832025051117
19.170732498168945,-0.0037389397621154785,19.174470901489258,0.5630489587783813,0.33914655447006226,191.7447052001953,0.8230549097061157,1553,hard,155.84563541412354
-0.4749388098716736,-0.5417865514755249,0.06684775650501251,0.7705685496330261,0.0708264634013176,0.6684775352478027,0.9503818154335022,1554,hard,156.05281853675842
-0.2876933515071869,-0.32138919830322266,0.03369584679603577,0.6007264852523804,0.3753920793533325,0.33695846796035767,0.823054850101471,1555,hard,156.16528487205505
-0.0008441582322120667,-0.07942962646484375,0.07858546823263168,0.616851270198822,0.20620566606521606,0.785854697227478,0.9503816962242126,1556,hard,156.3024353981018
0.0008048266172409058,-0.21918725967407227,0.21999208629131317,0.5681656002998352,0.37265533208847046,2.199920892715454,0.8230547904968262,1557,hard,156.43551468849182
-0.6237882971763611,-0.6903126835823059,0.06652436405420303,0.8562048673629761,0.12897072732448578,0.6652436256408691,0.9503818154335022,1558,hard,156.54860186576843
0.16573132574558258,-0.08117082715034485,0.24690215289592743,0.44263508915901184,0.44999995827674866,2.4690215587615967,0.6720214486122131,1559,hard,156.73623633384705
-0.07055294513702393,-0.11712956428527832,0.04657662287354469,0.3776424825191498,0.27990907430648804,0.46576622128486633,0.672021210193634,1560,hard,156.97235465049744
-0.5422989726066589,-0.5657529830932617,0.02345403842628002,0.8080301284790039,0.11889992654323578,0.23454037308692932,0.950381875038147,1561,hard,157.1184594631195
0.16698390245437622,0.04404497146606445,0.12293892353773117,0.6117029190063477,0.1202433630824089,1.2293891906738281,0.950381875038147,1562,hard,157.34676146507263
-0.10110379755496979,-0.2703942060470581,0.16929040849208832,0.5484184622764587,0.3471752107143402,1.692903995513916,0.8230547904968262,1563,hard,157.48541402816772
0.5779702663421631,0.022240161895751953,0.5557301044464111,0.724345862865448,0.1434873640537262,5.557301044464111,0.950381875038147,1564,hard,157.6779613494873
-0.4160006642341614,-0.49111053347587585,0.07510985434055328,0.8357533812522888,0.19021162390708923,0.7510985136032104,0.9503817558288574,1565,hard,157.80042672157288
0.425204873085022,0.2737361788749695,0.15146870911121368,0.7758857607841492,0.13750843703746796,1.5146870613098145,0.8230547308921814,1566,hard,157.9880392551422
0.003259815275669098,-0.035805702209472656,0.039065517485141754,0.6045007705688477,0.23746661841869354,0.39065515995025635,0.8230547308921814,1567,hard,158.14678144454956
-0.6692850589752197,-0.8464815616607666,0.1771964728832245,0.9238183498382568,0.036514438688755035,1.7719646692276,0.9503819346427917,1568,hard,158.25620126724243
0.08018984645605087,-0.03825390338897705,0.11844374984502792,0.20708535611629486,0.4608364999294281,1.1844375133514404,0.6720216274261475,1569,hard,158.41618967056274
0.13817401230335236,-0.06421351432800293,0.20238752663135529,0.5128847360610962,0.3425717055797577,2.0238752365112305,0.8230541944503784,1570,hard,158.63753128051758
0.0947338342666626,-0.04029428958892822,0.13502812385559082,0.5415017008781433,0.14093109965324402,1.3502812385559082,0.9503819942474365,1571,hard,158.77906322479248
0.0001898631453514099,-0.06653964519500732,0.06672950834035873,0.6417755484580994,0.18108300864696503,0.6672950983047485,0.950381875038147,1572,hard,158.913512468338
-0.10641264915466309,-0.14320039749145508,0.03678775206208229,0.4483497738838196,0.3362346291542053,0.3678775131702423,0.8230543732643127,1573,hard,159.08325386047363
-0.07177937030792236,-0.38145458698272705,0.3096752166748047,0.4614149332046509,0.4710538387298584,3.096752166748047,0.6720214486122131,1574,hard,159.2101538181305
-1.2824019193649292,-1.7426397800445557,0.46023789048194885,0.9071882367134094,0.07501673698425293,4.602378845214844,0.950381875038147,1575,hard,159.36485886573792
150.83119201660156,-0.020288467407226562,150.8514862060547,0.3870789110660553,0.31271323561668396,1508.514892578125,0.8230541944503784,1576,hard,159.6106059551239
-0.467609167098999,-0.6181907653808594,0.15058161318302155,0.5048683285713196,0.09751284122467041,1.505816102027893,0.950381875038147,1577,hard,159.77340388298035
-0.46825626492500305,-0.5287178158760071,0.06046154722571373,0.41662904620170593,0.42356541752815247,0.6046154499053955,0.6720215082168579,1578,hard,159.93839073181152
0.24977026879787445,0.09214305877685547,0.15762721002101898,0.7257786989212036,0.13497956097126007,1.5762721300125122,0.9503814578056335,1579,hard,160.17048287391663
0.08686458319425583,0.06175804138183594,0.02510654367506504,0.6403622031211853,0.18223312497138977,0.2510654330253601,0.9503814578056335,1580,hard,160.2997739315033
-0.1230398416519165,-0.2197054624557495,0.09666562080383301,0.7670358419418335,0.16461731493473053,0.9666562080383301,0.9503815174102783,1581,hard,160.4097626209259
-0.41503429412841797,-0.5110150575637817,0.09598077833652496,0.7444959878921509,0.16645540297031403,0.9598077535629272,0.9503813982009888,1582,hard,160.52266478538513
0.3606846332550049,0.2172747701406479,0.1434098780155182,0.7953562140464783,0.07887650281190872,1.434098720550537,0.9503818154335022,1583,hard,160.62204480171204
0.9313183426856995,-0.3132173418998718,1.2445356845855713,0.42036062479019165,0.43372365832328796,12.445356369018555,0.6720213890075684,1584,hard,160.86200857162476
0.40317103266716003,-0.31003203988075256,0.7132030725479126,0.6623483300209045,0.39908838272094727,7.132030487060547,0.6720214486122131,1585,hard,161.07357954978943
-0.7514750361442566,-0.7709070444107056,0.01943199150264263,0.7636798024177551,0.26337912678718567,0.19431990385055542,0.9503818154335022,1586,hard,161.1895010471344
0.21107108891010284,0.0342099666595459,0.17686112225055695,0.5787014961242676,0.3458048105239868,1.768611192703247,0.8230546712875366,1587,hard,161.382071018219
0.9380874037742615,0.026174306869506836,0.9119130969047546,0.25021976232528687,0.27931374311447144,9.119131088256836,0.6720213294029236,1588,hard,161.60019731521606
-0.2850128710269928,-0.32235145568847656,0.03733857721090317,0.6694040894508362,0.12741751968860626,0.3733857572078705,0.9503818154335022,1589,hard,161.72236037254333
-0.4830259382724762,-0.5224673748016357,0.03944144397974014,0.609315037727356,0.21867871284484863,0.39441442489624023,0.950381875038147,1590,hard,161.90256571769714
-0.03870905190706253,-0.059205204248428345,0.020496150478720665,0.5808823704719543,0.35491442680358887,0.20496150851249695,0.823054850101471,1591,hard,162.01277375221252
0.023128889501094818,-0.09272491931915283,0.11585380882024765,0.426378071308136,0.3439468443393707,1.1585381031036377,0.8230547308921814,1592,hard,162.2112262248993
1074.1710205078125,-1.6381771564483643,1075.8092041015625,0.6235800981521606,0.1804831624031067,10758.091796875,0.9503818154335022,1593,hard,162.41204977035522
-0.1061723604798317,-0.19827306270599365,0.09210070222616196,0.6817293167114258,0.11817442625761032,0.9210070371627808,0.9503816962242126,1594,hard,162.58649563789368
-0.054423555731773376,-0.06249213218688965,0.008068576455116272,0.7059342265129089,0.1261521577835083,0.08068576455116272,0.9503818154335022,1595,hard,162.70404767990112
0.2677946388721466,0.24388694763183594,0.023907693102955818,0.7089003324508667,0.07681500166654587,0.23907692730426788,0.950381875038147,1596,hard,162.82496762275696
-0.24307668209075928,-0.2694261074066162,0.026349425315856934,0.5104151368141174,0.08387038856744766,0.26349425315856934,0.9503816366195679,1597,hard,162.95891046524048
-0.4174228310585022,-0.5857210159301758,0.1682981699705124,0.589116632938385,0.22040227055549622,1.6829817295074463,0.9503815770149231,1598,hard,163.1341278553009
-0.512061357498169,-0.5626958608627319,0.05063452944159508,0.7581320405006409,0.21506409347057343,0.506345272064209,0.9503815770149231,1599,hard,163.3011555671692
0.3043781518936157,0.0556187629699707,0.24875937402248383,0.23412291705608368,0.34252434968948364,2.487593650817871,0.8230546712875366,1600,hard,163.50901865959167
-0.021840225905179977,-0.051207780838012695,0.029367554932832718,0.6426575183868408,0.38280579447746277,0.2936755418777466,0.823054850101471,1601,hard,163.70496106147766
0.0452454537153244,-0.08083975315093994,0.12608520686626434,0.37573492527008057,0.23703251779079437,1.2608519792556763,0.6720214486122131,1602,hard,163.8956160545349
-0.3818066418170929,-0.431140661239624,0.04933403059840202,0.7883807420730591,0.05211613327264786,0.49334031343460083,0.950381875038147,1603,hard,164.09206914901733
-0.2325579822063446,-0.25476574897766113,0.022207770496606827,0.37812379002571106,0.2834358215332031,0.22207769751548767,0.8230547308921814,1604,hard,164.25402426719666
-0.3535633981227875,-0.4276156425476074,0.07405223697423935,0.7336575388908386,0.24330949783325195,0.7405223250389099,0.950381875038147,1605,hard,164.35196089744568
0.015577519312500954,-0.009555786848068237,0.02513330616056919,0.6376243233680725,0.3796454668045044,0.2513330578804016,0.823054850101471,1606,hard,164.48322558403015
0.22023239731788635,0.13834285736083984,0.08188953250646591,0.7207287549972534,0.15019956231117249,0.8188953399658203,0.9503818154335022,1607,hard,164.67013263702393
0.8281447887420654,-0.08767914772033691,0.9158239364624023,0.22663019597530365,0.3988300859928131,9.158239364624023,0.4751909673213959,1608,hard,164.93576073646545
-0.038581155240535736,-0.14469683170318604,0.1061156764626503,0.6873730421066284,0.12164328247308731,1.0611567497253418,0.9503818154335022,1609,hard,165.11954760551453
-0.0007516369223594666,-0.07469022274017334,0.07393858581781387,0.6911298632621765,0.12405099719762802,0.7393858432769775,0.9503817558288574,1610,hard,165.30962657928467
-0.32373321056365967,-0.41021728515625,0.08648407459259033,0.6784307956695557,0.196957066655159,0.8648407459259033,0.9503814578056335,1611,hard,165.52136945724487
0.06605019420385361,-0.03286457061767578,0.09891476482152939,0.3168104588985443,0.3755577802658081,0.9891476035118103,0.6720214486122131,1612,hard,165.71680235862732
0.02287236601114273,-0.04312252998352051,0.06599489599466324,0.8717798590660095,0.1685744673013687,0.6599489450454712,0.9503821134567261,1613,hard,165.8883376121521
0.09951610863208771,-0.0022662878036499023,0.10178239643573761,0.5487148761749268,0.3694169521331787,1.0178239345550537,0.6720209121704102,1614,hard,166.11399865150452
-0.2825818657875061,-0.37120649218559265,0.08862461894750595,0.7764623761177063,0.13820944726467133,0.8862462043762207,0.9503817558288574,1615,hard,166.20873260498047
-0.2555648684501648,-0.27377164363861084,0.01820678822696209,0.7698196768760681,0.11446413397789001,0.18206787109375,0.9503817558288574,1616,hard,166.39388370513916
0.02011667564511299,-0.03549349308013916,0.05561016872525215,0.5354668498039246,0.32748422026634216,0.5561016798019409,0.8230549097061157,1617,hard,166.51080417633057
-0.24925830960273743,-0.3169887661933899,0.06773046404123306,0.75420081615448,0.21513761579990387,0.6773046255111694,0.9503817558288574,1618,hard,166.69681572914124
-0.06903877854347229,-0.35953617095947266,0.29049739241600037,0.22740082442760468,0.3658098876476288,2.9049739837646484,0.6720214486122131,1619,hard,166.8991973400116
64.84497833251953,-0.44867515563964844,65.29365539550781,0.44768190383911133,0.3205590546131134,652.9365234375,0.823054850101471,1620,hard,167.14953660964966
-0.5760344862937927,-0.6234076023101807,0.04737311601638794,0.7998512983322144,0.11092230677604675,0.4737311601638794,0.950381875038147,1621,hard,167.3135142326355
-0.08196728676557541,-0.1548442840576172,0.07287699729204178,0.5272985696792603,0.3128838837146759,0.7287699580192566,0.8230545520782471,1622,hard,167.51643347740173
-0.5019103288650513,-0.6845317482948303,0.18262144923210144,0.549138069152832,0.34671032428741455,1.8262144327163696,0.823054850101471,1623,hard,167.6703052520752
-0.06664515286684036,-0.13366055488586426,0.0670154020190239,0.549159824848175,0.3341626822948456,0.6701539754867554,0.8230546712875366,1624,hard,167.86888813972473
-0.07322810590267181,-0.08542510867118835,0.012197003699839115,0.4430466890335083,0.45055606961250305,0.121970035135746,0.6720215082168579,1625,hard,168.06062412261963
0.07064813375473022,-0.2880752384662628,0.35872337222099304,0.5553451180458069,0.33319440484046936,3.587233543395996,0.8230547308921814,1626,hard,168.22847270965576
21.320209503173828,-0.6238548159599304,21.94406509399414,0.44774171710014343,0.33901193737983704,219.44064331054688,0.8230547308921814,1627,hard,168.42504978179932
-0.29383203387260437,-0.32755306363105774,0.033721037209033966,0.5888991951942444,0.36416932940483093,0.33721035718917847,0.8230545520782471,1628,hard,168.58503317832947
0.4093894958496094,-0.07405233383178711,0.4834418296813965,0.3241313099861145,0.19361688196659088,4.834418296813965,0.823054850101471,1629,hard,168.7831952571869
-0.0028083212673664093,-0.05033141374588013,0.04752309247851372,0.27713656425476074,0.370469868183136,0.4752309322357178,0.6720214486122131,1630,hard,168.987459897995
2.8024544715881348,-0.42100584506988525,3.2234604358673096,0.4575553238391876,0.3218746483325958,32.23460388183594,0.6720214486122131,1631,hard,169.18367433547974
-0.40631103515625,-0.4265434145927429,0.02023238316178322,0.6385989785194397,0.14841806888580322,0.2023238241672516,0.9503818154335022,1632,hard,169.3005621433258
-0.017667334526777267,-0.033562421798706055,0.015895087271928787,0.771366536617279,0.17641231417655945,0.15895086526870728,0.9503821730613708,1633,hard,169.50546073913574
-0.26019197702407837,-0.3101845979690552,0.04999261721968651,0.6132946610450745,0.3950725197792053,0.4999261498451233,0.6720213890075684,1634,hard,169.6169674396515
0.498468279838562,0.23041653633117676,0.26805174350738525,0.654718279838562,0.2296881228685379,2.6805174350738525,0.950381875038147,1635,hard,169.7941083908081
-0.796933650970459,-1.149160385131836,0.35222670435905457,0.7625558972358704,0.16746968030929565,3.5222668647766113,0.9503818154335022,1636,hard,169.95943570137024
0.021971657872200012,-0.15108251571655273,0.17305417358875275,0.5374592542648315,0.35207676887512207,1.730541706085205,0.8230547308921814,1637,hard,170.1732897758484
0.1293950080871582,0.10606485605239868,0.023330144584178925,0.6358019709587097,0.26842230558395386,0.23330144584178925,0.9503816962242126,1638,hard,170.3357949256897
-0.03647816181182861,-0.177415132522583,0.1409369707107544,0.6043930053710938,0.39709722995758057,1.409369707107544,0.8230547308921814,1639,hard,170.5454490184784
0.1386570930480957,0.052712440490722656,0.08594465255737305,0.47713738679885864,0.40934351086616516,0.8594465255737305,0.9503815770149231,1640,hard,170.76534295082092
0.06963333487510681,0.03980839252471924,0.029824942350387573,0.43489497900009155,0.33273276686668396,0.29824942350387573,0.8230542540550232,1641,hard,170.94286227226257
0.2346179038286209,0.09003517031669617,0.14458273351192474,0.4664747416973114,0.3143613040447235,1.4458272457122803,0.8230547308921814,1642,hard,171.15192222595215
-0.34417709708213806,-0.3591707944869995,0.014993691816926003,0.7678465843200684,0.15251295268535614,0.14993691444396973,0.950381875038147,1643,hard,171.28887033462524
-0.16451752185821533,-0.20686322450637817,0.04234569892287254,0.5413335561752319,0.34147006273269653,0.42345696687698364,0.823054850101471,1644,hard,171.39922761917114
-0.23815223574638367,-0.30988526344299316,0.0717330351471901,0.5009930729866028,0.3920498490333557,0.7173303365707397,0.8230547308921814,1645,hard,171.57659077644348
-0.4697903096675873,-0.6237624883651733,0.15397217869758606,0.6788011789321899,0.21078769862651825,1.5397217273712158,0.9503816962242126,1646,hard,171.71351432800293
0.013587944209575653,-0.04932868480682373,0.06291662901639938,0.6157948970794678,0.40379875898361206,0.6291662454605103,0.8230547308921814,1647,hard,171.88711094856262
-0.4303953945636749,-0.4386758804321289,0.008280474692583084,0.9250701665878296,0.048408687114715576,0.08280474692583084,0.9503819346427917,1648,hard,172.0550091266632
0.03817111998796463,-0.020073413848876953,0.05824453383684158,0.41692623496055603,0.4321458041667938,0.5824453234672546,0.6720213890075684,1649,hard,172.27396440505981
-0.1273665577173233,-0.17124781012535095,0.04388125613331795,0.46061527729034424,0.46832332015037537,0.4388125538825989,0.6720214486122131,1650,hard,172.47476935386658
0.13272523880004883,0.026313483715057373,0.10641174763441086,0.672118067741394,0.09084343910217285,1.064117431640625,0.9503818154335022,1651,hard,172.6477108001709
-0.4223583936691284,-0.4487743377685547,0.026415949687361717,0.6146774291992188,0.18126675486564636,0.26415950059890747,0.9503812193870544,1652,hard,172.87324786186218
0.2012975513935089,-0.020001769065856934,0.22129932045936584,0.6990079879760742,0.14270922541618347,2.2129931449890137,0.9503818154335022,1653,hard,173.07272863388062
0.11950773000717163,-0.016123652458190918,0.13563138246536255,0.6369683146476746,0.1414593607187271,1.3563138246536255,0.950381875038147,1654,hard,173.22373509407043
-0.7098368406295776,-0.7504507303237915,0.04061388596892357,0.6337029933929443,0.3802420198917389,0.4061388373374939,0.8230549097061157,1655,hard,173.3878448009491
-0.10374210774898529,-0.20261478424072266,0.09887267649173737,0.6612260341644287,0.13434483110904694,0.9887267351150513,0.9503816366195679,1656,hard,173.57255840301514
-0.7587233781814575,-0.7989789247512817,0.040255557745695114,0.7688941955566406,0.21477264165878296,0.40255558490753174,0.9503816366195679,1657,hard,173.70446586608887
2.041567325592041,0.16340115666389465,1.8781661987304688,0.36630332469940186,0.37456023693084717,18.781661987304688,0.6720214486122131,1658,hard,173.87837958335876
0.05507798492908478,-0.009372234344482422,0.0644502192735672,0.5704862475395203,0.06776721775531769,0.6445021629333496,0.9503818154335022,1659,hard,174.01148414611816
0.10381785035133362,-0.07172679901123047,0.1755446493625641,0.768062174320221,0.08270114660263062,1.755446434020996,0.9503818154335022,1660,hard,174.22101211547852
-0.603807806968689,-0.6685975790023804,0.0647897869348526,0.766566812992096,0.20968081057071686,0.6478978395462036,0.9503818154335022,1661,hard,174.41852521896362
-0.5810733437538147,-0.6269819736480713,0.04590864107012749,0.737207293510437,0.23124633729457855,0.45908641815185547,0.9503816366195679,1662,hard,174.50522804260254
0.6859347820281982,0.2276294231414795,0.45830535888671875,0.4763074219226837,0.33516842126846313,4.5830535888671875,0.823054850101471,1663,hard,174.75662422180176
-0.26001980900764465,-0.31478676199913025,0.05476696416735649,0.6871150732040405,0.4038008153438568,0.5476696491241455,0.8230549097061157,1664,hard,174.90706205368042
-0.4334925413131714,-0.46484455466270447,0.03135200962424278,0.6435786485671997,0.3784938156604767,0.31352007389068604,0.8230549693107605,1665,hard,175.10311794281006
-0.23245254158973694,-0.3111814260482788,0.07872888445854187,0.696552574634552,0.1324126422405243,0.7872888445854187,0.950381875038147,1666,hard,175.21334767341614
-0.18342986702919006,-0.20410823822021484,0.020678367465734482,0.6712825298309326,0.3939254879951477,0.20678366720676422,0.823054850101471,1667,hard,175.3707628250122
-0.06725668162107468,-0.15174293518066406,0.08448625355958939,0.7218690514564514,0.24469462037086487,0.8448625206947327,0.9503819346427917,1668,hard,175.58771181106567
0.17608323693275452,0.0546572208404541,0.12142600864171982,0.5584133863449097,0.36175307631492615,1.2142601013183594,0.8230546712875366,1669,hard,175.781254529953
0.3988972008228302,0.3251657485961914,0.0737314447760582,0.647856593132019,0.08393143862485886,0.7373144626617432,0.9503819346427917,1670,hard,175.95803809165955
-0.20788586139678955,-0.29279452562332153,0.08490866422653198,0.8318283557891846,0.07435507327318192,0.8490866422653198,0.9503819346427917,1671,hard,176.06455898284912
-0.6313937902450562,-0.6756818890571594,0.04428810998797417,0.7523863315582275,0.23971480131149292,0.44288110733032227,0.950381875038147,1672,hard,176.2020800113678
-0.42669400572776794,-0.47746357321739197,0.05076957494020462,0.669065535068512,0.39713096618652344,0.507695734500885,0.823054850101471,1673,hard,176.38861274719238
-0.17937207221984863,-0.2006155252456665,0.021243460476398468,0.3410824239253998,0.3703914284706116,0.21243460476398468,0.6720214486122131,1674,hard,176.4834201335907
0.04643911123275757,-0.04766732454299927,0.09410643577575684,0.44927582144737244,0.33436882495880127,0.9410643577575684,0.6720214486122131,1675,hard,176.7125849723816
-0.16649213433265686,-0.30478358268737793,0.13829144835472107,0.7620019912719727,0.0629185140132904,1.382914423942566,0.950381875038147,1676,hard,176.85576725006104
0.055449485778808594,0.030944108963012695,0.02450537495315075,0.4689651131629944,0.2972273528575897,0.2450537383556366,0.8230549097061157,1677,hard,176.99862480163574
0.11972609907388687,0.016281962394714355,0.10344413667917252,0.5004478693008423,0.35503509640693665,1.034441351890564,0.8230550289154053,1678,hard,177.16074109077454
-0.15715615451335907,-0.20890581607818604,0.05174965783953667,0.4211435317993164,0.2686188519001007,0.5174965858459473,0.6720214486122131,1679,hard,177.24696898460388
-0.33130842447280884,-0.38097190856933594,0.049663469195365906,0.6486451625823975,0.19665294885635376,0.49663469195365906,0.9503816962242126,1680,hard,177.4555811882019
-0.164336159825325,-0.18981164693832397,0.025475485250353813,0.7626873254776001,0.1377267688512802,0.25475484132766724,0.9503819346427917,1681,hard,177.54947900772095
-0.23380060493946075,-0.24127346277236938,0.00747285783290863,0.9313122034072876,0.04206901788711548,0.0747285783290863,0.950381875038147,1682,hard,177.66484570503235
0.03452473133802414,-0.06054210662841797,0.09506683796644211,0.5500715970993042,0.2526542544364929,0.9506683349609375,0.9503816962242126,1683,hard,177.87534523010254
0.3739614486694336,-0.2010716199874878,0.5750330686569214,0.5141092538833618,0.3163610100746155,5.750330448150635,0.823054850101471,1684,hard,178.04875469207764
-0.379263699054718,-0.4011269807815552,0.021863291040062904,0.793148934841156,0.14453156292438507,0.21863290667533875,0.8230547308921814,1685,hard,178.2020058631897
-0.15457428991794586,-0.199500173330307,0.044925883412361145,0.46939617395401,0.47759196162223816,0.44925883412361145,0.6720215082168579,1686,hard,178.37470650672913
0.004879221320152283,-0.1321883201599121,0.1370675414800644,0.6778789758682251,0.16401927173137665,1.3706753253936768,0.9503816366195679,1687,hard,178.540123462677
0.2921258807182312,0.11911773681640625,0.17300812900066376,0.6855366230010986,0.2459200918674469,1.73008131980896,0.9503816962242126,1688,hard,178.7293336391449
-0.175635427236557,-0.1841808557510376,0.008545435965061188,0.5122425556182861,0.34266477823257446,0.08545435965061188,0.823054850101471,1689,hard,178.84847903251648
-0.1816742867231369,-0.19021543860435486,0.008541153743863106,0.8492254614830017,0.07625491172075272,0.08541153371334076,0.950381875038147,1690,hard,179.00880432128906
0.0773090124130249,-0.010405123233795166,0.08771413564682007,0.6883827447891235,0.07987357676029205,0.8771413564682007,0.950381875038147,1691,hard,179.13996982574463
0.04852180927991867,-0.02263951301574707,0.07116132229566574,0.4880489408969879,0.40317991375923157,0.7116131782531738,0.823054850101471,1692,hard,179.2662079334259
-0.2074166238307953,-0.44692277908325195,0.23950615525245667,0.6379970908164978,0.14557552337646484,2.395061492919922,0.9503816366195679,1693,hard,179.43977427482605
-0.23830461502075195,-0.4473700523376465,0.20906543731689453,0.6758732795715332,0.1682620346546173,2.0906543731689453,0.9503816366195679,1694,hard,179.65121364593506
-0.5420573353767395,-0.6414849162101746,0.09942756593227386,0.5638217926025391,0.3327576518058777,0.9942756295204163,0.823054850101471,1695,hard,179.77295446395874
-0.41086629033088684,-0.4504660367965698,0.03959973528981209,0.7423700094223022,0.23108139634132385,0.3959973454475403,0.9503816962242126,1696,hard,179.93480038642883
0.3539969027042389,0.03885263204574585,0.31514427065849304,0.7598957419395447,0.1646549552679062,3.151442766189575,0.9503818154335022,1697,hard,180.1316180229187
27.332120895385742,-0.055739641189575195,27.387861251831055,0.22862370312213898,0.23266376554965973,273.87860107421875,0.6720214486122131,1698,hard,180.33781170845032
-0.03964928537607193,-0.11137127876281738,0.07172199338674545,0.6485556364059448,0.154985249042511,0.7172199487686157,0.9503816366195679,1699,hard,180.50568985939026
0.3396042287349701,-0.010538101196289062,0.35014232993125916,0.5094031095504761,0.3431214392185211,3.5014231204986572,0.8230542540550232,1700,hard,180.70950436592102
-0.3006887137889862,-0.408680260181427,0.10799155384302139,0.7403806447982788,0.13835519552230835,1.0799155235290527,0.950381875038147,1701,hard,180.86675596237183
-0.08527110517024994,-0.11905956268310547,0.03378845751285553,0.6102473139762878,0.165050208568573,0.3378845751285553,0.9503816962242126,1702,hard,181.0810842514038
0.0783580094575882,0.033234596252441406,0.04512341693043709,0.35154834389686584,0.23425932228565216,0.4512341618537903,0.8230547308921814,1703,hard,181.22194004058838
-0.09726790338754654,-0.12215501070022583,0.02488710545003414,0.6888261437416077,0.19796210527420044,0.24887104332447052,0.8230546712875366,1704,hard,181.3468680381775
-0.1574583351612091,-0.19572460651397705,0.038266267627477646,0.6115517616271973,0.4630674421787262,0.38266265392303467,0.8230547308921814,1705,hard,181.51670861244202
4.4426188468933105,0.038013756275177,4.404604911804199,0.4344416558742523,0.44227921962738037,44.04604721069336,0.6720215082168579,1706,hard,181.73493432998657
0.11720143258571625,0.08060497045516968,0.03659645840525627,0.7428088784217834,0.21651595830917358,0.3659645915031433,0.9503816366195679,1707,hard,181.88413071632385
-0.22267824411392212,-0.29599666595458984,0.07331841439008713,0.6072446703910828,0.1814042329788208,0.7331841588020325,0.9503816962242126,1708,hard,182.0891318321228
-0.6812334060668945,-0.7098953723907471,0.02866198681294918,0.6682877540588379,0.13294966518878937,0.2866198718547821,0.9503816366195679,1709,hard,182.18657898902893
2.8775155544281006,-0.10972312092781067,2.987238645553589,0.39891910552978516,0.40563151240348816,29.872385025024414,0.6720215082168579,1710,hard,182.3785102367401
-0.21511384844779968,-0.27732396125793457,0.062210120260715485,0.7271353602409363,0.31283944845199585,0.6221011877059937,0.9503819346427917,1711,hard,182.55391240119934
-0.4345836043357849,-0.47896289825439453,0.044379301369190216,0.593001127243042,0.33685240149497986,0.44379299879074097,0.9503814578056335,1712,hard,182.67574000358582
-0.19842176139354706,-0.25011777877807617,0.051696013659238815,0.761236310005188,0.2335532158613205,0.5169601440429688,0.9503820538520813,1713,hard,182.85346674919128
-0.04072257876396179,-0.07121068239212036,0.03048810362815857,0.6206613779067993,0.3706565797328949,0.3048810362815857,0.8230547904968262,1714,hard,183.01974654197693
0.21536099910736084,0.15840470790863037,0.05695629119873047,0.40770283341407776,0.4170636832714081,0.5695629119873047,0.6720214486122131,1715,hard,183.24211645126343
0.1864989846944809,-0.04626750946044922,0.23276649415493011,0.4131161570549011,0.22888731956481934,2.327664852142334,0.9503816962242126,1716,hard,183.43600296974182
0.5852614641189575,-0.346651554107666,0.9319130182266235,0.5103386640548706,0.25633299350738525,9.319129943847656,0.9503816366195679,1717,hard,183.6319284439087
-0.04851783812046051,-0.19223402440547943,0.14371618628501892,0.4110989570617676,0.4261990487575531,1.4371618032455444,0.6720215082168579,1718,hard,183.83928442001343
-0.11941257864236832,-0.12894916534423828,0.009536586701869965,0.7853184938430786,0.11793002486228943,0.09536586701869965,0.9503819346427917,1719,hard,183.94070601463318
-0.27611303329467773,-0.29489564895629883,0.01878262124955654,0.8564005494117737,0.11246046423912048,0.1878262162208557,0.9503818154335022,1720,hard,184.0890350341797
-0.5253772139549255,-0.5400442481040955,0.014667036011815071,0.8067113757133484,0.1565817892551422,0.1466703563928604,0.9503818154335022,1721,hard,184.21380400657654
-0.9888690710067749,-1.0529255867004395,0.06405653059482574,0.7713131904602051,0.19280269742012024,0.6405652761459351,0.9503816366195679,1722,hard,184.29669642448425
-0.1620049774646759,-0.18413305282592773,0.02212807908654213,0.36326682567596436,0.2799115478992462,0.2212807834148407,0.8230546712875366,1723,hard,184.43981647491455
-0.5086641311645508,-0.6604018807411194,0.1517377644777298,0.656024158000946,0.29809361696243286,1.5173776149749756,0.950381875038147,1724,hard,184.5175588130951
-0.23288418352603912,-0.2508508265018463,0.01796663925051689,0.5451516509056091,0.35432928800582886,0.17966638505458832,0.8230546712875366,1725,hard,184.7045214176178
264.72705078125,0.004044532775878906,264.7229919433594,0.4942842125892639,0.32840588688850403,2647.229736328125,0.823054850101471,1726,hard,184.92062187194824
-0.5922061204910278,-0.622118353843689,0.02991221658885479,0.863466203212738,0.04280346632003784,0.299122154712677,0.950381875038147,1727,hard,185.01202535629272
-0.46011626720428467,-0.5117321610450745,0.05161590129137039,0.8782839775085449,0.05665750429034233,0.5161589980125427,0.8230547308921814,1728,hard,185.13884234428406
0.18944799900054932,0.017117977142333984,0.17233002185821533,0.5335474014282227,0.46098366379737854,1.7233002185821533,0.9503809213638306,1729,hard,185.34722018241882
1.116327166557312,-0.26661333441734314,1.3829405307769775,0.6093226075172424,0.38208335638046265,13.829404830932617,0.823054850101471,1730,hard,185.50552892684937
0.31096506118774414,-0.07707858085632324,0.3880436420440674,0.4729897379875183,0.3444208800792694,3.880436420440674,0.82305508852005,1731,hard,185.6944329738617
-0.25172775983810425,-0.3787946105003357,0.12706685066223145,0.7135154008865356,0.20288169384002686,1.2706685066223145,0.9503816962242126,1732,hard,185.84993243217468
-0.16069437563419342,-0.3653268814086914,0.20463250577449799,0.4717943072319031,0.30943000316619873,2.0463249683380127,0.8230549693107605,1733,hard,186.08445262908936
0.3601374328136444,-0.1319882869720459,0.4921257197856903,0.5931493043899536,0.23626826703548431,4.921257019042969,0.9503818154335022,1734,hard,186.27969980239868
0.30923962593078613,-0.3340590000152588,0.6432986259460449,0.5901482105255127,0.37744957208633423,6.432986259460449,0.8230547904968262,1735,hard,186.48007130622864
0.08642950654029846,-0.041120290756225586,0.12754979729652405,0.6830382347106934,0.18307232856750488,1.2754979133605957,0.9503816962242126,1736,hard,186.67680883407593
0.12067646533250809,0.05608963966369629,0.0645868256688118,0.6123103499412537,0.1819518506526947,0.6458682417869568,0.9503816962242126,1737,hard,186.81310391426086
-0.11419253051280975,-0.2175363302230835,0.10334379971027374,0.5434229373931885,0.3369053602218628,1.033437967300415,0.8230547308921814,1738,hard,187.04641556739807
-0.3376883566379547,-0.4594953954219818,0.1218070387840271,0.7046236395835876,0.4144744277000427,1.218070387840271,0.823054850101471,1739,hard,187.2337682247162
-0.011138752102851868,-0.17714923620224,0.16601048409938812,0.6976136565208435,0.019781986251473427,1.6601048707962036,0.9503819346427917,1740,hard,187.4135501384735
-0.2294178158044815,-0.35481947660446167,0.12540166079998016,0.5787645578384399,0.35063228011131287,1.254016637802124,0.8230549097061157,1741,hard,187.52306199073792
-0.27115246653556824,-0.42851030826568604,0.1573578417301178,0.5667722225189209,0.3461167514324188,1.5735783576965332,0.8230547308921814,1742,hard,187.69847655296326
-0.22488367557525635,-0.31031334400177,0.08542966097593307,0.6098664999008179,0.3689044713973999,0.8542966246604919,0.823054850101471,1743,hard,187.85814332962036
0.3448643386363983,0.2355823516845703,0.1092819944024086,0.4601209759712219,0.3134872317314148,1.0928199291229248,0.82305508852005,1744,hard,188.044921875
-0.24715152382850647,-0.2617536187171936,0.014602096751332283,0.7208356857299805,0.2044260948896408,0.14602096378803253,0.9503816366195679,1745,hard,188.2159707546234
0.107367143034935,-0.03762030601501465,0.14498744904994965,0.6798648238182068,0.08780313283205032,1.4498744010925293,0.9503818154335022,1746,hard,188.39638686180115
-0.572494387626648,-0.6011428833007812,0.028648508712649345,0.7279240489006042,0.16274785995483398,0.28648507595062256,0.950381875038147,1747,hard,188.54714465141296
0.09845608472824097,-0.051274776458740234,0.1497308611869812,0.5921232104301453,0.37412652373313904,1.497308611869812,0.8230549097061157,1748,hard,188.7162663936615
0.3138324022293091,0.16037195920944214,0.15346045792102814,0.7450824975967407,0.15918119251728058,1.534604549407959,0.9503816962242126,1749,hard,188.84584093093872
-0.8588619232177734,-0.8874037265777588,0.028541816398501396,0.7465012669563293,0.25451189279556274,0.28541815280914307,0.9503816962242126,1750,hard,189.00832867622375
-0.4368962049484253,-0.5145246982574463,0.0776284858584404,0.6099337935447693,0.37198618054389954,0.7762848734855652,0.823054850101471,1751,hard,189.0909924507141
-0.19443050026893616,-0.25481629371643066,0.06038579344749451,0.6140967607498169,0.3919354975223541,0.6038579344749451,0.8230549097061157,1752,hard,189.226886510849
0.24634595215320587,0.18565809726715088,0.060687851160764694,0.7585701942443848,0.15049909055233002,0.6068785190582275,0.9503818154335022,1753,hard,189.40182614326477
-0.14088332653045654,-0.24146652221679688,0.10058319568634033,0.42718368768692017,0.2943607568740845,1.0058319568634033,0.823054850101471,1754,hard,189.6341996192932
-0.27302029728889465,-0.31414008140563965,0.04111979529261589,0.6696117520332336,0.20245735347270966,0.4111979603767395,0.9503819346427917,1755,hard,189.8138780593872
-0.3516695499420166,-0.3636891543865204,0.012019607238471508,0.8799888491630554,0.08057741075754166,0.12019607424736023,0.9503819346427917,1756,hard,189.94726514816284
0.3832322359085083,-0.3572685718536377,0.740500807762146,0.3874607980251312,0.4143460988998413,7.405007839202881,0.6720213294029236,1757,hard,190.13235878944397
-0.22330982983112335,-0.24644646048545837,0.023136628791689873,0.8527745008468628,0.04406360909342766,0.23136627674102783,0.950381875038147,1758,hard,190.22371172904968
-0.5226144790649414,-0.6102161407470703,0.08760165423154831,0.8417880535125732,0.0549861304461956,0.8760164976119995,0.950381875038147,1759,hard,190.3061249256134
-0.34909993410110474,-0.4332714080810547,0.08417147397994995,0.7045884728431702,0.20658603310585022,0.8417147397994995,0.9503819346427917,1760,hard,190.4816882610321
-0.2406696081161499,-0.27168262004852295,0.031013015657663345,0.796647310256958,0.09885313361883163,0.31013014912605286,0.9503817558288574,1761,hard,190.64974117279053
-0.4930994212627411,-0.5147901773452759,0.021690744906663895,0.7850355505943298,0.11612451076507568,0.21690744161605835,0.950381875038147,1762,hard,190.7784276008606
0.25181448459625244,0.10025322437286377,0.15156126022338867,0.5044534206390381,0.3311954438686371,1.5156126022338867,0.8230547308921814,1763,hard,190.96749663352966
-0.7512743473052979,-0.7731634378433228,0.021889090538024902,0.9094700813293457,0.0523262545466423,0.21889090538024902,0.950381875038147,1764,hard,191.08737349510193
24275.775390625,-0.0005385279655456543,24275.775390625,0.42579177021980286,0.434468150138855,242757.75,0.6720214486122131,1765,hard,191.3003978729248
0.6082253456115723,-0.447406530380249,1.0556318759918213,0.7418458461761475,0.14576005935668945,10.556318283081055,0.9503816366195679,1766,hard,191.46923899650574
0.09627088904380798,0.07033514976501465,0.025935739278793335,0.7821102142333984,0.13552607595920563,0.25935739278793335,0.9503816962242126,1767,hard,191.5986785888672
107.51554107666016,-0.16715574264526367,107.68269348144531,0.2901107668876648,0.31899887323379517,1076.826904296875,0.6720213890075684,1768,hard,191.80125546455383
0.002284180372953415,-0.05146288871765137,0.05374706909060478,0.7272230982780457,0.17195896804332733,0.5374706983566284,0.950381875038147,1769,hard,191.91908025741577
13.112849235534668,-0.0,13.112849235534668,0.4680803120136261,0.47777652740478516,131.1284942626953,0.0,1770,hard,192.09618949890137
-0.3017135262489319,-0.30608153343200684,0.0043680123053491116,0.5714050531387329,0.3506656289100647,0.04368012025952339,0.823054850101471,1771,hard,192.2367799282074
-0.05679327994585037,-0.17018848657608032,0.11339520663022995,0.6739851832389832,0.19153186678886414,1.133952021598816,0.9503816366195679,1772,hard,192.3799250125885
-0.425875186920166,-0.7024149894714355,0.27653980255126953,0.686497151851654,0.15817329287528992,2.7653980255126953,0.9503816962242126,1773,hard,192.5919532775879
-0.20892518758773804,-0.3147764205932617,0.10585122555494308,0.5120454430580139,0.15623971819877625,1.0585122108459473,0.9503818154335022,1774,hard,192.7598283290863
-0.3657500445842743,-0.4236196279525757,0.057869572192430496,0.800830602645874,0.08727343380451202,0.5786957144737244,0.9503819346427917,1775,hard,192.8891830444336
0.051139917224645615,0.0054711103439331055,0.04566880688071251,0.7033947706222534,0.21533262729644775,0.4566880464553833,0.9503820538520813,1776,hard,193.0110890865326
0.10786020755767822,-0.060340508818626404,0.16820071637630463,0.6349013447761536,0.379498153924942,1.682007074356079,0.823054850101471,1777,hard,193.17214274406433
-0.6348085999488831,-0.6870157718658447,0.052207160741090775,0.45794832706451416,0.34341251850128174,0.5220715999603271,0.8230547904968262,1778,hard,193.2905912399292
0.09391079097986221,-0.0040416717529296875,0.0979524627327919,0.477643221616745,0.3484610617160797,0.9795246124267578,0.8230546116828918,1779,hard,193.45645666122437
-0.09797577559947968,-0.14220356941223145,0.04422779753804207,0.6449311375617981,0.19898052513599396,0.4422779679298401,0.9503815770149231,1780,hard,193.618807554245
-0.11696738004684448,-0.16082024574279785,0.04385286569595337,0.508621871471405,0.3021470308303833,0.4385286569595337,0.823054850101471,1781,hard,193.70905375480652
0.09292130172252655,0.07166296243667603,0.021258341148495674,0.7324550747871399,0.21576930582523346,0.21258340775966644,0.9503818154335022,1782,hard,193.86014771461487
-0.5800739526748657,-0.6052740812301636,0.025200122967362404,0.9015939831733704,0.05464436858892441,0.25200122594833374,0.950381875038147,1783,hard,193.9692485332489
1.1750938892364502,-0.09488260746002197,1.2699764966964722,0.5047171115875244,0.353503555059433,12.6997652053833,0.823054850101471,1784,hard,194.17308926582336
-0.07006053626537323,-0.20871618390083313,0.1386556476354599,0.5469576120376587,0.3313060402870178,1.3865563869476318,0.823054850101471,1785,hard,194.39344787597656
-0.20430117845535278,-0.7125720977783203,0.5082709193229675,0.7554770112037659,0.10556737333536148,5.082709312438965,0.9503816962242126,1786,hard,194.52499914169312
0.05623742192983627,-0.0369608998298645,0.09319832175970078,0.7851765155792236,0.09019934386014938,0.931983232498169,0.9503813982009888,1787,hard,194.71184706687927
-0.7832580208778381,-0.8210676312446594,0.03780963644385338,0.8220312595367432,0.06521154940128326,0.378096342086792,0.950381875038147,1788,hard,194.88315677642822
-0.036815010011196136,-0.11152911186218262,0.07471410185098648,0.5652979612350464,0.45943403244018555,0.7471410036087036,0.8230544328689575,1789,hard,195.07555055618286
-0.3112483024597168,-0.35127806663513184,0.04002976417541504,0.531718373298645,0.336327463388443,0.4002976417541504,0.823054850101471,1790,hard,195.26607370376587
-0.3234052360057831,-0.3749788999557495,0.051573652774095535,0.6125866174697876,0.2546002268791199,0.5157365202903748,0.950381875038147,1791,hard,195.35681056976318
-0.4237557649612427,-0.4379110336303711,0.014155258424580097,0.7403436899185181,0.23053182661533356,0.14155258238315582,0.8230546712875366,1792,hard,195.4898636341095
0.14295664429664612,0.1098020076751709,0.03315464407205582,0.7625091671943665,0.19062262773513794,0.331546425819397,0.9503815770149231,1793,hard,195.6453104019165
-0.02580399066209793,-0.04562407732009888,0.019820086658000946,0.5894923210144043,0.35484760999679565,0.19820086658000946,0.823054850101471,1794,hard,195.76206159591675
-0.1375397890806198,-0.16502845287322998,0.02748866192996502,0.7460048198699951,0.090731181204319,0.2748866081237793,0.9503819346427917,1795,hard,195.84479999542236
-0.17913144826889038,-0.20254066586494446,0.023409217596054077,0.47753649950027466,0.3068034052848816,0.23409217596054077,0.823054850101471,1796,hard,195.93248224258423
-0.38522931933403015,-0.47301578521728516,0.087786465883255,0.4426153898239136,0.34863343834877014,0.87786465883255,0.8230544328689575,1797,hard,196.1454372406006
0.18670573830604553,-0.1256699562072754,0.3123756945133209,0.31847327947616577,0.22388041019439697,3.1237568855285645,0.8230547308921814,1798,hard,196.34365248680115
-0.2833232283592224,-0.29470720887184143,0.011383987963199615,0.7702459692955017,0.12930822372436523,0.11383987963199615,0.9503818154335022,1799,hard,196.4872763156891
0.12499390542507172,0.07111239433288574,0.05388151481747627,0.48500701785087585,0.30941322445869446,0.5388151407241821,0.8230552077293396,1800,hard,196.67091035842896
0.5882681608200073,0.09809684753417969,0.49017128348350525,0.16829870641231537,0.2824152708053589,4.901712894439697,0.8230545520782471,1801,hard,196.90894722938538
-0.5072133541107178,-0.685704231262207,0.17849090695381165,0.42516887187957764,0.3457317054271698,1.7849090099334717,0.8230541944503784,1802,hard,197.15773844718933
0.12925726175308228,0.05101513862609863,0.07824212312698364,0.3640509843826294,0.4736640453338623,0.7824212312698364,0.823054313659668,1803,hard,197.38217878341675
-0.04335302114486694,-0.14174261689186096,0.09838959574699402,0.3881922960281372,0.4162442684173584,0.9838959574699402,0.6720214486122131,1804,hard,197.50676679611206
-0.1566743552684784,-0.24796700477600098,0.09129264950752258,0.3538137674331665,0.25002342462539673,0.9129264950752258,0.8230547308921814,1805,hard,197.68739771842957
0.028329327702522278,-0.04236102104187012,0.0706903487443924,0.5406363010406494,0.34574779868125916,0.7069034576416016,0.8230547904968262,1806,hard,197.87506747245789
-0.5027991533279419,-0.6049460172653198,0.10214684158563614,0.6469652056694031,0.2633833587169647,1.0214684009552002,0.9503815770149231,1807,hard,198.03940272331238
0.6848635077476501,0.08511638641357422,0.5997471213340759,0.23242473602294922,0.34307771921157837,5.997470855712891,0.8230543732643127,1808,hard,198.29879021644592
-0.07121667265892029,-0.10545897483825684,0.03424229845404625,0.3409329354763031,0.35159316658973694,0.3424229621887207,0.6720214486122131,1809,hard,198.4541118144989
-0.15648280084133148,-0.18104839324951172,0.024565596133470535,0.6281039714813232,0.13306383788585663,0.24565595388412476,0.9503813982009888,1810,hard,198.59107542037964
0.20046883821487427,-0.11736083030700684,0.3178296685218811,0.6157903075218201,0.3644408881664276,3.1782965660095215,0.823054850101471,1811,hard,198.78402304649353
0.10924141854047775,-0.0006427764892578125,0.10988419502973557,0.5070054531097412,0.305023729801178,1.098841905593872,0.6720212697982788,1812,hard,198.9875204563141
-0.2858906090259552,-0.370028018951416,0.08413740247488022,0.7654607892036438,0.09090298414230347,0.8413740396499634,0.950381875038147,1813,hard,199.11178708076477
0.6439716219902039,0.4231840968132019,0.22078752517700195,0.8155585527420044,0.12249938398599625,2.2078752517700195,0.9503815770149231,1814,hard,199.2726502418518
-0.11619992554187775,-0.12514728307724,0.008947357535362244,0.8281193971633911,0.12120545655488968,0.08947357535362244,0.9503816366195679,1815,hard,199.40062856674194
0.03362031280994415,-0.08635663986206055,0.1199769526720047,0.4970681369304657,0.3012343645095825,1.1997694969177246,0.8230547308921814,1816,hard,199.59920120239258
-0.2265489101409912,-0.3206968903541565,0.09414798766374588,0.5249831676483154,0.3393612802028656,0.9414798617362976,0.8230547308921814,1817,hard,199.73806595802307
0.0661807432770729,0.0024277567863464355,0.06375298649072647,0.6365020871162415,0.12571202218532562,0.6375298500061035,0.950381875038147,1818,hard,199.81008982658386
-0.02448299527168274,-0.17411722242832184,0.1496342271566391,0.7343517541885376,0.09178265184164047,1.4963421821594238,0.950381875038147,1819,hard,199.98595690727234
0.09074573963880539,0.0028116703033447266,0.08793406933546066,0.4929499328136444,0.3151223659515381,0.879340648651123,0.8230547904968262,1820,hard,200.17956233024597
-0.31553032994270325,-0.32899805903434753,0.01346772164106369,0.8998582363128662,0.06449554115533829,0.1346772164106369,0.950381875038147,1821,hard,200.3041582107544
-1.0015208721160889,-1.1523890495300293,0.150868222117424,0.7899858951568604,0.16056708991527557,1.5086822509765625,0.9503816962242126,1822,hard,200.49173259735107
-0.2805948257446289,-0.3200725317001343,0.03947770223021507,0.5310700535774231,0.39110368490219116,0.39477699995040894,0.8230549097061157,1823,hard,200.60765314102173
0.23020291328430176,-0.06914258003234863,0.2993454933166504,0.48132413625717163,0.3155914843082428,2.993454933166504,0.8230547308921814,1824,hard,200.82663488388062
-0.331508606672287,-0.3434213101863861,0.011912692338228226,0.5999006032943726,0.3543131649494171,0.11912692338228226,0.8230549097061157,1825,hard,200.966783285141
-0.4574691653251648,-0.5795640349388123,0.12209486216306686,0.5985707640647888,0.18495899438858032,1.220948576927185,0.9503817558288574,1826,hard,201.1260621547699
-0.07893522083759308,-0.10669970512390137,0.02776448242366314,0.6104680895805359,0.1816960871219635,0.2776448130607605,0.9503818154335022,1827,hard,201.2762451171875
0.22740386426448822,0.09068083763122559,0.13672302663326263,0.5707562565803528,0.3794863522052765,1.3672301769256592,0.8230550289154053,1828,hard,201.475430727005
0.2884025573730469,0.23295089602470398,0.0554516576230526,0.5399914383888245,0.24802327156066895,0.5545165538787842,0.9503815174102783,1829,hard,201.6479995250702
-0.26886826753616333,-0.2871967554092407,0.01832849718630314,0.8487140536308289,0.13589148223400116,0.1832849681377411,0.9503816366195679,1830,hard,201.81071496009827
-0.4126966893672943,-0.5089808702468872,0.0962841734290123,0.5869574546813965,0.3579517602920532,0.9628417491912842,0.8230547308921814,1831,hard,202.00636553764343
-0.041869185864925385,-0.1428455114364624,0.10097632557153702,0.6402679085731506,0.38550224900245667,1.009763240814209,0.8230549097061157,1832,hard,202.20031142234802
-0.16509920358657837,-0.2017754316329956,0.03667622059583664,0.720989465713501,0.16404901444911957,0.3667621910572052,0.9503819346427917,1833,hard,202.31479620933533
-0.19805175065994263,-0.21955156326293945,0.021499810740351677,0.727609395980835,0.2645086646080017,0.21499811112880707,0.8230549097061157,1834,hard,202.4274618625641
0.03119742125272751,-0.08764761686325073,0.11884503811597824,0.48464035987854004,0.2945917546749115,1.1884503364562988,0.823054850101471,1835,hard,202.6292119026184
0.21649585664272308,-0.008361101150512695,0.22485695779323578,0.5558236241340637,0.35011759400367737,2.2485694885253906,0.8230547308921814,1836,hard,202.83739948272705
-0.8563295602798462,-0.858208179473877,0.0018786191940307617,0.7956042885780334,0.14175502955913544,0.018786191940307617,0.950381875038147,1837,hard,202.9824721813202
4.345533847808838,-0.21762382984161377,4.563157558441162,0.4769083857536316,0.30049654841423035,45.63157272338867,0.8230544924736023,1838,hard,203.21190690994263
-0.23854658007621765,-0.3343745470046997,0.09582797437906265,0.6802118420600891,0.09579094499349594,0.9582797288894653,0.9503816366195679,1839,hard,203.3779273033142
0.05296771973371506,-0.01898971199989319,0.07195743173360825,0.5597794055938721,0.37032148241996765,0.7195743322372437,0.6720216870307922,1840,hard,203.58120965957642
0.1851070523262024,-0.07186126708984375,0.25696831941604614,0.5108198523521423,0.3314969539642334,2.569683074951172,0.8230545520782471,1841,hard,203.79469227790833
0.08448998630046844,-0.08228743076324463,0.16677741706371307,0.36861512064933777,0.3755907714366913,1.6677742004394531,0.6720215678215027,1842,hard,203.99723649024963
-0.06419458985328674,-0.19121265411376953,0.1270180642604828,0.5372381210327148,0.20264586806297302,1.270180583000183,0.9503815174102783,1843,hard,204.13778471946716
-0.01267322152853012,-0.07550168037414551,0.06282845884561539,0.7723175287246704,0.18000651895999908,0.6282845735549927,0.9503815174102783,1844,hard,204.3154411315918
-0.8376639485359192,-0.8923766613006592,0.05471273884177208,0.6814613342285156,0.16715967655181885,0.547127366065979,0.9503818154335022,1845,hard,204.4507315158844
0.4613986015319824,0.05792498588562012,0.4034736156463623,0.4397830367088318,0.326286256313324,4.034736156463623,0.8230546712875366,1846,hard,204.68023896217346
0.03787653148174286,0.011046051979064941,0.026830477640032768,0.8179861307144165,0.12173061817884445,0.2683047652244568,0.950381875038147,1847,hard,204.87003374099731
-0.11413494497537613,-0.22901210188865662,0.11487715691328049,0.7855722308158875,0.10999692231416702,1.1487715244293213,0.9503819346427917,1848,hard,204.93849158287048
0.1788964569568634,0.14633125066757202,0.03256520628929138,0.38587960600852966,0.39299556612968445,0.3256520628929138,0.6720215082168579,1849,hard,205.05701184272766
-0.34144577383995056,-0.40599310398101807,0.06454732269048691,0.5259382724761963,0.37393122911453247,0.6454732418060303,0.8230547904968262,1850,hard,205.19039511680603
0.10389173030853271,0.0798233151435852,0.02406841516494751,0.5590338706970215,0.3491893708705902,0.2406841516494751,0.823054850101471,1851,hard,205.3107841014862
0.20739103853702545,0.13934946060180664,0.06804157793521881,0.4597393274307251,0.32523247599601746,0.6804157495498657,0.8230547904968262,1852,hard,205.4491024017334
0.22326365113258362,-0.0,0.22326365113258362,0.0,0.0,2.2326364517211914,0.0,1853,hard,205.70395684242249
-0.13618406653404236,-0.25476276874542236,0.1185787096619606,0.5731855034828186,0.39207738637924194,1.1857870817184448,0.8230542540550232,1854,hard,205.84323930740356
-0.22429032623767853,-0.4446859359741211,0.22039560973644257,0.529775083065033,0.12354780733585358,2.203956127166748,0.9503819346427917,1855,hard,206.04453873634338
-0.18874835968017578,-0.31069380044937134,0.12194543331861496,0.6599186658859253,0.38841745257377625,1.219454288482666,0.823054850101471,1856,hard,206.22387075424194
0.7164285182952881,-0.0763319730758667,0.7927604913711548,0.3908863067626953,0.41356799006462097,7.927604675292969,0.6720216274261475,1857,hard,206.39712595939636
0.010221369564533234,-0.07494863867759705,0.08517000824213028,0.6333709359169006,0.0659375935792923,0.8517000675201416,0.950381875038147,1858,hard,206.57968950271606
-0.4509374797344208,-0.4762986898422241,0.025361204519867897,0.812908411026001,0.12842637300491333,0.25361204147338867,0.9503815770149231,1859,hard,206.72729921340942
-0.2858389914035797,-0.3693959712982178,0.08355698734521866,0.6626853346824646,0.39203333854675293,0.8355698585510254,0.823054850101471,1860,hard,206.91304063796997
-0.08819584548473358,-0.23190978169441223,0.14371393620967865,0.548534095287323,0.32729795575141907,1.4371392726898193,0.823054850101471,1861,hard,207.0391025543213
-0.03703384846448898,-0.10975360870361328,0.0727197602391243,0.6800855398178101,0.1911594271659851,0.7271975874900818,0.9503816962242126,1862,hard,207.23437237739563
0.017995551228523254,-0.17743992805480957,0.19543547928333282,0.7783852815628052,0.19389553368091583,1.9543547630310059,0.8230546116828918,1863,hard,207.436758518219
0.10958866775035858,-0.0635833740234375,0.17317204177379608,0.6679496169090271,0.17510196566581726,1.7317204475402832,0.823054850101471,1864,hard,207.62792325019836
-1.0662827491760254,-1.1007472276687622,0.03446453437209129,0.5894864201545715,0.3106992542743683,0.34464532136917114,0.8230547308921814,1865,hard,207.82212615013123
-0.7021486759185791,-0.7880007028579712,0.08585201948881149,0.5383135080337524,0.33265843987464905,0.8585201501846313,0.8230549097061157,1866,hard,207.99767637252808
0.15320387482643127,-0.03384506702423096,0.18704894185066223,0.79644376039505,0.13376615941524506,1.8704893589019775,0.950381875038147,1867,hard,208.14416694641113
-0.16194963455200195,-0.25664854049682617,0.09469891339540482,0.6277209520339966,0.22352376580238342,0.946989119052887,0.9503818154335022,1868,hard,208.23513531684875
0.5197300314903259,0.4719581604003906,0.04777185246348381,0.5019474625587463,0.23913607001304626,0.4777185320854187,0.9503818154335022,1869,hard,208.41534662246704
-0.07694147527217865,-0.2670859098434448,0.19014443457126617,0.6325756311416626,0.3784915506839752,1.9014443159103394,0.8230547904968262,1870,hard,208.62201285362244
-0.12345326691865921,-0.19294410943984985,0.06949084252119064,0.668453574180603,0.3996395170688629,0.6949084401130676,0.8230549097061157,1871,hard,208.77561044692993
-0.05576585233211517,-0.17230463027954102,0.11653877794742584,0.5409674644470215,0.3497728109359741,1.165387749671936,0.823054850101471,1872,hard,208.91964888572693
0.1685473769903183,0.1158132553100586,0.05273412540555,0.7193371653556824,0.1613444983959198,0.5273412466049194,0.9503825902938843,1873,hard,209.1092972755432
0.22674128413200378,0.20640921592712402,0.020332062616944313,0.588092565536499,0.39674749970436096,0.20332062244415283,0.8230538368225098,1874,hard,209.30426454544067
0.22633588314056396,0.1739976406097412,0.052338238805532455,0.721586287021637,0.14149299263954163,0.5233823657035828,0.950381875038147,1875,hard,209.4445595741272
-0.09643182903528214,-0.18037426471710205,0.08394243568181992,0.3909076452255249,0.4034210741519928,0.8394243121147156,0.6720213890075684,1876,hard,209.54905605316162
5.228875160217285,-0.04778273403644562,5.276658058166504,0.21650777757167816,0.38133504986763,52.766578674316406,0.4751909673213959,1877,hard,209.76162147521973
0.13416095077991486,-0.058861613273620605,0.19302256405353546,0.527807354927063,0.32600530982017517,1.9302256107330322,0.8230552077293396,1878,hard,209.92741799354553
-0.6748915314674377,-0.7521536946296692,0.07726217806339264,0.8078507781028748,0.24216416478157043,0.772621750831604,0.9503818154335022,1879,hard,210.03903603553772
0.739084005355835,-0.3404245376586914,1.0795085430145264,0.7635781764984131,0.2740209400653839,10.795084953308105,0.9503817558288574,1880,hard,210.2167067527771
-0.2955435514450073,-0.3259050250053406,0.030361486598849297,0.8052865266799927,0.10086482018232346,0.30361485481262207,0.9503817558288574,1881,hard,210.41833424568176
0.19376400113105774,0.07365894317626953,0.1201050654053688,0.6007081866264343,0.38293108344078064,1.2010506391525269,0.8230547308921814,1882,hard,210.6267192363739
-0.1161896288394928,-0.1749284267425537,0.058738794177770615,0.628302276134491,0.20254181325435638,0.5873879194259644,0.9503815770149231,1883,hard,210.79192304611206
-0.039196133613586426,-0.22212359309196472,0.1829274594783783,0.4841936230659485,0.33234816789627075,1.8292745351791382,0.6720213890075684,1884,hard,210.88049364089966
-0.21872679889202118,-0.24844729900360107,0.029720503836870193,0.5781618356704712,0.3517163097858429,0.29720503091812134,0.8230547904968262,1885,hard,211.04487204551697
-0.12992128729820251,-0.3774547576904297,0.24753347039222717,0.5635820031166077,0.3723735213279724,2.475334644317627,0.8230544924736023,1886,hard,211.24440503120422
0.03166007995605469,-0.26282167434692383,0.2944817543029785,0.2949413061141968,0.2178744226694107,2.944817543029785,0.8230547308921814,1887,hard,211.48302340507507
0.003459695726633072,-0.01659989356994629,0.02005958929657936,0.11796171218156815,0.20759260654449463,0.200595885515213,0.4751909375190735,1888,hard,211.66562223434448
-0.2185937762260437,-0.30871522426605225,0.09012144058942795,0.6074536442756653,0.13537806272506714,0.9012143611907959,0.9503812193870544,1889,hard,211.84904956817627
0.08817946910858154,-0.49943089485168457,0.5876103639602661,0.6536573171615601,0.1918666511774063,5.876103401184082,0.9503817558288574,1890,hard,211.95917582511902
6.711680889129639,-0.3133752942085266,7.0250563621521,0.38432416319847107,0.3917437791824341,70.25056457519531,0.6720214486122131,1891,hard,212.17053747177124
-0.05560044199228287,-0.08951994776725769,0.03391950577497482,0.8034534454345703,0.12931786477565765,0.33919504284858704,0.9503818154335022,1892,hard,212.2844135761261
-0.047750137746334076,-0.06250381469726562,0.014753676019608974,0.7006508708000183,0.12513557076454163,0.1475367546081543,0.9503819942474365,1893,hard,212.43540000915527
-0.5628575086593628,-0.603308379650116,0.04045085981488228,0.6622526049613953,0.16210931539535522,0.4045085906982422,0.9503818154335022,1894,hard,212.5552978515625
0.012542977929115295,-0.11751377582550049,0.13005675375461578,0.6032587289810181,0.16847413778305054,1.3005675077438354,0.9503819942474365,1895,hard,212.75395035743713
-0.49695122241973877,-0.5272508859634399,0.030299661681056023,0.8630459308624268,0.04302762448787689,0.30299660563468933,0.9503819346427917,1896,hard,212.9340226650238
0.013335883617401123,-0.09547257423400879,0.10880845785140991,0.6542193293571472,0.17484526336193085,1.0880845785140991,0.950381875038147,1897,hard,213.09807920455933
-0.3082144260406494,-0.3595399856567383,0.05132554844021797,0.8460747003555298,0.0903768464922905,0.5132554769515991,0.9503818154335022,1898,hard,213.29673862457275
-0.0809536725282669,-0.28002315759658813,0.19906948506832123,0.7016246318817139,0.41244474053382874,1.9906948804855347,0.8230549097061157,1899,hard,213.50322556495667
-0.23630577325820923,-0.848431408405304,0.6121256351470947,0.6860865354537964,0.40514928102493286,6.121256351470947,0.8230547904968262,1900,hard,213.68652939796448
0.09109894931316376,0.0394366979598999,0.051662247627973557,0.8279220461845398,0.09142705053091049,0.5166224837303162,0.950381875038147,1901,hard,213.86914134025574
-0.00023734569549560547,-0.5144237875938416,0.514186441898346,0.5622003674507141,0.3634085953235626,5.14186429977417,0.8230547308921814,1902,hard,214.06006693840027
-0.1703096181154251,-0.3398526906967163,0.1695430725812912,0.5956421494483948,0.37350812554359436,1.6954307556152344,0.8230549097061157,1903,hard,214.19526362419128
-0.6016886234283447,-0.6229780316352844,0.02128942869603634,0.6764915585517883,0.3987422287464142,0.2128942906856537,0.8230549097061157,1904,hard,214.30250644683838
-0.07365209609270096,-0.15375804901123047,0.08010595291852951,0.39495551586151123,0.23759132623672485,0.8010594844818115,0.8230549097061157,1905,hard,214.4992003440857
0.23741686344146729,0.14304792881011963,0.09436893463134766,0.5035747289657593,0.31921449303627014,0.9436893463134766,0.823054850101471,1906,hard,214.68958163261414
-0.12091652303934097,-0.1623835563659668,0.041467033326625824,0.4840911328792572,0.33836960792541504,0.41467031836509705,0.8230544924736023,1907,hard,214.8628795146942
1.8428940773010254,-0.15073466300964355,1.993628740310669,0.6278765797615051,0.23212070763111115,19.93628692626953,0.823054850101471,1908,hard,215.0951087474823
-0.1924162209033966,-0.2047668695449829,0.012350652366876602,0.7588815689086914,0.12025771290063858,0.12350652366876602,0.950381875038147,1909,hard,215.2196409702301
-0.13209137320518494,-0.15679502487182617,0.024703657254576683,0.782421350479126,0.1287553310394287,0.24703656136989594,0.9503816962242126,1910,hard,215.41265082359314
0.14601589739322662,0.018656671047210693,0.12735922634601593,0.40008440613746643,0.40897199511528015,1.273592233657837,0.6720214486122131,1911,hard,215.54193234443665
0.1634688675403595,-0.14961838722229004,0.31308725476264954,0.559719443321228,0.13509586453437805,3.1308724880218506,0.9503820538520813,1912,hard,215.66271948814392
2.3628480434417725,-0.2915721535682678,2.6544201374053955,0.44995105266571045,0.4590409994125366,26.544200897216797,0.6720214486122131,1913,hard,215.8614981174469
-0.0320175439119339,-0.10350322723388672,0.07148568332195282,0.5482982993125916,0.3230970501899719,0.7148568034172058,0.8230549097061157,1914,hard,216.03643560409546
-0.7458746433258057,-0.7903532981872559,0.0444786474108696,0.81145179271698,0.10038800537586212,0.4447864592075348,0.9503819346427917,1915,hard,216.16619324684143
-0.09264607727527618,-0.12940430641174316,0.03675822541117668,0.7755734324455261,0.08863289654254913,0.3675822615623474,0.950381875038147,1916,hard,216.29674339294434
0.08897107094526291,0.02203190326690674,0.06693916767835617,0.30812621116638184,0.3219259977340698,0.6693916320800781,0.6720215082168579,1917,hard,216.4787721633911
6.530566692352295,-0.13448762893676758,6.6650543212890625,0.5077865123748779,0.3090892434120178,66.65054321289062,0.823054850101471,1918,hard,216.66733026504517
0.3914794623851776,0.38015973567962646,0.011319723911583424,0.6934854388237,0.12920981645584106,0.11319723725318909,0.8230546712875366,1919,hard,216.8618893623352
0.3569621443748474,0.1976712942123413,0.1592908352613449,0.6117156744003296,0.2544693350791931,1.5929083824157715,0.9503816962242126,1920,hard,216.99448347091675
-0.05798771604895592,-0.09257736802101135,0.034589651972055435,0.6518269777297974,0.38537201285362244,0.34589651226997375,0.823054850101471,1921,hard,217.1769678592682
-0.19238534569740295,-0.31193777918815613,0.11955242604017258,0.6018146276473999,0.361491322517395,1.1955242156982422,0.8230547904968262,1922,hard,217.31883430480957
0.02071484923362732,-0.1318216323852539,0.15253648161888123,0.5417076349258423,0.33757075667381287,1.5253647565841675,0.8230547904968262,1923,hard,217.50594091415405
-0.0589546374976635,-0.09549593925476074,0.036541301757097244,0.6322451829910278,0.37892821431159973,0.36541301012039185,0.823054850101471,1924,hard,217.703955411911
0.10231472551822662,-0.0889333188533783,0.19124804437160492,0.33830884099006653,0.37436190247535706,1.912480354309082,0.6720214486122131,1925,hard,217.893208026886
-0.2507842183113098,-0.2654632329940796,0.014679019339382648,0.5876107811927795,0.40312594175338745,0.14679019153118134,0.8230549693107605,1926,hard,218.11543774604797
-0.15963630378246307,-0.19192922115325928,0.032292913645505905,0.5605108141899109,0.40002062916755676,0.32292911410331726,0.823054850101471,1927,hard,218.25277614593506
0.20767396688461304,0.008395195007324219,0.19927877187728882,0.4047500491142273,0.30719229578971863,1.9927877187728882,0.823054850101471,1928,hard,218.39914965629578
-0.03730093687772751,-0.06907856464385986,0.031777627766132355,0.5331968665122986,0.34366899728775024,0.31777626276016235,0.8230545520782471,1929,hard,218.56494784355164
0.31438449025154114,0.2111015021800995,0.10328298062086105,0.6431804895401001,0.3822651207447052,1.032829761505127,0.6720213294029236,1930,hard,218.68211913108826
0.8023704886436462,-0.1379690170288086,0.9403395056724548,0.37213975191116333,0.29279765486717224,9.40339469909668,0.8230546712875366,1931,hard,218.8668031692505
-0.2170918583869934,-0.30325984954833984,0.08616798371076584,0.5072003602981567,0.3352559208869934,0.8616797924041748,0.8230546712875366,1932,hard,218.99810647964478
0.13483110070228577,0.03503227233886719,0.09979883581399918,0.39927637577056885,0.2930395007133484,0.9979883432388306,0.6720213890075684,1933,hard,219.19443464279175
-0.07906756550073624,-0.15919971466064453,0.0801321491599083,0.7926667928695679,0.13603198528289795,0.8013214468955994,0.9503818154335022,1934,hard,219.36777639389038
0.12832026183605194,-0.05258941650390625,0.1809096783399582,0.7393463253974915,0.1210397481918335,1.8090968132019043,0.9503818154335022,1935,hard,219.55781769752502
-0.3173496723175049,-0.45615166425704956,0.13880200684070587,0.5759863257408142,0.346349835395813,1.3880200386047363,0.823054850101471,1936,hard,219.73546886444092
-0.17582964897155762,-0.28172093629837036,0.10589127987623215,0.817261278629303,0.20976360142230988,1.058912754058838,0.950381875038147,1937,hard,219.82154297828674
0.11020329594612122,0.011206060647964478,0.09899723529815674,0.505651593208313,0.36182719469070435,0.9899723529815674,0.8230543732643127,1938,hard,219.98426747322083
0.21761807799339294,-0.10515117645263672,0.32276925444602966,0.5655226111412048,0.35473179817199707,3.2276926040649414,0.823054850101471,1939,hard,220.1204869747162
-0.45700523257255554,-0.49320584535598755,0.03620061278343201,0.9043098092079163,0.057665519416332245,0.36200612783432007,0.9503819346427917,1940,hard,220.26001071929932
0.024279356002807617,-0.1384902000427246,0.16276955604553223,0.6339807510375977,0.2468319535255432,1.6276955604553223,0.9503823518753052,1941,hard,220.41522526741028
-0.6128032207489014,-0.668910801410675,0.05610758066177368,0.757308304309845,0.19185273349285126,0.5610758066177368,0.9503818154335022,1942,hard,220.60962080955505
-0.02400379627943039,-0.035338908433914185,0.01133511122316122,0.7796612977981567,0.11822479963302612,0.11335110664367676,0.9503818154335022,1943,hard,220.76511454582214
0.2585194408893585,-0.007448732852935791,0.2659681737422943,0.3166971802711487,0.34007179737091064,2.659681797027588,0.6720214486122131,1944,hard,221.01253652572632
-0.6730363368988037,-0.7130141854286194,0.039977867156267166,0.6441179513931274,0.12991122901439667,0.39977866411209106,0.950381875038147,1945,hard,221.09491157531738
-0.04807652533054352,-0.1953691840171814,0.14729265868663788,0.5255750417709351,0.2132873684167862,1.4729266166687012,0.9503819346427917,1946,hard,221.21816110610962
0.9650245904922485,-0.051337480545043945,1.0163620710372925,0.5608521699905396,0.20179198682308197,10.163619995117188,0.950381875038147,1947,hard,221.382080078125
-0.175909623503685,-0.2430565357208252,0.0671469122171402,0.7797250747680664,0.09882090985774994,0.6714690923690796,0.9503818154335022,1948,hard,221.57264924049377
-0.2473648637533188,-0.28254234790802,0.035177480429410934,0.5720622539520264,0.35177111625671387,0.35177481174468994,0.8230547904968262,1949,hard,221.7190821170807
259.2397155761719,-0.10333877801895142,259.3430480957031,0.4228266477584839,0.4309874475002289,2593.430419921875,0.6720215082168579,1950,hard,221.94245839118958
5.777202129364014,0.0743035078048706,5.7028985023498535,0.29234999418258667,0.43393898010253906,57.02898406982422,0.8230547308921814,1951,hard,222.15058040618896
-0.036498717963695526,-0.052086204290390015,0.015587485395371914,0.6303181052207947,0.15804818272590637,0.1558748483657837,0.823054850101471,1952,hard,222.23544359207153
0.048644233494997025,0.0059165358543396,0.042727697640657425,0.6997919082641602,0.2212202399969101,0.42727696895599365,0.47519031167030334,1953,hard,222.36294293403625
-0.015323221683502197,-0.09684395790100098,0.08152073621749878,0.5443210601806641,0.15604159235954285,0.8152073621749878,0.950381875038147,1954,hard,222.5755317211151
0.7689040899276733,0.6248321533203125,0.14407193660736084,0.663620114326477,0.2072247713804245,1.4407193660736084,0.8230546712875366,1955,hard,222.7835352420807
-0.24587979912757874,-0.4957190155982971,0.24983921647071838,0.5706232190132141,0.38051360845565796,2.498392105102539,0.8230538368225098,1956,hard,222.98851442337036
-0.43655627965927124,-0.4572087824344635,0.020652515813708305,0.7917015552520752,0.18558137118816376,0.20652516186237335,0.9503816962242126,1957,hard,223.14254069328308
0.35918480157852173,0.1504596471786499,0.20872513949871063,0.49923795461654663,0.492146760225296,2.0872514247894287,0.9503818154335022,1958,hard,223.32420706748962
-0.06726831197738647,-0.4993409216403961,0.43207260966300964,0.66374671459198,0.15382026135921478,4.320725917816162,0.950381875038147,1959,hard,223.4590334892273
2.1326611042022705,-0.38059619069099426,2.5132572650909424,0.633622944355011,0.37430399656295776,25.132572174072266,0.8230549097061157,1960,hard,223.61313247680664
0.04245767742395401,-0.019399404525756836,0.061857081949710846,0.5954854488372803,0.16594325006008148,0.6185708045959473,0.9503820538520813,1961,hard,223.82122015953064
-0.5015516877174377,-0.5602775812149048,0.05872591212391853,0.57491135597229,0.3547526001930237,0.5872591137886047,0.823054850101471,1962,hard,223.97469663619995
-0.49861061573028564,-0.5354602336883545,0.03684961795806885,0.8584976196289062,0.09475896507501602,0.3684961795806885,0.950381875038147,1963,hard,224.12447595596313
-0.2796827256679535,-0.3687913417816162,0.08910862356424332,0.7065038681030273,0.1589045226573944,0.891086220741272,0.9503816962242126,1964,hard,224.27429962158203
-0.9127111434936523,-0.9836236238479614,0.07091247290372849,0.8577819466590881,0.14498591423034668,0.7091246843338013,0.9503818154335022,1965,hard,224.36379742622375
0.170160174369812,0.07935905456542969,0.09080111235380173,0.7804040908813477,0.13532085716724396,0.9080111384391785,0.950381875038147,1966,hard,224.5014352798462
-0.7096482515335083,-0.7313305735588074,0.02168235182762146,0.7648310661315918,0.21086108684539795,0.2168235182762146,0.9503816962242126,1967,hard,224.6151909828186
0.14428706467151642,0.1029503345489502,0.041336726397275925,0.5389150381088257,0.43100741505622864,0.41336727142333984,0.9503816962242126,1968,hard,224.77797317504883
0.37706702947616577,0.25852108001708984,0.11854596436023712,0.6897037029266357,0.3228921592235565,1.1854596138000488,0.9503815770149231,1969,hard,224.93610453605652
-0.021734319627285004,-0.11965955793857574,0.09792523831129074,0.18559524416923523,0.3268228769302368,0.9792523980140686,0.4751909673213959,1970,hard,225.05428910255432
-0.18568648397922516,-0.20845146477222443,0.02276497893035412,0.7062391638755798,0.14246229827404022,0.2276497781276703,0.950381875038147,1971,hard,225.15567016601562
-0.18040356040000916,-0.309029221534729,0.12862566113471985,0.3963963985443115,0.4201928973197937,1.2862565517425537,0.6720213890075684,1972,hard,225.25570058822632
0.05163341760635376,0.01703667640686035,0.03459674119949341,0.5370876789093018,0.37554362416267395,0.3459674119949341,0.823054850101471,1973,hard,225.49871134757996
-0.05625971406698227,-0.12342619895935059,0.06716648489236832,0.4787499010562897,0.342171311378479,0.671664834022522,0.8230546712875366,1974,hard,225.70915174484253
-0.36973729729652405,-0.4291924238204956,0.05945511534810066,0.749885082244873,0.13921432197093964,0.594551146030426,0.9503818154335022,1975,hard,225.86886620521545
0.24836993217468262,-0.10559353232383728,0.3539634644985199,0.5087243318557739,0.306355357170105,3.5396347045898438,0.823054850101471,1976,hard,226.0370237827301
0.6192949414253235,0.020168781280517578,0.5991261601448059,0.5594860911369324,0.4123353660106659,5.9912614822387695,0.8230546712875366,1977,hard,226.2606644630432
-0.0851031020283699,-0.1659642457962036,0.08086114376783371,0.33033913373947144,0.2290220409631729,0.8086113929748535,0.8230547904968262,1978,hard,226.4746117591858
0.8067913055419922,0.30853891372680664,0.49825236201286316,0.6396257281303406,0.15495054423809052,4.982523441314697,0.9503816366195679,1979,hard,226.66086769104004
0.0489199161529541,-0.09892582893371582,0.14784574508666992,0.3617684841156006,0.3723645806312561,1.4784574508666992,0.6720214486122131,1980,hard,226.8382272720337
0.01830150932073593,-0.0733041763305664,0.09160568565130234,0.24374522268772125,0.25028666853904724,0.9160568714141846,0.6720215678215027,1981,hard,227.07172322273254
-0.17588219046592712,-0.24665021896362305,0.07076802849769592,0.4817364513874054,0.11078115552663803,0.7076802849769592,0.9503816366195679,1982,hard,227.25288105010986
-0.2847115099430084,-0.3805360794067383,0.09582457691431046,0.5019950270652771,0.27488332986831665,0.9582457542419434,0.9503816962242126,1983,hard,227.4873743057251
0.030744090676307678,0.00802662968635559,0.022717460989952087,0.7848319411277771,0.1557929366827011,0.22717460989952087,0.950381875038147,1984,hard,227.5771906375885
-0.021148942410945892,-0.05823686718940735,0.037087924778461456,0.8718428611755371,0.1089901328086853,0.37087923288345337,0.9503818154335022,1985,hard,227.76893496513367
0.07383988797664642,0.030949681997299194,0.04289020597934723,0.6075365543365479,0.35995161533355713,0.4289020597934723,0.823054850101471,1986,hard,227.95574498176575
0.009574651718139648,-0.09222698211669922,0.10180163383483887,0.7180106043815613,0.14677906036376953,1.0180163383483887,0.9503816962242126,1987,hard,228.10372638702393
-0.515605628490448,-0.5330706834793091,0.017465082928538322,0.8471959233283997,0.06163185089826584,0.17465081810951233,0.9503819346427917,1988,hard,228.25887060165405
-0.405626505613327,-0.43375200033187866,0.02812550775706768,0.7956728935241699,0.16775409877300262,0.2812550663948059,0.9503814578056335,1989,hard,228.3904755115509
-0.5178433060646057,-0.6189479231834412,0.10110461711883545,0.8746810555458069,0.06578812748193741,1.0110461711883545,0.950381875038147,1990,hard,228.4900164604187
-0.010792307555675507,-0.07315152883529663,0.062359221279621124,0.6021115183830261,0.3617342710494995,0.62359219789505,0.8230547308921814,1991,hard,228.69706439971924
-0.10928235948085785,-0.1389683485031128,0.029685992747545242,0.7333141565322876,0.10439209640026093,0.2968599200248718,0.950381875038147,1992,hard,228.88272333145142
0.05752531439065933,0.004240870475769043,0.05328444391489029,0.6685416102409363,0.22220909595489502,0.5328444242477417,0.9503815174102783,1993,hard,229.0486867427826
-0.30805304646492004,-0.4000997543334961,0.09204670786857605,0.609870433807373,0.21198756992816925,0.9204670786857605,0.8230549097061157,1994,hard,229.23969531059265
0.0734749287366867,-0.07508254051208496,0.14855746924877167,0.38916271924972534,0.31763756275177,1.485574722290039,0.8230547904968262,1995,hard,229.46724438667297
-0.2656358480453491,-0.28178882598876953,0.016152963042259216,0.6965051889419556,0.2748149037361145,0.16152963042259216,0.9503818154335022,1996,hard,229.61730694770813
-0.09886083006858826,-0.27978944778442383,0.18092861771583557,0.6535876989364624,0.12575967609882355,1.809286117553711,0.950381875038147,1997,hard,229.81642866134644
0.37515583634376526,0.037892818450927734,0.3372630178928375,0.4770781397819519,0.3342565894126892,3.3726301193237305,0.8230547308921814,1998,hard,230.0691614151001
0.21054767072200775,0.007299542427062988,0.20324812829494476,0.3912395238876343,0.40361136198043823,2.0324811935424805,0.6720214486122131,1999,hard,230.20967054367065
-0.21814671158790588,-0.2513178586959839,0.033171139657497406,0.6355684995651245,0.21836601197719574,0.33171138167381287,0.9503816366195679,2000,hard,230.37609672546387
0.21479149162769318,-0.007894754409790039,0.22268624603748322,0.5636373162269592,0.45649710297584534,2.2268624305725098,0.9503809213638306,2001,hard,231.3243911266327
0.20539574325084686,0.18598675727844238,0.01940898969769478,0.4565218687057495,0.34142112731933594,0.1940898895263672,0.8230549097061157,2002,hard,231.4397578239441
-0.059460192918777466,-0.10377576947212219,0.04431557655334473,0.3839420974254608,0.3902624249458313,0.44315576553344727,0.6720214486122131,2003,hard,231.64559078216553
0.07257166504859924,0.049502015113830566,0.023069648072123528,0.6480974555015564,0.21669311821460724,0.23069646954536438,0.9503816366195679,2004,hard,231.7465991973877
0.05260499566793442,-0.022554099559783936,0.07515909522771835,0.5855174660682678,0.37208354473114014,0.7515909671783447,0.8230547904968262,2005,hard,231.8536777496338
0.2742576003074646,0.08152145147323608,0.19273613393306732,0.7995911836624146,0.10872263461351395,1.927361249923706,0.950381875038147,2006,hard,232.01106452941895
0.04290303587913513,-0.45221269130706787,0.495115727186203,0.5905580520629883,0.36416202783584595,4.951157093048096,0.823054850101471,2007,hard,232.31455993652344
0.009937137365341187,-0.17585277557373047,0.18578991293907166,0.7000815868377686,0.18394339084625244,1.8578990697860718,0.9503814578056335,2008,hard,232.52621245384216
-0.14075152575969696,-0.15724098682403564,0.016489466652274132,0.7520506381988525,0.18015830218791962,0.16489467024803162,0.9503816366195679,2009,hard,232.69439840316772
-0.1784588098526001,-0.24028503894805908,0.061826225370168686,0.7441421747207642,0.16104011237621307,0.6182622313499451,0.950381875038147,2010,hard,232.8116590976715
-0.048229776322841644,-0.13110405206680298,0.08287427574396133,0.5057142972946167,0.37738049030303955,0.8287427425384521,0.6720213890075684,2011,hard,233.01206231117249
0.22556713223457336,0.17214685678482056,0.05342027172446251,0.6006044745445251,0.36430200934410095,0.5342026948928833,0.8230547308921814,2012,hard,233.1933012008667
-0.3342312276363373,-0.41742944717407227,0.08319821208715439,0.7674926519393921,0.2127523571252823,0.8319820761680603,0.9503816366195679,2013,hard,233.36696124076843
-0.7889062762260437,-0.7993124127388,0.01040614303201437,0.7787491083145142,0.18937623500823975,0.10406142473220825,0.950381875038147,2014,hard,233.51947259902954
-0.1416395902633667,-0.18934059143066406,0.04770100116729736,0.6881232857704163,0.12195757776498795,0.47701001167297363,0.9503817558288574,2015,hard,233.64201021194458
-0.18686331808567047,-0.2449338436126709,0.05807052180171013,0.7188911437988281,0.1728568822145462,0.5807052254676819,0.9503814578056335,2016,hard,233.8129370212555
2.3052573204040527,-0.10892796516418457,2.4141852855682373,0.30636847019195557,0.4128868579864502,24.14185333251953,0.8230545520782471,2017,hard,234.02249956130981
-0.06297650933265686,-0.09379592537879944,0.030819416046142578,0.5801200270652771,0.35344263911247253,0.3081941604614258,0.8230549097061157,2018,hard,234.2232382297516
-0.1358632892370224,-0.2185382843017578,0.08267499506473541,0.7195687294006348,0.0947781428694725,0.8267499208450317,0.9503819346427917,2019,hard,234.33259201049805
-0.2232286036014557,-0.24694496393203735,0.023716358467936516,0.5259426832199097,0.33807849884033203,0.23716358840465546,0.823054850101471,2020,hard,234.43916869163513
-0.09428281337022781,-0.1608487367630005,0.06656592339277267,0.6888702511787415,0.14553678035736084,0.6656591892242432,0.9503818154335022,2021,hard,234.6016924381256
-0.265951931476593,-0.3161778450012207,0.05022592097520828,0.7844005823135376,0.11490149050951004,0.5022591948509216,0.9503818154335022,2022,hard,234.73047494888306
-0.40300479531288147,-0.49877214431762695,0.09576735645532608,0.5623878836631775,0.35461679100990295,0.9576735496520996,0.823054850101471,2023,hard,234.9088432788849
-0.1908169984817505,-0.24279212951660156,0.051975127309560776,0.3666025996208191,0.39918920397758484,0.519751250743866,0.6720213890075684,2024,hard,235.08687233924866
0.14367833733558655,0.05638629198074341,0.08729203790426254,0.44329530000686646,0.4218173921108246,0.8729203939437866,0.8230542540550232,2025,hard,235.3004081249237
0.3761511743068695,-0.008836030960083008,0.3849872052669525,0.49204784631729126,0.3337361812591553,3.849871873855591,0.8230543732643127,2026,hard,235.55292773246765
-0.08491209894418716,-0.09506847709417343,0.010156378149986267,0.6518275737762451,0.3830167055130005,0.10156378149986267,0.6720214486122131,2027,hard,235.71091771125793
-0.32368093729019165,-0.3966026306152344,0.07292167842388153,0.5509480237960815,0.17734317481517792,0.7292167544364929,0.9503818154335022,2028,hard,235.85131406784058
0.4202973246574402,0.40119457244873047,0.019102752208709717,0.7565624117851257,0.18067610263824463,0.19102752208709717,0.9503816366195679,2029,hard,236.0622866153717
0.06060910224914551,-0.2543267607688904,0.3149358630180359,0.5295858383178711,0.3417896032333374,3.1493585109710693,0.8230547904968262,2030,hard,236.29030585289001
0.09201106429100037,-0.09127187728881836,0.18328294157981873,0.4504980742931366,0.28696274757385254,1.8328293561935425,0.8230549097061157,2031,hard,236.47635889053345
0.0023288242518901825,-0.03286287188529968,0.035191696137189865,0.8171223998069763,0.022891918197274208,0.35191696882247925,0.9503819346427917,2032,hard,236.6471745967865
-0.5395087003707886,-0.6479095816612244,0.10840088129043579,0.8092781901359558,0.09304583817720413,1.084008812904358,0.950381875038147,2033,hard,236.80680680274963
-0.45337945222854614,-0.509257972240448,0.055878520011901855,0.7428521513938904,0.2206156998872757,0.5587852001190186,0.9503817558288574,2034,hard,236.91174387931824
0.1021043211221695,0.016273021697998047,0.08583129942417145,0.7414950132369995,0.1370304971933365,0.8583129644393921,0.9503818154335022,2035,hard,237.03041338920593
-0.5811888575553894,-0.6099298596382141,0.02874102257192135,0.9345250129699707,0.05789263918995857,0.2874102294445038,0.823054850101471,2036,hard,237.15178680419922
-0.1513170748949051,-0.20351660251617432,0.052199531346559525,0.6626747250556946,0.24189431965351105,0.5219953060150146,0.9503816366195679,2037,hard,237.28893733024597
1.575976014137268,-0.24984896183013916,1.8258249759674072,0.27182382345199585,0.28485894203186035,18.258249282836914,0.6720214486122131,2038,hard,237.49108362197876
-0.27091261744499207,-0.2947869300842285,0.023874320089817047,0.6208678483963013,0.39519035816192627,0.23874320089817047,0.9503815770149231,2039,hard,237.61757946014404
0.3339075446128845,0.2086949348449707,0.12521259486675262,0.45054471492767334,0.3721539378166199,1.252125859260559,0.8230549097061157,2040,hard,237.8021581172943
-0.03534724935889244,-0.044738709926605225,0.00939145963639021,0.2643452286720276,0.29370948672294617,0.09391459822654724,0.6720212697982788,2041,hard,237.92288398742676
-0.5309587717056274,-0.5706603527069092,0.03970155864953995,0.7201479077339172,0.17978942394256592,0.3970155715942383,0.9503819346427917,2042,hard,238.12864780426025
-0.5409031510353088,-0.5547075271606445,0.01380438543856144,0.7151795029640198,0.23789195716381073,0.1380438506603241,0.9503820538520813,2043,hard,238.32774472236633
0.557987630367279,0.06759631633758545,0.4903913140296936,0.4668300747871399,0.30976834893226624,4.9039130210876465,0.8230547308921814,2044,hard,238.5067436695099
-0.2717743217945099,-0.3157590925693512,0.043984781950712204,0.6593316793441772,0.39099472761154175,0.43984782695770264,0.8230549097061157,2045,hard,238.635484457016
-0.0710839107632637,-0.14712834358215332,0.07604443281888962,0.41006842255592346,0.24841879308223724,0.7604442834854126,0.8230547904968262,2046,hard,238.85652089118958
7.105523109436035,-0.16312432289123535,7.268647193908691,0.2962629795074463,0.38095369935035706,72.68647003173828,0.6720213294029236,2047,hard,239.05617022514343
-0.4695509970188141,-0.5109754800796509,0.041424479335546494,0.6252055168151855,0.16986820101737976,0.41424477100372314,0.9503818154335022,2048,hard,239.20897316932678
-0.26643165946006775,-0.35879969596862793,0.09236803650856018,0.3606226146221161,0.28224214911460876,0.9236803650856018,0.823054850101471,2049,hard,239.37773418426514
-0.14715608954429626,-0.21404719352722168,0.06689111143350601,0.616258978843689,0.36918917298316956,0.6689110994338989,0.823054850101471,2050,hard,239.52080750465393
-0.32591626048088074,-0.44258594512939453,0.1166696771979332,0.6136583089828491,0.23468975722789764,1.1666967868804932,0.9503815770149231,2051,hard,239.6794011592865
-0.7467361688613892,-0.7933117151260376,0.046575527638196945,0.5008128881454468,0.3680352568626404,0.46575525403022766,0.8230546712875366,2052,hard,239.80065965652466
0.3866957128047943,-0.029128313064575195,0.4158240258693695,0.6051264405250549,0.36122551560401917,4.15824031829834,0.8230547904968262,2053,hard,239.96585273742676
0.5199801921844482,0.1583268642425537,0.3616533577442169,0.5296114087104797,0.18107376992702484,3.6165335178375244,0.9503818154335022,2054,hard,240.14837551116943
0.0013929549604654312,-0.026830315589904785,0.028223270550370216,0.6981790065765381,0.16691623628139496,0.28223270177841187,0.950381875038147,2055,hard,240.2584581375122
0.25120994448661804,-0.052254676818847656,0.3034646213054657,0.8578449487686157,0.0826474204659462,3.0346460342407227,0.950381875038147,2056,hard,240.42803764343262
-0.3745723366737366,-0.430536687374115,0.05596435070037842,0.7087196111679077,0.17187221348285675,0.5596435070037842,0.950381875038147,2057,hard,240.55900144577026
0.34089308977127075,0.14730441570281982,0.19358865916728973,0.5937044620513916,0.354556679725647,1.9358866214752197,0.823054850101471,2058,hard,240.7677538394928
-0.06375673413276672,-0.3248438835144043,0.2610871493816376,0.7663324475288391,0.07166644930839539,2.6108715534210205,0.9503819346427917,2059,hard,240.96180129051208
-0.08989427238702774,-0.16206598281860352,0.07217171043157578,0.8111587166786194,0.15962934494018555,0.721717119216919,0.9503818154335022,2060,hard,241.13371753692627
-0.4592645764350891,-0.5002318620681763,0.04096728563308716,0.684144914150238,0.06197478622198105,0.4096728563308716,0.9503816962242126,2061,hard,241.2721390724182
-0.29358333349227905,-0.43273186683654785,0.1391485184431076,0.5386071801185608,0.2022591382265091,1.3914850950241089,0.9503816962242126,2062,hard,241.4103274345398
0.31673964858055115,0.2553987205028534,0.06134091690182686,0.8310900926589966,0.08341891318559647,0.613409161567688,0.823054850101471,2063,hard,241.5107135772705
-0.4248312711715698,-0.46470457315444946,0.039873313158750534,0.5902420878410339,0.14052529633045197,0.39873310923576355,0.9503818154335022,2064,hard,241.70783758163452
-0.10862135142087936,-0.15391325950622559,0.04529190808534622,0.7546514272689819,0.3029334247112274,0.452919065952301,0.9503816366195679,2065,hard,241.8840787410736
-0.35830849409103394,-0.45160508155822754,0.093296580016613,0.5028142929077148,0.3247580826282501,0.9329657554626465,0.823054850101471,2066,hard,242.10525155067444
-0.37068888545036316,-0.5308184623718262,0.160129576921463,0.5866758823394775,0.3549851179122925,1.6012957096099854,0.823054850101471,2067,hard,242.2856605052948
-0.12641958892345428,-0.23782014846801758,0.1114005595445633,0.742386519908905,0.18499720096588135,1.1140055656433105,0.9503816962242126,2068,hard,242.45396161079407
0.014486193656921387,-0.16466084122657776,0.17914703488349915,0.7310588955879211,0.1946743279695511,1.7914702892303467,0.9503815174102783,2069,hard,242.64428544044495
0.20541256666183472,0.15465009212493896,0.05076247453689575,0.6654385328292847,0.09179681539535522,0.5076247453689575,0.9503818154335022,2070,hard,242.7981414794922
0.23451370000839233,-0.09518390893936157,0.3296976089477539,0.5313993096351624,0.3327120542526245,3.296976089477539,0.8230544924736023,2071,hard,243.0150854587555
-0.35838520526885986,-0.3938547372817993,0.03546952083706856,0.8233709335327148,0.127090722322464,0.354695200920105,0.9503818154335022,2072,hard,243.20875573158264
0.09542590379714966,0.024538159370422363,0.0708877444267273,0.12348214536905289,0.2173279970884323,0.708877444267273,0.4751909673213959,2073,hard,243.37525534629822
-0.46592333912849426,-0.5152656435966492,0.0493423156440258,0.6102445721626282,0.1468990594148636,0.49342313408851624,0.9503816962242126,2074,hard,243.5009298324585
-0.29116952419281006,-0.3770179748535156,0.08584844321012497,0.7835938930511475,0.1378682255744934,0.8584843873977661,0.823054850101471,2075,hard,243.68100762367249
0.25032034516334534,-0.06411460041999817,0.3144349455833435,0.6038493514060974,0.36706623435020447,3.1443493366241455,0.8230549097061157,2076,hard,243.85645127296448
0.17459750175476074,0.1381053924560547,0.03649211302399635,0.6608095169067383,0.22193415462970734,0.36492112278938293,0.950381338596344,2077,hard,244.02306270599365
-0.9555719494819641,-1.0611834526062012,0.10561151802539825,0.8459217548370361,0.1241033747792244,1.0561151504516602,0.9503817558288574,2078,hard,244.17312383651733
54.380165100097656,0.012524843215942383,54.36764144897461,0.5506502389907837,0.37340134382247925,543.6763916015625,0.8230542540550232,2079,hard,244.43571615219116
0.014545299112796783,-0.04076066613197327,0.05530596524477005,0.6639049649238586,0.28108417987823486,0.5530596375465393,0.9503814578056335,2080,hard,244.538512468338
0.3886863589286804,0.32216691970825195,0.06651945412158966,0.7338935732841492,0.1619819849729538,0.6651945114135742,0.9503815174102783,2081,hard,244.74457907676697
-0.06683117151260376,-0.08055233955383301,0.013721168041229248,0.47513651847839355,0.28616029024124146,0.13721168041229248,0.823054850101471,2082,hard,244.93874764442444
-0.027306439355015755,-0.04815158247947693,0.020845143124461174,0.4043501615524292,0.41449612379074097,0.20845142006874084,0.6720215678215027,2083,hard,245.03361701965332
-0.016737954691052437,-0.03844684362411499,0.021708888933062553,0.40274524688720703,0.4159144163131714,0.21708887815475464,0.6720214486122131,2084,hard,245.21983170509338
-0.01960301771759987,-0.06211662292480469,0.04251360520720482,0.5017067193984985,0.2992195785045624,0.4251360297203064,0.8230549097061157,2085,hard,245.37648606300354
14.610907554626465,-0.10674667358398438,14.71765422821045,0.3663080334663391,0.23452526330947876,147.17654418945312,0.8230547308921814,2086,hard,245.5757086277008
0.17339077591896057,-0.2252950668334961,0.39868584275245667,0.6083979606628418,0.3899877965450287,3.986858367919922,0.8230550289154053,2087,hard,245.7391541004181
-0.14984652400016785,-0.2316603660583496,0.08181384950876236,0.2109324187040329,0.37122273445129395,0.8181384801864624,0.4751909673213959,2088,hard,245.9716362953186
-0.019057434052228928,-0.03824448585510254,0.01918705180287361,0.6143680810928345,0.18503215909004211,0.19187051057815552,0.9503817558288574,2089,hard,246.1862392425537
-0.004006551578640938,-0.02871990203857422,0.02471335045993328,0.7652533054351807,0.16572245955467224,0.2471335083246231,0.9503816366195679,2090,hard,246.32211995124817
-0.03613545000553131,-0.08471572399139404,0.04858027398586273,0.5671814680099487,0.14268024265766144,0.4858027398586273,0.9503818154335022,2091,hard,246.42019367218018
-0.11763069778680801,-0.18133854866027832,0.0637078508734703,0.5939544439315796,0.38409581780433655,0.6370785236358643,0.8230546116828918,2092,hard,246.6317331790924
0.2577795088291168,-0.12284469604492188,0.3806242048740387,0.5896121859550476,0.35963982343673706,3.806241989135742,0.823054850101471,2093,hard,246.852117061615
-0.26255983114242554,-0.27457332611083984,0.012013490311801434,0.629470705986023,0.24448572099208832,0.12013490498065948,0.8230549097061157,2094,hard,247.06070470809937
-0.6002305746078491,-0.6419432163238525,0.04171266406774521,0.7585800886154175,0.18323636054992676,0.4171266257762909,0.950381875038147,2095,hard,247.25542521476746
0.5245973467826843,-0.06603050231933594,0.5906278491020203,0.34906136989593506,0.26735153794288635,5.906278610229492,0.823054313659668,2096,hard,247.50325441360474
-0.6491770148277283,-0.709007740020752,0.05983072519302368,0.8315377235412598,0.13305503129959106,0.5983072519302368,0.823054850101471,2097,hard,247.69272017478943
0.08290234208106995,-0.08478546142578125,0.1676878035068512,0.1923915147781372,0.2014278918504715,1.6768779754638672,0.6720214486122131,2098,hard,247.91374897956848
0.13427989184856415,0.11863815784454346,0.01564173772931099,0.5806463956832886,0.35757267475128174,0.1564173698425293,0.8230547308921814,2099,hard,248.07009100914001
-0.43601155281066895,-0.5372081995010376,0.10119664669036865,0.7797838449478149,0.17883938550949097,1.0119664669036865,0.9503818154335022,2100,hard,248.1890995502472
0.04654382914304733,-0.0008931159973144531,0.047436945140361786,0.666551947593689,0.17805777490139008,0.47436943650245667,0.9503816366195679,2101,hard,248.34663701057434
-0.3890340030193329,-0.3970196545124054,0.00798566173762083,0.7775267958641052,0.17651833593845367,0.07985661923885345,0.950381875038147,2102,hard,248.4345850944519
-0.13793113827705383,-0.24360671639442444,0.1056755781173706,0.6674212217330933,0.39350831508636475,1.056755781173706,0.823054850101471,2103,hard,248.57981133460999
-0.20791544020175934,-0.22738242149353027,0.019466986879706383,0.5963960289955139,0.10431724786758423,0.19466985762119293,0.9503818154335022,2104,hard,248.66621088981628
-0.3100419044494629,-0.416034460067749,0.10599255561828613,0.7556527853012085,0.09228330105543137,1.0599255561828613,0.9503817558288574,2105,hard,248.82453083992004
-0.8430140614509583,-1.374859094619751,0.5318450331687927,0.7178485989570618,0.21308797597885132,5.318449974060059,0.95038241147995,2106,hard,248.96710181236267
-0.022876210510730743,-0.10744518041610718,0.08456896990537643,0.6218383312225342,0.3765738308429718,0.8456897139549255,0.823054850101471,2107,hard,249.19218254089355
0.07260925322771072,0.0004100799560546875,0.07219917327165604,0.6805664300918579,0.058379266411066055,0.7219917178153992,0.9503818154335022,2108,hard,249.35292506217957
0.6624882817268372,0.5798170566558838,0.08267121762037277,0.6319422125816345,0.1592378318309784,0.8267121315002441,0.9503815770149231,2109,hard,249.51078057289124
4.991032600402832,-0.0712890625,5.062321662902832,0.35451704263687134,0.3914853036403656,50.62321472167969,0.6720213890075684,2110,hard,249.74624705314636
6.37409782409668,-0.10773658752441406,6.481834411621094,0.34317895770072937,0.35264602303504944,64.81834411621094,0.6720214486122131,2111,hard,249.99486899375916
-0.1178790032863617,-0.3508875370025635,0.23300853371620178,0.4789077937602997,0.16461488604545593,2.330085277557373,0.9503816962242126,2112,hard,250.22365403175354
0.2396167367696762,0.1128225326538086,0.12679420411586761,0.5259414315223694,0.13102686405181885,1.2679420709609985,0.9503816366195679,2113,hard,250.40084743499756
-0.40397462248802185,-0.43894147872924805,0.03496686369180679,0.7373070120811462,0.24324969947338104,0.34966862201690674,0.9503816962242126,2114,hard,250.59504532814026
0.31622615456581116,-0.004180431365966797,0.32040658593177795,0.24573978781700134,0.2745905816555023,3.2040657997131348,0.6720215678215027,2115,hard,250.76032662391663
-0.023053549230098724,-0.08592259883880615,0.06286904960870743,0.7029039263725281,0.15384724736213684,0.6286904811859131,0.9503816366195679,2116,hard,250.86340594291687
0.32478076219558716,0.10525622963905334,0.219524547457695,0.6626666188240051,0.2405877560377121,2.1952455043792725,0.823054850101471,2117,hard,250.99343132972717
-1.004986047744751,-1.0139209032058716,0.008934885263442993,0.7863127589225769,0.06881522387266159,0.08934885263442993,0.950381875038147,2118,hard,251.0659589767456
-0.5451857447624207,-0.5524195432662964,0.00723378686234355,0.8442032337188721,0.13098251819610596,0.07233786582946777,0.950381875038147,2119,hard,251.20919966697693
-0.12019196152687073,-0.1669905185699463,0.04679855331778526,0.32026705145835876,0.21244311332702637,0.46798551082611084,0.6720214486122131,2120,hard,251.46055912971497
0.13716480135917664,0.1334993839263916,0.0036654185969382524,0.735492467880249,0.25693628191947937,0.03665418550372124,0.8230546712875366,2121,hard,251.61629009246826
3.0614333152770996,-0.5629281997680664,3.624361515045166,0.7897522449493408,0.16040600836277008,36.243614196777344,0.950381875038147,2122,hard,251.81904482841492
-0.06968489289283752,-0.08393675088882446,0.014251857995986938,0.5894911885261536,0.3535502552986145,0.14251857995986938,0.823054850101471,2123,hard,252.0304400920868
-0.15793786942958832,-0.19336223602294922,0.0354243628680706,0.5901358723640442,0.37349751591682434,0.3542436361312866,0.8230546712875366,2124,hard,252.21323537826538
-0.37581345438957214,-0.4709280729293823,0.09511461108922958,0.711511492729187,0.27480724453926086,0.951146125793457,0.9503815174102783,2125,hard,252.44251132011414
-0.77769935131073,-0.8174384832382202,0.039739109575748444,0.7691956758499146,0.2738848924636841,0.39739108085632324,0.9503815770149231,2126,hard,252.5602638721466
13.38672924041748,-0.32615530490875244,13.712884902954102,0.6423872113227844,0.23863664269447327,137.12884521484375,0.9503816962242126,2127,hard,252.77214741706848
0.2599950432777405,-0.0385434627532959,0.2985385060310364,0.7381651997566223,0.13534647226333618,2.985384941101074,0.9503818154335022,2128,hard,252.93430995941162
-0.2906593382358551,-0.34523284435272217,0.05457349494099617,0.78265780210495,0.09548202902078629,0.5457349419593811,0.9503817558288574,2129,hard,253.1256284713745
-0.0016554296016693115,-0.09908485412597656,0.09742942452430725,0.3139375150203705,0.35290414094924927,0.9742942452430725,0.6720210313796997,2130,hard,253.3156669139862
0.0003138333559036255,-0.09232920408248901,0.09264303743839264,0.7383447885513306,0.1553800255060196,0.926430344581604,0.9503818154335022,2131,hard,253.43673157691956
-0.05748182535171509,-0.0926455557346344,0.03516373038291931,0.844482421875,0.11947206407785416,0.3516373038291931,0.9503816962242126,2132,hard,253.57639145851135
0.02036985754966736,-0.010312020778656006,0.030681878328323364,0.8223357200622559,0.16488350927829742,0.30681878328323364,0.8230547308921814,2133,hard,253.6672646999359
1.104026198387146,0.000766754150390625,1.1032594442367554,0.2876034080982208,0.30141448974609375,11.032594680786133,0.6720213890075684,2134,hard,253.84067821502686
-0.32163095474243164,-0.33161425590515137,0.00998330395668745,0.6957841515541077,0.24428345263004303,0.09983303397893906,0.8230541348457336,2135,hard,253.99393248558044
-0.08059515058994293,-0.3244590759277344,0.24386392533779144,0.46801984310150146,0.3822452127933502,2.4386391639709473,0.8230546712875366,2136,hard,254.12989139556885
0.1953020840883255,0.10602951049804688,0.08927257359027863,0.7140674591064453,0.17640265822410583,0.8927257061004639,0.9503818154335022,2137,hard,254.34603691101074
0.14514818787574768,-0.009034156799316406,0.1541823446750641,0.41675159335136414,0.27997973561286926,1.541823387145996,0.8230546712875366,2138,hard,254.54672026634216
0.1569153517484665,0.01470637321472168,0.1422089785337448,0.5543013215065002,0.40982306003570557,1.4220898151397705,0.8230549097061157,2139,hard,254.70344376564026
0.18921929597854614,-0.6448268890380859,0.8340461850166321,0.4161183536052704,0.2840709388256073,8.340461730957031,0.823054850101471,2140,hard,254.94963097572327
-0.35529032349586487,-0.38962501287460327,0.0343346893787384,0.4724677503108978,0.480289101600647,0.34334689378738403,0.6720214486122131,2141,hard,255.11399674415588
-0.0434386283159256,-0.1138535737991333,0.0704149454832077,0.7607713341712952,0.11762552708387375,0.7041494250297546,0.823054850101471,2142,hard,255.24455523490906
-0.0470280721783638,-0.15977096557617188,0.11274289339780807,0.6146104335784912,0.14067479968070984,1.1274288892745972,0.9503818154335022,2143,hard,255.4301118850708
0.15131862461566925,-0.08748921751976013,0.23880784213542938,0.409000426530838,0.4166933000087738,2.388078451156616,0.6720215082168579,2144,hard,255.622980594635
0.07882845401763916,-0.04277193546295166,0.12160038948059082,0.24365544319152832,0.24771837890148163,1.2160038948059082,0.6720215082168579,2145,hard,255.8250482082367
-1.2485802173614502,-1.5604372024536133,0.3118569254875183,0.5845249891281128,0.20425111055374146,3.1185691356658936,0.9503816962242126,2146,hard,255.96359515190125
0.3560067415237427,0.24509453773498535,0.11091220378875732,0.2676270604133606,0.37485966086387634,1.1091220378875732,0.8230547308921814,2147,hard,256.10982370376587
-0.5294387340545654,-0.5534999966621399,0.0240612905472517,0.5380899906158447,0.36611753702163696,0.24061289429664612,0.823054850101471,2148,hard,256.24121260643005
0.029870226979255676,-0.08784407377243042,0.1177143007516861,0.14133332669734955,0.24875085055828094,1.1771429777145386,0.4751909673213959,2149,hard,256.4492242336273
0.23351839184761047,0.05414533615112305,0.17937305569648743,0.5256488919258118,0.20615430176258087,1.7937304973602295,0.9503816962242126,2150,hard,256.65952038764954
-0.5356646180152893,-0.5607591271400452,0.0250945333391428,0.7481371760368347,0.14945365488529205,0.2509453296661377,0.950381875038147,2151,hard,256.82094049453735
-0.31586891412734985,-0.3909066915512085,0.07503777742385864,0.6076278686523438,0.2106531709432602,0.7503777742385864,0.9503816962242126,2152,hard,256.9708445072174
0.008577905595302582,-0.05578428506851196,0.06436219066381454,0.7824582457542419,0.12777553498744965,0.6436218619346619,0.9503818154335022,2153,hard,257.11311435699463
-0.2574016749858856,-0.3346552848815918,0.07725360244512558,0.7174246311187744,0.1987469494342804,0.7725359797477722,0.95038241147995,2154,hard,257.30083322525024
-0.052481018006801605,-0.15239334106445312,0.09991232305765152,0.6944039463996887,0.2071404755115509,0.999123215675354,0.9503818154335022,2155,hard,257.43729972839355
89.40312957763672,0.4120779037475586,88.99105072021484,0.306621253490448,0.3972053825855255,889.9104614257812,0.6720214486122131,2156,hard,257.6486556529999
-0.027716681361198425,-0.18492794036865234,0.15721125900745392,0.6528905630111694,0.20845994353294373,1.5721125602722168,0.9503816366195679,2157,hard,257.844758272171
-0.262268602848053,-0.29277586936950684,0.030507266521453857,0.6965546011924744,0.17752771079540253,0.3050726652145386,0.9503816962242126,2158,hard,258.05494451522827
-0.7108685970306396,-0.889689564704895,0.17882095277309418,0.7684704065322876,0.21373508870601654,1.7882094383239746,0.9503819346427917,2159,hard,258.19741773605347
-0.2254030853509903,-0.4296104311943054,0.20420734584331512,0.6683716773986816,0.12714774906635284,2.0420734882354736,0.950381875038147,2160,hard,258.36093163490295
0.26545625925064087,0.048307597637176514,0.21714866161346436,0.2541255056858063,0.2668800354003906,2.1714866161346436,0.6720214486122131,2161,hard,258.5916464328766
0.05874188244342804,0.0327489972114563,0.02599288336932659,0.6790733933448792,0.39938944578170776,0.259928822517395,0.823054850101471,2162,hard,258.733350276947
-0.07666603475809097,-0.17211651802062988,0.09545048326253891,0.7032617330551147,0.16273604333400726,0.9545048475265503,0.9503818154335022,2163,hard,258.9281642436981
-0.22983261942863464,-0.2650311589241028,0.03519853577017784,0.7433175444602966,0.13065892457962036,0.3519853353500366,0.950381875038147,2164,hard,259.11688017845154
-0.6348365545272827,-0.7109706401824951,0.0761340782046318,0.7764322757720947,0.17777766287326813,0.7613407373428345,0.9503816962242126,2165,hard,259.30300855636597
0.3516947329044342,-0.0206148624420166,0.3723095953464508,0.38956302404403687,0.4264213740825653,3.7230958938598633,0.4751908779144287,2166,hard,259.5483241081238
-0.03788062930107117,-0.3368786573410034,0.29899802803993225,0.5464003086090088,0.1768120974302292,2.9899802207946777,0.9503815770149231,2167,hard,259.729043006897
-0.26879024505615234,-0.3356115221977234,0.06682127714157104,0.7206708192825317,0.13974051177501678,0.6682127714157104,0.9503819346427917,2168,hard,259.8459122180939
-0.10705877840518951,-0.12677907943725586,0.019720297306776047,0.5234922170639038,0.37358713150024414,0.19720296561717987,0.8230546712875366,2169,hard,259.9598262310028
-0.00849105417728424,-0.1701265573501587,0.16163550317287445,0.4654589295387268,0.10728377848863602,1.6163549423217773,0.950381875038147,2170,hard,260.1122319698334
-0.3527756631374359,-0.41572582721710205,0.06295016407966614,0.6606038808822632,0.26918238401412964,0.6295016407966614,0.9503816962242126,2171,hard,260.2301867008209
0.013374954462051392,-0.04330897331237793,0.05668392777442932,0.5422708988189697,0.3349766135215759,0.5668392777442932,0.8230547308921814,2172,hard,260.4527096748352
-0.1691868007183075,-0.1895754337310791,0.020388633012771606,0.6223422288894653,0.14313910901546478,0.20388633012771606,0.8230547308921814,2173,hard,260.5793225765228
0.013457480818033218,-0.04357488453388214,0.05703236535191536,0.45506396889686584,0.4650229513645172,0.570323646068573,0.6720214486122131,2174,hard,260.7472457885742
-0.42937320470809937,-0.543926477432251,0.11455326527357101,0.6259689331054688,0.1728823333978653,1.1455326080322266,0.950381875038147,2175,hard,260.86979937553406
0.10097847878932953,-0.05919146537780762,0.16016994416713715,0.40534621477127075,0.4170503616333008,1.6016994714736938,0.6720212697982788,2176,hard,261.0757489204407
-0.024395618587732315,-0.07831788063049316,0.05392226204276085,0.5933949947357178,0.3554219603538513,0.5392225980758667,0.8230549097061157,2177,hard,261.1636185646057
0.09898877143859863,-0.1604602336883545,0.2594490051269531,0.3272585868835449,0.3395327031612396,2.5944900512695312,0.8230547308921814,2178,hard,261.38701033592224
0.17162121832370758,0.1354067325592041,0.03621448203921318,0.7288059592247009,0.2333526760339737,0.3621448278427124,0.9503815174102783,2179,hard,261.51249980926514
0.1680588275194168,0.10996103286743164,0.05809779837727547,0.4863727390766144,0.3016880750656128,0.5809779763221741,0.8230549097061157,2180,hard,261.7303912639618
-0.9050807356834412,-1.004845142364502,0.099764384329319,0.6211352944374084,0.1991339921951294,0.9976438283920288,0.9503817558288574,2181,hard,261.8358054161072
-0.5874428153038025,-0.6012833118438721,0.01384048443287611,0.6203230619430542,0.253900945186615,0.13840484619140625,0.9503817558288574,2182,hard,261.9177670478821
-0.3055330514907837,-0.3710118532180786,0.06547879427671432,0.8051530718803406,0.23024356365203857,0.6547878980636597,0.9503814578056335,2183,hard,262.0738434791565
-0.2973408102989197,-0.4567420482635498,0.15940125286579132,0.5331225991249084,0.3867141008377075,1.5940124988555908,0.8230546712875366,2184,hard,262.2150478363037
0.13437160849571228,0.09516620635986328,0.0392053984105587,0.7518839836120605,0.10880786180496216,0.3920539915561676,0.9503816366195679,2185,hard,262.399934053421
-0.19849666953086853,-0.2288963794708252,0.030399708077311516,0.6323159337043762,0.12669682502746582,0.30399706959724426,0.9503818154335022,2186,hard,262.5962178707123
0.09173683077096939,0.07627344131469727,0.015463391318917274,0.5777896642684937,0.1624380201101303,0.15463390946388245,0.9503820538520813,2187,hard,262.7918813228607
0.1870320588350296,0.15680524706840515,0.0302268099039793,0.7340428829193115,0.18422572314739227,0.3022680878639221,0.9503818154335022,2188,hard,262.95379853248596
0.0717960000038147,-0.05676746368408203,0.12856346368789673,0.6202181577682495,0.2465829700231552,1.2856346368789673,0.8230545520782471,2189,hard,263.17705512046814
-0.059706926345825195,-0.12540745735168457,0.06570053100585938,0.7752031087875366,0.15506862103939056,0.6570053100585938,0.9503816366195679,2190,hard,263.33620738983154
-0.6662079095840454,-0.6986968517303467,0.03248891234397888,0.8686624765396118,0.10026143491268158,0.3248891234397888,0.823054850101471,2191,hard,263.4346432685852
0.043605320155620575,-0.05061851441860199,0.09422383457422256,0.6684720516204834,0.3941057026386261,0.9422383308410645,0.823054850101471,2192,hard,263.5589807033539
6.346653938293457,0.10359573364257812,6.243058204650879,0.3482779860496521,0.35961630940437317,62.430580139160156,0.6720216274261475,2193,hard,263.77344489097595
-0.6258442401885986,-0.8010388612747192,0.1751946210861206,0.6271727085113525,0.20418892800807953,1.751946210861206,0.9503814578056335,2194,hard,263.9149317741394
-0.3589121103286743,-0.46185189485549927,0.10293979942798615,0.32089149951934814,0.3280075490474701,1.029397964477539,0.6720214486122131,2195,hard,264.07576394081116
-0.057007137686014175,-0.10926181077957153,0.05225467309355736,0.35782861709594727,0.3654058575630188,0.5225467085838318,0.6720214486122131,2196,hard,264.220858335495
-0.4659023582935333,-0.5024237632751465,0.03652140870690346,0.6490600109100342,0.1879877895116806,0.365214079618454,0.9503818154335022,2197,hard,264.3277335166931
-0.5469018816947937,-0.6410315036773682,0.09412962198257446,0.8903050422668457,0.038844749331474304,0.9412962198257446,0.9503819346427917,2198,hard,264.43199133872986
-0.42380839586257935,-0.48346471786499023,0.059656333178281784,0.4010416865348816,0.4942152202129364,0.5965633392333984,0.823054850101471,2199,hard,264.6601836681366
3.8166937828063965,-0.055042386054992676,3.8717362880706787,0.4584333300590515,0.33167538046836853,38.71736145019531,0.8230549097061157,2200,hard,264.8421959877014
0.07161009311676025,-0.5550432205200195,0.6266533136367798,0.7572764754295349,0.1160917729139328,6.266532897949219,0.9503817558288574,2201,hard,264.9710454940796
0.07726258039474487,-0.29788288474082947,0.37514546513557434,0.6480110883712769,0.38285112380981445,3.7514545917510986,0.8230549097061157,2202,hard,265.11979603767395
-0.06093469262123108,-0.24356412887573242,0.18262943625450134,0.3935539424419403,0.36225274205207825,1.8262943029403687,0.8230543732643127,2203,hard,265.3212299346924
-0.11088276654481888,-0.14102432131767273,0.030141556635499,0.6637725830078125,0.3931843340396881,0.3014155626296997,0.8230549097061157,2204,hard,265.51700949668884
-0.6964052319526672,-0.7573634386062622,0.06095818430185318,0.7413328886032104,0.10366944223642349,0.6095818281173706,0.9503818154335022,2205,hard,265.6964313983917
0.32662421464920044,0.06401729583740234,0.2626069188117981,0.6515929102897644,0.2568996846675873,2.6260690689086914,0.9503819346427917,2206,hard,265.8894021511078
-0.8270898461341858,-0.8624923825263977,0.03540252521634102,0.9043700098991394,0.06371486932039261,0.3540252447128296,0.823054850101471,2207,hard,265.9946644306183
-0.24573147296905518,-0.391603946685791,0.14587247371673584,0.6689056158065796,0.27729564905166626,1.4587247371673584,0.9503805041313171,2208,hard,266.19730496406555
-0.006045222282409668,-0.07952415943145752,0.07347893714904785,0.6540104746818542,0.25684571266174316,0.7347893714904785,0.9503815770149231,2209,hard,266.3669328689575
-0.361331045627594,-0.41313832998275757,0.05180727317929268,0.470262348651886,0.4012765884399414,0.5180727243423462,0.9503815770149231,2210,hard,266.53942346572876
0.06438548117876053,-0.0331416130065918,0.09752709418535233,0.7809689044952393,0.08635080605745316,0.9752709269523621,0.950381875038147,2211,hard,266.71878123283386
0.5927660465240479,0.05244600772857666,0.5403200387954712,0.21239344775676727,0.3737631142139435,5.403200149536133,0.4751909673213959,2212,hard,266.9389588832855
0.09490156173706055,-0.1658703088760376,0.26077187061309814,0.6237894296646118,0.3669905662536621,2.6077187061309814,0.823054850101471,2213,hard,267.13762164115906
0.2290409952402115,0.16975602507591248,0.05928497388958931,0.5310931205749512,0.42036786675453186,0.5928497314453125,0.9503818154335022,2214,hard,267.32062435150146
0.13708347082138062,0.02347254753112793,0.11361091583967209,0.4592660069465637,0.29160645604133606,1.1361091136932373,0.823054850101471,2215,hard,267.46258068084717
0.13765648007392883,0.06879481673240662,0.06886167079210281,0.5873364210128784,0.15622569620609283,0.6886166930198669,0.9503818154335022,2216,hard,267.60127806663513
-0.08361522853374481,-0.26356983184814453,0.17995460331439972,0.4780767560005188,0.3548225462436676,1.7995460033416748,0.8230540156364441,2217,hard,267.8112668991089
0.2547941207885742,0.09044086933135986,0.16435323655605316,0.7765815258026123,0.1484563946723938,1.6435322761535645,0.950381338596344,2218,hard,268.0165214538574
-0.13593408465385437,-0.22781157493591309,0.09187748283147812,0.5825328230857849,0.28416773676872253,0.9187748432159424,0.82305508852005,2219,hard,268.2243368625641
-0.5991289615631104,-0.677384078502655,0.07825513184070587,0.7736387252807617,0.24349991977214813,0.7825512886047363,0.9503817558288574,2220,hard,268.42265033721924
-0.012978926301002502,-0.16684848070144653,0.15386955440044403,0.3840774893760681,0.3940599858760834,1.5386955738067627,0.6720212697982788,2221,hard,268.62798976898193
0.17773392796516418,0.1577465534210205,0.019987378269433975,0.667485237121582,0.15964221954345703,0.19987377524375916,0.9503816366195679,2222,hard,268.78889298439026
-0.20963028073310852,-0.23512446880340576,0.025494182482361794,0.6199873685836792,0.367236465215683,0.25494182109832764,0.8230549097061157,2223,hard,268.8910059928894
-0.25806689262390137,-0.2829298973083496,0.024862993508577347,0.8443964719772339,0.16673508286476135,0.24862992763519287,0.8230547308921814,2224,hard,269.03872299194336
-0.4666611850261688,-0.5076241493225098,0.04096296429634094,0.673901379108429,0.3979172110557556,0.4096296429634094,0.8230549097061157,2225,hard,269.1599428653717
0.0832766741514206,-0.043711185455322266,0.12698785960674286,0.6530218124389648,0.19755646586418152,1.269878625869751,0.9503815770149231,2226,hard,269.3478925228119
0.03485509753227234,-0.015734195709228516,0.050589293241500854,0.7857071757316589,0.17416518926620483,0.5058929324150085,0.9503817558288574,2227,hard,269.5474362373352
-0.18755781650543213,-0.25277140736579895,0.06521358340978622,0.6675406098365784,0.39551442861557007,0.6521358489990234,0.823054850101471,2228,hard,269.69229674339294
-0.2176448404788971,-0.22782552242279053,0.010180688463151455,0.7912129759788513,0.13555961847305298,0.1018068864941597,0.8230546712875366,2229,hard,269.7769649028778
0.019101597368717194,-0.04926013946533203,0.06836173683404922,0.4140705168247223,0.3847592771053314,0.683617353439331,0.9503815770149231,2230,hard,269.9150536060333
-0.335340678691864,-0.46594715118408203,0.1306064873933792,0.5555727481842041,0.250367671251297,1.3060648441314697,0.823054313659668,2231,hard,270.10282945632935
-0.44446682929992676,-0.5370815992355347,0.0926147848367691,0.8026375770568848,0.10625386238098145,0.9261478185653687,0.950381875038147,2232,hard,270.1964726448059
-0.16820028424263,-0.19900280237197876,0.030802512541413307,0.8168197870254517,0.1267937421798706,0.3080251216888428,0.823054850101471,2233,hard,270.3091251850128
-0.048083893954753876,-0.06798160076141357,0.019897708669304848,0.8568810820579529,0.07237842679023743,0.19897708296775818,0.9503818154335022,2234,hard,270.4611394405365
0.5711697340011597,-0.005351424217224121,0.5765211582183838,0.38095206022262573,0.395982027053833,5.765211582183838,0.6720215678215027,2235,hard,270.5903561115265
-0.3829621374607086,-0.4060754179954529,0.023113267496228218,0.731255829334259,0.12175257503986359,0.23113267123699188,0.9503818154335022,2236,hard,270.72144389152527
-0.17977114021778107,-0.3601466417312622,0.18037550151348114,0.5638352632522583,0.3527708649635315,1.8037550449371338,0.8230549693107605,2237,hard,270.90037083625793
-0.023426735773682594,-0.05183088779449463,0.028404152020812035,0.4722641706466675,0.32006433606147766,0.28404152393341064,0.8230547904968262,2238,hard,271.0767676830292
0.0371096134185791,-0.01277613639831543,0.04988574981689453,0.6935063004493713,0.20141516625881195,0.4988574981689453,0.9503816366195679,2239,hard,271.27228450775146
-0.7690293788909912,-0.8245972394943237,0.05556785687804222,0.7471629977226257,0.21689438819885254,0.5556785464286804,0.9503816366195679,2240,hard,271.4337890148163
2.3627548217773438,-0.19800198078155518,2.5607566833496094,0.6024720668792725,0.4630521535873413,25.607566833496094,0.9503815174102783,2241,hard,271.63475275039673
0.021710984408855438,-0.07553458213806152,0.09724556654691696,0.6115757822990417,0.14595989882946014,0.9724556803703308,0.9503814578056335,2242,hard,271.81681060791016
-0.8547411561012268,-0.8875641822814941,0.03282300382852554,0.4344578683376312,0.44314002990722656,0.32823002338409424,0.6720213890075684,2243,hard,271.9261827468872
0.125727117061615,0.09218493103981018,0.03354218602180481,0.6778489351272583,0.4008529484272003,0.3354218602180481,0.8230547308921814,2244,hard,272.103640794754
-0.378751277923584,-0.5350005626678467,0.1562492698431015,0.38129639625549316,0.4047979414463043,1.5624926090240479,0.6720213294029236,2245,hard,272.3029260635376
-0.0674944818019867,-0.1048821210861206,0.03738763555884361,0.8376922011375427,0.0996944010257721,0.3738763630390167,0.9503819346427917,2246,hard,272.43038392066956
-0.12248598039150238,-0.17788910865783691,0.055403124541044235,0.5520541667938232,0.34978044033050537,0.554031252861023,0.823054850101471,2247,hard,272.62421107292175
-0.32265347242355347,-0.3905167579650879,0.06786327064037323,0.5913047790527344,0.20033569633960724,0.6786326766014099,0.950381338596344,2248,hard,272.81615257263184
-1.120989441871643,-1.1358966827392578,0.014907203614711761,0.6597287058830261,0.391489177942276,0.14907203614711761,0.8230549097061157,2249,hard,272.9126408100128
-0.3186608850955963,-0.3845316767692566,0.06587078422307968,0.48460066318511963,0.3300671875476837,0.6587077975273132,0.8230547308921814,2250,hard,273.04243206977844
0.06907857954502106,-0.07694637775421143,0.14602495729923248,0.46370068192481995,0.3271336853504181,1.4602495431900024,0.8230546116828918,2251,hard,273.21880078315735
-0.6963815093040466,-0.7395260334014893,0.04314453527331352,0.7042110562324524,0.1961555778980255,0.43144533038139343,0.8230544328689575,2252,hard,273.3538384437561
-0.5929773449897766,-0.6698354482650757,0.07685810327529907,0.6860877275466919,0.4041353762149811,0.7685810327529907,0.8230549097061157,2253,hard,273.54608964920044
0.03576907515525818,-0.03200817108154297,0.06777724623680115,0.5376424789428711,0.3281157612800598,0.6777724623680115,0.8230549097061157,2254,hard,273.7075002193451
-0.1053776890039444,-0.20508670806884766,0.09970901906490326,0.6429029107093811,0.3776674270629883,0.9970901608467102,0.8230549097061157,2255,hard,273.88912057876587
0.029008198529481888,-0.021433711051940918,0.050441909581422806,0.6705211400985718,0.20189563930034637,0.5044190883636475,0.8230545520782471,2256,hard,274.0273628234863
0.14080260694026947,-0.054012298583984375,0.19481490552425385,0.24218407273292542,0.24625396728515625,1.9481490850448608,0.6720214486122131,2257,hard,274.2494087219238
-0.003762662410736084,-0.05957937240600586,0.055816709995269775,0.46182167530059814,0.2947205901145935,0.5581670999526978,0.8230549693107605,2258,hard,274.45628213882446
0.1507042944431305,0.06928259134292603,0.08142169564962387,0.1775733083486557,0.4122227728366852,0.8142169713973999,0.6720213294029236,2259,hard,274.67786836624146
-0.6023744940757751,-0.6134668588638306,0.011092357337474823,0.6453461647033691,0.381842702627182,0.11092357337474823,0.8230549097061157,2260,hard,274.7810935974121
-0.11110737174749374,-0.20908105373382568,0.09797368198633194,0.23663108050823212,0.2660730183124542,0.9797368049621582,0.6720214486122131,2261,hard,274.85629534721375
0.22777754068374634,0.17834258079528809,0.04943496361374855,0.6884487867355347,0.40669649839401245,0.4943496286869049,0.8230547904968262,2262,hard,274.9832651615143
-1.0690348148345947,-1.1173592805862427,0.048324454575777054,0.7093434929847717,0.4167923331260681,0.48324453830718994,0.8230549097061157,2263,hard,275.1340503692627
-0.17993897199630737,-0.21120953559875488,0.03127056732773781,0.5517724752426147,0.1164199635386467,0.3127056658267975,0.9503818154335022,2264,hard,275.2447073459625
-0.5263277292251587,-0.5494959354400635,0.023168234154582024,0.6624115109443665,0.22105273604393005,0.23168234527111053,0.9503818154335022,2265,hard,275.41775584220886
0.3376201093196869,0.23621833324432373,0.10140176862478256,0.6890320777893066,0.08085526525974274,1.0140177011489868,0.9503818154335022,2266,hard,275.61788153648376
-0.6714043617248535,-0.7218952178955078,0.050490882247686386,0.7320244312286377,0.11950311809778214,0.5049088001251221,0.9503816366195679,2267,hard,275.7888638973236
-0.13041073083877563,-0.28862738609313965,0.158216655254364,0.42477357387542725,0.32905638217926025,1.5821665525436401,0.8230549097061157,2268,hard,275.96147322654724
-0.25914233922958374,-0.450028657913208,0.19088633358478546,0.3882712721824646,0.30834710597991943,1.9088633060455322,0.823054850101471,2269,hard,276.14290404319763
-0.4542970359325409,-0.4651082754135132,0.010811226442456245,0.4910726547241211,0.35093390941619873,0.10811226069927216,0.672021210193634,2270,hard,276.32168459892273
-0.1823434829711914,-0.23111295700073242,0.048769474029541016,0.7536500096321106,0.11929252743721008,0.48769474029541016,0.9503816962242126,2271,hard,276.44583320617676
-0.04613585025072098,-0.155481219291687,0.10934536904096603,0.6124036908149719,0.20376083254814148,1.0934536457061768,0.9503816366195679,2272,hard,276.5527002811432
0.13465145230293274,0.07129168510437012,0.06335977464914322,0.7741037011146545,0.16636420786380768,0.633597731590271,0.9503818154335022,2273,hard,276.7137858867645
-0.504537045955658,-0.6055635809898376,0.10102655738592148,0.6068923473358154,0.37329959869384766,1.010265588760376,0.8230549097061157,2274,hard,276.8522255420685
0.21843434870243073,0.17797183990478516,0.04046250507235527,0.17780230939388275,0.4221416711807251,0.4046250581741333,0.6720213890075684,2275,hard,277.02746653556824
0.13007928431034088,0.08638358116149902,0.04369569942355156,0.6902299523353577,0.13663767278194427,0.4369570016860962,0.823054313659668,2276,hard,277.23047161102295
-0.04668024182319641,-0.18033671379089355,0.13365647196769714,0.6878061294555664,0.12092425674200058,1.3365646600723267,0.9503816962242126,2277,hard,277.4176115989685
0.2457861453294754,0.10033631324768066,0.14544983208179474,0.5729577541351318,0.437396764755249,1.454498291015625,0.8230544924736023,2278,hard,277.6165704727173
-0.5090267658233643,-0.5418610572814941,0.03283427283167839,0.8303816318511963,0.09290982782840729,0.3283427357673645,0.950381875038147,2279,hard,277.7328519821167
-0.6252641081809998,-0.7824483513832092,0.15718425810337067,0.6142907738685608,0.3936788737773895,1.5718425512313843,0.823054850101471,2280,hard,277.89550971984863
-0.06512526422739029,-0.15321362018585205,0.08808835595846176,0.6283892393112183,0.14632833003997803,0.8808835744857788,0.9503816366195679,2281,hard,278.09451937675476
-0.025734715163707733,-0.11915597319602966,0.09342125803232193,0.8208907246589661,0.1387413889169693,0.9342125654220581,0.950381875038147,2282,hard,278.25084590911865
-0.5529417991638184,-0.582693338394165,0.02975156344473362,0.8063265085220337,0.14729921519756317,0.2975156307220459,0.9503816962242126,2283,hard,278.4036428928375
-0.06871471554040909,-0.17169606685638428,0.10298135131597519,0.5430741310119629,0.3425378203392029,1.029813528060913,0.8230545520782471,2284,hard,278.59270572662354
-0.9570543169975281,-1.0408966541290283,0.08384231477975845,0.8556728363037109,0.03609764948487282,0.8384231328964233,0.9503819346427917,2285,hard,278.7922341823578
0.008587442338466644,-0.07291984558105469,0.08150728791952133,0.2619006037712097,0.266411155462265,0.8150728940963745,0.6720215082168579,2286,hard,279.00019788742065
0.1467885971069336,0.1128690242767334,0.0339195691049099,0.5871587991714478,0.08851476013660431,0.3391956686973572,0.9503819346427917,2287,hard,279.0920238494873
-0.2833821475505829,-0.3612804412841797,0.0778983011841774,0.6712872385978699,0.2363702356815338,0.7789829969406128,0.9503816366195679,2288,hard,279.27265095710754
-0.5475216507911682,-0.5860657691955566,0.03854411840438843,0.570551872253418,0.20929771661758423,0.3854411840438843,0.950381875038147,2289,hard,279.4314625263214
0.31163427233695984,0.027187108993530273,0.28444716334342957,0.20217345654964447,0.31917834281921387,2.8444714546203613,0.8230545520782471,2290,hard,279.71797251701355
0.20049428939819336,0.13521599769592285,0.06527829170227051,0.5781174898147583,0.1323382556438446,0.6527829170227051,0.9503819346427917,2291,hard,279.8504581451416
0.13766708970069885,0.026662349700927734,0.11100473254919052,0.7093280553817749,0.15654484927654266,1.1100473403930664,0.8230545520782471,2292,hard,280.0210690498352
0.6256937980651855,0.27826201915740967,0.34743180871009827,0.2601523697376251,0.26590070128440857,3.474318027496338,0.6720214486122131,2293,hard,280.2121613025665
-0.05265603959560394,-0.09092211723327637,0.038266077637672424,0.6306723952293396,0.20627696812152863,0.38266077637672424,0.9503816962242126,2294,hard,280.3617310523987
-0.38347941637039185,-0.39842960238456726,0.014950186014175415,0.8525494337081909,0.12251900881528854,0.14950186014175415,0.950381875038147,2295,hard,280.4631519317627
-0.303475558757782,-0.3264307975769043,0.02295524626970291,0.6829335689544678,0.1843748688697815,0.2295524626970291,0.9503816366195679,2296,hard,280.58196091651917
-0.2509371340274811,-0.32047927379608154,0.06954213231801987,0.5800032615661621,0.16771525144577026,0.6954212784767151,0.9503822326660156,2297,hard,280.72420620918274
-0.08035533130168915,-0.19199442863464355,0.1116390973329544,0.589952826499939,0.36342814564704895,1.1163909435272217,0.8230547308921814,2298,hard,280.92732977867126
-0.07459616661071777,-0.1730470359325409,0.09845086932182312,0.5737966895103455,0.39644214510917664,0.9845086932182312,0.823054850101471,2299,hard,281.0357506275177
-0.47795432806015015,-0.5142756700515747,0.03632134199142456,0.7508496046066284,0.14186066389083862,0.3632134199142456,0.9503816962242126,2300,hard,281.2303810119629
-0.3362340033054352,-0.3457907438278198,0.00955674983561039,0.6557407975196838,0.2909163236618042,0.0955674946308136,0.9503818154335022,2301,hard,281.3724784851074
0.06456536054611206,-0.07848930358886719,0.14305466413497925,0.6871147155761719,0.24427323043346405,1.4305466413497925,0.9503816962242126,2302,hard,281.5241198539734
0.1649729609489441,0.1155126690864563,0.04946029931306839,0.6750608682632446,0.39717602729797363,0.4946029782295227,0.823054850101471,2303,hard,281.65275526046753
0.1983393430709839,0.08277112245559692,0.11556821316480637,0.25362738966941833,0.2752898633480072,1.15568208694458,0.6720212697982788,2304,hard,281.85086154937744
-0.02790546417236328,-0.09661352634429932,0.06870806217193604,0.6096493601799011,0.3751244843006134,0.6870806217193604,0.8230547904968262,2305,hard,282.0562963485718
0.8933838605880737,0.021938741207122803,0.8714451193809509,0.17988504469394684,0.31657731533050537,8.71445083618164,0.47519099712371826,2306,hard,282.2502393722534
-0.04677461087703705,-0.1843395233154297,0.13756491243839264,0.3329874575138092,0.33927321434020996,1.375649094581604,0.6720214486122131,2307,hard,282.44902896881104
-0.3190616965293884,-0.4754934310913086,0.15643174946308136,0.5470842123031616,0.42296379804611206,1.5643174648284912,0.8230545520782471,2308,hard,282.6274423599243
-0.30055004358291626,-0.3763459622859955,0.07579591870307922,0.759279191493988,0.24031828343868256,0.7579591870307922,0.9503816962242126,2309,hard,282.75963401794434
1.3218023777008057,0.0738753080368042,1.2479270696640015,0.3018351197242737,0.40844160318374634,12.479270935058594,0.6720213890075684,2310,hard,282.9440441131592
105.14875030517578,0.016879022121429443,105.13187408447266,0.431016206741333,0.4392489194869995,1051.3187255859375,0.6720215678215027,2311,hard,283.1851191520691
0.13785400986671448,-0.022441402077674866,0.16029541194438934,0.6081129312515259,0.3860720098018646,1.6029541492462158,0.823054850101471,2312,hard,283.3923487663269
-0.7688777446746826,-0.8525152206420898,0.08363749831914902,0.6285921335220337,0.3811095356941223,0.8363749980926514,0.8230546712875366,2313,hard,283.56517934799194
-0.08074010908603668,-0.11917668581008911,0.03843657299876213,0.5111594796180725,0.3249872624874115,0.3843657374382019,0.823054850101471,2314,hard,283.67661356925964
-0.19419404864311218,-0.27865469455718994,0.08446065336465836,0.6161351799964905,0.1789960116147995,0.8446065187454224,0.9503818154335022,2315,hard,283.7886724472046
-0.17706766724586487,-0.2135918140411377,0.03652414306998253,0.7626736164093018,0.198115274310112,0.3652414381504059,0.9503816366195679,2316,hard,283.89888072013855
0.2796595096588135,0.032924532890319824,0.24673496186733246,0.5800310373306274,0.12177565693855286,2.4673495292663574,0.8230544328689575,2317,hard,284.09663343429565
0.07319234311580658,-0.08763003349304199,0.16082237660884857,0.5469373464584351,0.35954731702804565,1.6082236766815186,0.82305508852005,2318,hard,284.232497215271
-0.060238197445869446,-0.1897851824760437,0.12954698503017426,0.6451341509819031,0.1486089527606964,1.2954697608947754,0.9503817558288574,2319,hard,284.4040672779083
0.17301230132579803,-0.060730695724487305,0.23374299705028534,0.3573596477508545,0.2699979543685913,2.337430000305176,0.8230546712875366,2320,hard,284.6178410053253
0.3948214054107666,-0.0518498420715332,0.4466712474822998,0.2700575888156891,0.2796086370944977,4.466712474822998,0.6720214486122131,2321,hard,284.8743886947632
0.20172888040542603,0.1860487461090088,0.015680134296417236,0.8578531742095947,0.05699729174375534,0.15680134296417236,0.9503816366195679,2322,hard,285.06759905815125
-0.357879102230072,-0.4248647689819336,0.06698568165302277,0.6407430768013,0.13844235241413116,0.6698567867279053,0.950381875038147,2323,hard,285.23899579048157
0.07238730043172836,0.005992233753204346,0.06639506667852402,0.6645041704177856,0.3932012915611267,0.6639506816864014,0.823054850101471,2324,hard,285.3474805355072
-0.2697140872478485,-0.39544081687927246,0.12572672963142395,0.5771443247795105,0.3611920177936554,1.2572672367095947,0.8230547308921814,2325,hard,285.5480160713196
-0.44126662611961365,-0.45810556411743164,0.01683894358575344,0.8232705593109131,0.139470636844635,0.1683894395828247,0.950381875038147,2326,hard,285.6259779930115
-0.2936022877693176,-0.3640526533126831,0.07045037299394608,0.708783745765686,0.20511853694915771,0.7045037150382996,0.9503812193870544,2327,hard,285.79006934165955
0.032152771949768066,-0.1178237795829773,0.14997655153274536,0.7340030670166016,0.22197917103767395,1.4997655153274536,0.823054850101471,2328,hard,285.94059348106384
-0.07705175131559372,-0.17062100768089294,0.09356925636529922,0.7419663071632385,0.10248309373855591,0.935692548751831,0.9503819346427917,2329,hard,286.1032340526581
-0.4231560230255127,-0.4398810863494873,0.016725078225135803,0.8336251378059387,0.10360218584537506,0.16725078225135803,0.9503817558288574,2330,hard,286.25684785842896
-0.04729154706001282,-0.06280136108398438,0.015509813092648983,0.7241696715354919,0.04215002432465553,0.15509812533855438,0.9503818154335022,2331,hard,286.4345200061798
-0.44468623399734497,-0.4892979860305786,0.04461174085736275,0.6964321136474609,0.23164169490337372,0.4461174011230469,0.9503816962242126,2332,hard,286.5356810092926
-0.11207674443721771,-0.18239617347717285,0.07031942903995514,0.34985968470573425,0.25004106760025024,0.703194260597229,0.8230546712875366,2333,hard,286.65003490448
-0.3137018084526062,-0.36562252044677734,0.05192072317004204,0.6086081266403198,0.19276116788387299,0.519207239151001,0.9503815174102783,2334,hard,286.8295109272003
-0.13251993060112,-0.20493656396865845,0.07241664081811905,0.7216503620147705,0.10664130002260208,0.7241663932800293,0.9503820538520813,2335,hard,286.9682033061981
-0.40280866622924805,-0.4148360788822174,0.012027422897517681,0.6941529512405396,0.40886178612709045,0.12027422338724136,0.8230549097061157,2336,hard,287.04440999031067
0.310600608587265,-0.167191743850708,0.477792352437973,0.6884382367134094,0.16421084105968475,4.777923583984375,0.9503817558288574,2337,hard,287.2439475059509
-0.04156626760959625,-0.06877648830413818,0.027210218831896782,0.7394024133682251,0.09795689582824707,0.2721021771430969,0.950381875038147,2338,hard,287.3591446876526
10.026369094848633,-0.29720497131347656,10.32357406616211,0.4913365840911865,0.33886024355888367,103.2357406616211,0.8230547308921814,2339,hard,287.5826201438904
0.010441184043884277,-0.17093196511268616,0.18137314915657043,0.5892255306243896,0.3871923089027405,1.8137314319610596,0.6720213890075684,2340,hard,287.77708983421326
0.21692419052124023,0.04041767120361328,0.17650651931762695,0.21343591809272766,0.21897363662719727,1.7650651931762695,0.6720213890075684,2341,hard,287.9821090698242
0.6541165113449097,0.04600083827972412,0.6081156730651855,0.5494964122772217,0.3564794957637787,6.0811567306518555,0.823054850101471,2342,hard,288.1934826374054
-0.293371319770813,-0.5552971363067627,0.2619258165359497,0.4607202410697937,0.4700876474380493,2.619258165359497,0.6720214486122131,2343,hard,288.3154249191284
-0.2851870656013489,-0.3855564594268799,0.1003694087266922,0.7169844508171082,0.2116321474313736,1.0036940574645996,0.9503818154335022,2344,hard,288.5092649459839
-0.024147767573595047,-0.08056250214576721,0.056414734572172165,0.688600480556488,0.20682509243488312,0.5641473531723022,0.8230547308921814,2345,hard,288.59062910079956
-0.38481006026268005,-0.44523173570632935,0.06042168289422989,0.5552010536193848,0.3370567560195923,0.6042168140411377,0.8230549097061157,2346,hard,288.7053804397583
0.15292418003082275,0.0750126838684082,0.07791148871183395,0.5866238474845886,0.3568462133407593,0.779114842414856,0.8230547904968262,2347,hard,288.88179636001587
-0.28512099385261536,-0.2911858558654785,0.006064862012863159,0.7377936840057373,0.11405880004167557,0.06064862012863159,0.9503818154335022,2348,hard,289.0145974159241
0.19688312709331512,-0.04669922590255737,0.2435823529958725,0.580714762210846,0.3416409492492676,2.435823440551758,0.8230549097061157,2349,hard,289.23942017555237
0.08089783042669296,0.01723337173461914,0.06366445869207382,0.5236199498176575,0.09866652637720108,0.6366446018218994,0.9503816962242126,2350,hard,289.405725479126
412136.9375,-0.02517712116241455,412136.96875,0.5263411402702332,0.3278408944606781,4121369.5,0.8230547308921814,2351,hard,289.6526663303375
-0.13817286491394043,-0.26259469985961914,0.12442183494567871,0.8066940307617188,0.14469660818576813,1.244218349456787,0.8230547904968262,2352,hard,289.80221819877625
0.05115668103098869,0.014767497777938843,0.03638918325304985,0.5460855960845947,0.33550727367401123,0.3638918399810791,0.8230549097061157,2353,hard,289.9049189090729
-0.24277114868164062,-0.27204620838165283,0.029275065287947655,0.7220717072486877,0.1628989726305008,0.29275065660476685,0.9503818154335022,2354,hard,290.10206389427185
0.02955305576324463,-0.1772862672805786,0.20683932304382324,0.5677000284194946,0.3052804172039032,2.0683932304382324,0.9503820538520813,2355,hard,290.24906277656555
-0.26045429706573486,-0.27480459213256836,0.014350286684930325,0.6296967267990112,0.21024611592292786,0.1435028612613678,0.9503816962242126,2356,hard,290.40545868873596
0.2771456241607666,0.02315521240234375,0.25399041175842285,0.3071569800376892,0.3479669392108917,2.5399041175842285,0.6720212697982788,2357,hard,290.58132100105286
-0.030266501009464264,-0.10425496101379395,0.07398846000432968,0.6177634596824646,0.11879536509513855,0.739884614944458,0.9503818154335022,2358,hard,290.7522850036621
2.289073944091797,-0.0001882314682006836,2.289262056350708,0.4723781943321228,0.34441134333610535,22.892620086669922,0.8230541348457336,2359,hard,290.9149980545044
76.17034149169922,-0.39439857006073,76.56474304199219,0.6452324390411377,0.38611900806427,765.6473999023438,0.8230549097061157,2360,hard,291.05642223358154
0.0639692023396492,-0.01916298270225525,0.08313218504190445,0.6002234220504761,0.09157097339630127,0.8313218355178833,0.9503819346427917,2361,hard,291.2105236053467
-0.2048582136631012,-0.5291033387184143,0.3242451250553131,0.6235295534133911,0.2010987102985382,3.2424511909484863,0.8230544924736023,2362,hard,291.44435596466064
-0.671188235282898,-0.7146770358085632,0.04348877817392349,0.6195706129074097,0.37050822377204895,0.43488776683807373,0.823054850101471,2363,hard,291.65230202674866
290.0220947265625,-0.00925697386264801,290.0313415527344,0.36323004961013794,0.3691755533218384,2900.313232421875,0.6720215082168579,2364,hard,291.86782479286194
0.19108310341835022,0.1063389778137207,0.08474411815404892,0.3398239016532898,0.22213082015514374,0.8474411964416504,0.8230549097061157,2365,hard,292.00656962394714
-0.7540237903594971,-0.781893253326416,0.027869446203112602,0.6338293552398682,0.20645301043987274,0.2786944508552551,0.9503818154335022,2366,hard,292.1422894001007
-0.07796071469783783,-0.15699100494384766,0.07903029024600983,0.6985781788825989,0.20785045623779297,0.7903028726577759,0.9503816962242126,2367,hard,292.2882878780365
78.43299865722656,-0.04501926898956299,78.47801971435547,0.2944848835468292,0.29998722672462463,784.7802124023438,0.6720215082168579,2368,hard,292.4737169742584
0.032530397176742554,-0.12396657466888428,0.15649697184562683,0.6800159215927124,0.21812617778778076,1.5649696588516235,0.9503815770149231,2369,hard,292.6676456928253
0.1586877405643463,-0.08113813400268555,0.23982587456703186,0.47162383794784546,0.21304433047771454,2.398258686065674,0.950381338596344,2370,hard,292.8838679790497
0.17399710416793823,0.051895081996917725,0.12210202217102051,0.8407624959945679,0.05197904631495476,1.221020221710205,0.8230549097061157,2371,hard,293.01095938682556
-0.5169625878334045,-0.6003888249397278,0.08342625200748444,0.7587373852729797,0.19237472116947174,0.834262490272522,0.9503814578056335,2372,hard,293.16362404823303
0.1587347388267517,0.10230982303619385,0.05642491579055786,0.3273540139198303,0.3727620244026184,0.5642491579055786,0.6720211505889893,2373,hard,293.38510489463806
-0.6582701206207275,-0.677814245223999,0.019544104114174843,0.7536221742630005,0.1681211143732071,0.19544103741645813,0.9503818154335022,2374,hard,293.5489296913147
0.07005774974822998,-0.03069937229156494,0.10075712203979492,0.5460526943206787,0.3692346513271332,1.0075712203979492,0.8230547308921814,2375,hard,293.68901562690735
0.2786791920661926,0.11205148696899414,0.16662771999835968,0.757717490196228,0.18787255883216858,1.6662771701812744,0.823054850101471,2376,hard,293.84226846694946
-0.350328654050827,-0.3988637924194336,0.048535145819187164,0.628416895866394,0.20059847831726074,0.48535144329071045,0.9503810405731201,2377,hard,294.02835488319397
-0.012565460987389088,-0.02449449896812439,0.011929037980735302,0.7147501707077026,0.19345130026340485,0.11929038166999817,0.8230547308921814,2378,hard,294.1276650428772
-0.09402404725551605,-0.2838190197944641,0.18979497253894806,0.48344841599464417,0.34755679965019226,1.8979496955871582,0.6720215678215027,2379,hard,294.3336477279663
-0.35811036825180054,-0.3731435537338257,0.015033172443509102,0.7430724501609802,0.29009518027305603,0.15033172070980072,0.8230546116828918,2380,hard,294.51710867881775
-0.19350045919418335,-0.2251465916633606,0.03164613991975784,0.6436660885810852,0.47255846858024597,0.31646138429641724,0.9503816962242126,2381,hard,294.6450545787811
-0.6988036036491394,-0.7956281900405884,0.09682458639144897,0.47900450229644775,0.48697492480278015,0.9682458639144897,0.6720215082168579,2382,hard,294.77878046035767
-0.37576761841773987,-0.5278550386428833,0.15208742022514343,0.34738820791244507,0.797359049320221,1.5208741426467896,0.823054313659668,2383,hard,294.95315885543823
-0.14902690052986145,-0.5757453441619873,0.42671844363212585,0.5672910213470459,0.3648546040058136,4.267184257507324,0.8230543732643127,2384,hard,295.1598069667816
-0.14983998239040375,-0.20514607429504395,0.055306095629930496,0.7716844081878662,0.09502904862165451,0.5530609488487244,0.9503818154335022,2385,hard,295.36539483070374
-0.16169656813144684,-0.18288254737854004,0.0211859792470932,0.7940781116485596,0.17619921267032623,0.211859792470932,0.9503818154335022,2386,hard,295.4994206428528
0.1301472783088684,-0.03129452466964722,0.16144180297851562,0.6962370872497559,0.22665837407112122,1.6144180297851562,0.9503818154335022,2387,hard,295.65859961509705
-0.36623138189315796,-1.053436517715454,0.6872051358222961,0.8830829858779907,0.053966671228408813,6.872051239013672,0.950381875038147,2388,hard,295.75084614753723
0.34150055050849915,0.2692473530769348,0.07225318998098373,0.7012355327606201,0.2513953149318695,0.7225319147109985,0.9503816962242126,2389,hard,295.9296600818634
0.11032944172620773,0.08796358108520508,0.022365862503647804,0.7144908308982849,0.06252587586641312,0.22365862131118774,0.8230547904968262,2390,hard,296.1317434310913
-0.564509391784668,-0.596406102180481,0.031896721571683884,0.797896146774292,0.07739956676959991,0.31896722316741943,0.9503819346427917,2391,hard,296.2383852005005
-0.8791096210479736,-0.9128264784812927,0.03371688723564148,0.7627615928649902,0.13274584710597992,0.3371688723564148,0.9503817558288574,2392,hard,296.34070110321045
-0.7972030639648438,-0.9609593152999878,0.16375628113746643,0.8294609785079956,0.09789188206195831,1.6375627517700195,0.9503818154335022,2393,hard,296.5341420173645
-0.02341039478778839,-0.10289955139160156,0.07948915660381317,0.5027238726615906,0.15615561604499817,0.7948915362358093,0.9503818154335022,2394,hard,296.69857001304626
-0.32265183329582214,-0.33703547716140747,0.014383655972778797,0.7301307320594788,0.15125137567520142,0.14383655786514282,0.9503819942474365,2395,hard,296.8149070739746
-0.15317857265472412,-0.2853565216064453,0.1321779489517212,0.4514857828617096,0.2856532037258148,1.321779489517212,0.823054850101471,2396,hard,296.993928194046
-0.05314313992857933,-0.09550750255584717,0.04236436262726784,0.6149991154670715,0.3745206296443939,0.4236436188220978,0.8230549097061157,2397,hard,297.19039702415466
0.029868334531784058,-0.27771449089050293,0.307582825422287,0.5774421095848083,0.34531790018081665,3.0758280754089355,0.823054850101471,2398,hard,297.4140124320984
-0.16132496297359467,-0.27428388595581055,0.11295892298221588,0.7010756731033325,0.12444920092821121,1.1295892000198364,0.9503819346427917,2399,hard,297.57578110694885
-0.19494591653347015,-0.22165441513061523,0.02670849673449993,0.8442068696022034,0.14476193487644196,0.2670849561691284,0.9503819346427917,2400,hard,297.7701823711395
-0.17053161561489105,-0.24932336807250977,0.07879175245761871,0.5980218648910522,0.13923662900924683,0.7879174947738647,0.9503817558288574,2401,hard,297.9434230327606
0.23275454342365265,0.067008376121521,0.16574616730213165,0.35757976770401,0.40085020661354065,1.6574616432189941,0.6720213294029236,2402,hard,298.11876487731934
-0.1672448217868805,-0.2012561857700348,0.0340113565325737,0.7530103921890259,0.22135169804096222,0.3401135504245758,0.9503813982009888,2403,hard,298.26571011543274
0.16601109504699707,0.047631025314331055,0.11838006973266602,0.6511785387992859,0.2560243308544159,1.1838006973266602,0.9503816962242126,2404,hard,298.4359495639801
0.04161924123764038,0.02461397647857666,0.01700526662170887,0.7111720442771912,0.13679254055023193,0.1700526624917984,0.9503816962242126,2405,hard,298.5443000793457
-0.020402148365974426,-0.2342071533203125,0.21380500495433807,0.5732752680778503,0.3554890751838684,2.138050079345703,0.8230547904968262,2406,hard,298.7304015159607
0.12079183012247086,0.02951127290725708,0.09128055721521378,0.2640760838985443,0.2713770866394043,0.9128055572509766,0.6720214486122131,2407,hard,298.89667558670044
-0.1721498668193817,-0.20515358448028564,0.03300371393561363,0.6986681222915649,0.19490106403827667,0.3300371468067169,0.8230547308921814,2408,hard,299.07415294647217
1.1063776016235352,-0.2407667636871338,1.347144365310669,0.3581865131855011,0.22423285245895386,13.471443176269531,0.8230547308921814,2409,hard,299.2924208641052
0.804167628288269,-0.21744227409362793,1.021609902381897,0.5702294707298279,0.1432131826877594,10.21609878540039,0.950381875038147,2410,hard,299.4349477291107
-0.007192086428403854,-0.027310848236083984,0.02011876180768013,0.7450296878814697,0.18244174122810364,0.2011876106262207,0.9503815174102783,2411,hard,299.54502606391907
0.10348992794752121,0.013493061065673828,0.08999686688184738,0.7794994115829468,0.1210976243019104,0.8999686241149902,0.9503819346427917,2412,hard,299.75131249427795
-0.2395666539669037,-0.4961468279361725,0.2565801739692688,0.5160915851593018,0.33777397871017456,2.5658016204833984,0.823054850101471,2413,hard,299.8473060131073
-0.3065565824508667,-0.3477078378200531,0.0411512665450573,0.5975955724716187,0.36325976252555847,0.41151267290115356,0.823054850101471,2414,hard,300.0035653114319
1.8079875707626343,-0.08550548553466797,1.8934930562973022,0.5228856801986694,0.3842841684818268,18.9349308013916,0.8230544924736023,2415,hard,300.2581720352173
-0.16708813607692719,-0.23844528198242188,0.07135714590549469,0.7301054000854492,0.16856859624385834,0.7135714292526245,0.950381875038147,2416,hard,300.4303379058838
-0.06031981110572815,-0.5412111282348633,0.48089131712913513,0.4920051693916321,0.30107221007347107,4.808913230895996,0.8230549097061157,2417,hard,300.5926797389984
-0.8407543301582336,-0.8461980819702148,0.0054437280632555485,0.8867781162261963,0.07216385006904602,0.05443727970123291,0.9503819346427917,2418,hard,300.6958944797516
3.4015159606933594,-0.12569785118103027,3.5272138118743896,0.3435109257698059,0.3517613410949707,35.27213668823242,0.6720215082168579,2419,hard,300.88096857070923
0.01218293234705925,-0.0393679141998291,0.05155084654688835,0.5105747580528259,0.434721976518631,0.5155084729194641,0.9503816366195679,2420,hard,301.0893659591675
-0.56694096326828,-0.680327296257019,0.11338632553815842,0.5492358803749084,0.33424967527389526,1.1338632106781006,0.8230547308921814,2421,hard,301.2056152820587
-0.367806077003479,-0.3970496952533722,0.02924361824989319,0.5241293907165527,0.34676170349121094,0.2924361824989319,0.8230549097061157,2422,hard,301.28546833992004
-0.11801919341087341,-0.12574219703674316,0.007723000831902027,0.8421216011047363,0.2170782834291458,0.07723000645637512,0.9503817558288574,2423,hard,301.4792048931122
-0.05890004336833954,-0.12359106540679932,0.06469102203845978,0.5265001058578491,0.3570892810821533,0.6469101905822754,0.823054313659668,2424,hard,301.6469955444336
-0.18183934688568115,-0.2667994499206543,0.08496010303497314,0.6680012941360474,0.39321354031562805,0.8496010303497314,0.823054850101471,2425,hard,301.84941267967224
-0.3984937369823456,-0.6517624258995056,0.25326868891716003,0.7476246356964111,0.12706638872623444,2.532686710357666,0.9503818154335022,2426,hard,302.00511264801025
-0.25004246830940247,-0.25936412811279297,0.009321669116616249,0.5701116323471069,0.21713565289974213,0.09321668744087219,0.9503812193870544,2427,hard,302.09057784080505
-0.42402586340904236,-0.43870389461517334,0.01467803306877613,0.8313256502151489,0.15344347059726715,0.146780326962471,0.950381875038147,2428,hard,302.2870783805847
0.2334934026002884,0.11471366882324219,0.1187797337770462,0.6379974484443665,0.10623952746391296,1.1877973079681396,0.9503818154335022,2429,hard,302.4969861507416
0.09789847582578659,0.010108709335327148,0.08778976649045944,0.5739926695823669,0.21991008520126343,0.8778976798057556,0.9503816962242126,2430,hard,302.60462832450867
-0.5622992515563965,-0.5745514631271362,0.012252193875610828,0.8442874550819397,0.10761527717113495,0.12252193689346313,0.950381875038147,2431,hard,302.69817185401917
0.07427646964788437,0.061489105224609375,0.012787364423274994,0.48844802379608154,0.3005314767360687,0.12787364423274994,0.8230547308921814,2432,hard,302.90334033966064
-1.1368759870529175,-1.1644642353057861,0.027588224038481712,0.9062248468399048,0.05635250732302666,0.2758822441101074,0.950381875038147,2433,hard,302.99931025505066
-0.025187045335769653,-0.0949239730834961,0.06973692774772644,0.5715340971946716,0.456384539604187,0.6973692774772644,0.8230547904968262,2434,hard,303.167977809906
-0.2894819974899292,-0.324679434299469,0.03519744798541069,0.46900665760040283,0.27827632427215576,0.3519744575023651,0.823054850101471,2435,hard,303.3242335319519
-0.12138483673334122,-0.13189244270324707,0.010507604107260704,0.7222533822059631,0.2371264100074768,0.10507603734731674,0.9503815174102783,2436,hard,303.4817762374878
-0.7689362168312073,-0.8631552457809448,0.09421902149915695,0.6011269688606262,0.3576067388057709,0.9421901702880859,0.8230549097061157,2437,hard,303.6427788734436
0.23501940071582794,0.0688667893409729,0.16615261137485504,0.5783001184463501,0.35914406180381775,1.661526083946228,0.8230546116828918,2438,hard,303.7869942188263
-0.29748207330703735,-0.3512309789657593,0.05374891683459282,0.518749475479126,0.22508123517036438,0.5374891757965088,0.9503817558288574,2439,hard,303.8980379104614
0.054831698536872864,-0.1308574676513672,0.18568916618824005,0.5153130292892456,0.28279587626457214,1.8568916320800781,0.9503817558288574,2440,hard,304.0669810771942
7.2100067138671875,-0.047724008560180664,7.257730960845947,0.2107270359992981,0.3711831867694855,72.57730865478516,0.4751909673213959,2441,hard,304.26517605781555
-1.2974853515625,-1.3365862369537354,0.03910083696246147,0.8356067538261414,0.16777996718883514,0.3910083770751953,0.9503819346427917,2442,hard,304.36784172058105
-0.2908775806427002,-0.2980056405067444,0.007128053344786167,0.6632921099662781,0.21899117529392242,0.07128053158521652,0.950381875038147,2443,hard,304.48613262176514
-0.11672091484069824,-0.15063047409057617,0.03390955552458763,0.6507660746574402,0.2869538366794586,0.3390955328941345,0.8230546116828918,2444,hard,304.7029867172241
0.3028530776500702,0.03813028335571289,0.2647227942943573,0.38303273916244507,0.2266947478055954,2.6472277641296387,0.8230546712875366,2445,hard,304.9311463832855
-0.5677184462547302,-0.5974792242050171,0.029760753735899925,0.7941011190414429,0.14183075726032257,0.29760754108428955,0.9503816962242126,2446,hard,305.08923625946045
-0.9746865630149841,-1.0811660289764404,0.1064794659614563,0.8806310296058655,0.06002844497561455,1.064794659614563,0.9503818154335022,2447,hard,305.2605595588684
-0.24024318158626556,-0.2801525592803955,0.03990938141942024,0.7646433711051941,0.2106636017560959,0.3990938067436218,0.950381875038147,2448,hard,305.4588053226471
-0.13942770659923553,-0.19622254371643066,0.05679483339190483,0.4832744598388672,0.35470864176750183,0.5679483413696289,0.8230534195899963,2449,hard,305.69083762168884
-0.15480124950408936,-0.2664029598236084,0.11160171031951904,0.7747797966003418,0.20154060423374176,1.1160171031951904,0.950381875038147,2450,hard,305.8823354244232
-0.1325126588344574,-0.15625131130218506,0.023738646879792213,0.5370134115219116,0.4562808573246002,0.23738646507263184,0.9503816962242126,2451,hard,306.06875443458557
-0.2685553729534149,-0.28022968769073486,0.011674306355416775,0.6510643362998962,0.18376290798187256,0.1167430654168129,0.9503816962242126,2452,hard,306.26395440101624
0.22779202461242676,0.15534436702728271,0.07244765013456345,0.8242747783660889,0.08245692402124405,0.7244764566421509,0.9503817558288574,2453,hard,306.4553031921387
-0.6269655823707581,-0.6359260082244873,0.008960445411503315,0.8001230359077454,0.16521939635276794,0.089604452252388,0.9503819942474365,2454,hard,306.5742950439453
0.584296464920044,0.017656326293945312,0.5666401386260986,0.6658579707145691,0.1868377923965454,5.666401386260986,0.950381875038147,2455,hard,306.7675504684448
-0.34182512760162354,-0.5404659509658813,0.19864080846309662,0.7111853361129761,0.18333108723163605,1.9864081144332886,0.9503818154335022,2456,hard,306.9399507045746
-0.20777103304862976,-0.28207409381866455,0.0743030533194542,0.6945831179618835,0.2126212865114212,0.7430305480957031,0.8230546712875366,2457,hard,307.1377201080322
-0.005423367023468018,-0.1313040852546692,0.12588071823120117,0.4123779237270355,0.4260427951812744,1.2588071823120117,0.6720215678215027,2458,hard,307.3094975948334
-0.37309372425079346,-0.392511785030365,0.01941806450486183,0.8741890788078308,0.06284300237894058,0.19418063759803772,0.9503819942474365,2459,hard,307.42296385765076
0.024699360132217407,-0.01462852954864502,0.03932788968086243,0.600523054599762,0.36835965514183044,0.39327889680862427,0.823054850101471,2460,hard,307.6438934803009
0.3535432815551758,-0.17028570175170898,0.5238289833068848,0.7737540602684021,0.17702077329158783,5.238289833068848,0.9503815174102783,2461,hard,307.8549439907074
0.9128696918487549,0.2034289836883545,0.7094407081604004,0.5129081010818481,0.1893710047006607,7.094407081604004,0.9503813982009888,2462,hard,308.061785697937
-0.640140950679779,-0.665415346622467,0.025274410843849182,0.7955300211906433,0.15808598697185516,0.2527441084384918,0.9503819942474365,2463,hard,308.13192534446716
0.15584632754325867,0.037695884704589844,0.11815045028924942,0.19589781761169434,0.21722283959388733,1.181504487991333,0.672021210193634,2464,hard,308.38691425323486
-0.46206727623939514,-0.49787163734436035,0.03580436110496521,0.6336204409599304,0.05576213449239731,0.3580436110496521,0.9503818154335022,2465,hard,308.4779541492462
-0.25261351466178894,-0.3865196704864502,0.13390615582466125,0.6709886193275452,0.40147510170936584,1.3390614986419678,0.823054850101471,2466,hard,308.69269490242004
-0.15663957595825195,-0.2339094877243042,0.07726990431547165,0.6291534900665283,0.19397374987602234,0.7726989984512329,0.9503818154335022,2467,hard,308.79010128974915
0.23692035675048828,0.03280067443847656,0.20411968231201172,0.6257145404815674,0.18033258616924286,2.041196823120117,0.9503818154335022,2468,hard,308.9749255180359
-0.1859762966632843,-0.3218259811401367,0.13584968447685242,0.4807280898094177,0.24399153888225555,1.3584967851638794,0.9503815770149231,2469,hard,309.20177388191223
0.09360881894826889,0.05972842872142792,0.03388039022684097,0.6924999952316284,0.2534371614456177,0.33880388736724854,0.950381875038147,2470,hard,309.27716183662415
-0.36777856945991516,-0.4126770496368408,0.044898469001054764,0.6881623268127441,0.16188350319862366,0.44898468255996704,0.9503816962242126,2471,hard,309.38461208343506
-0.4109664261341095,-0.5012688040733337,0.09030237793922424,0.6780751347541809,0.24247276782989502,0.9030237793922424,0.9503818154335022,2472,hard,309.5018811225891
0.06375987827777863,-0.0414355993270874,0.10519547760486603,0.6362249851226807,0.3736284077167511,1.051954746246338,0.8230549097061157,2473,hard,309.69959020614624
0.057268135249614716,-0.044317781925201416,0.10158591717481613,0.6085785627365112,0.3651449978351593,1.0158591270446777,0.823054850101471,2474,hard,309.92099356651306
-0.14412224292755127,-0.1822265386581421,0.03810429200530052,0.41169676184654236,0.42328786849975586,0.3810428977012634,0.6720215082168579,2475,hard,310.02763271331787
0.3946192264556885,0.3425142765045166,0.05210496112704277,0.7859060764312744,0.1252470314502716,0.5210496187210083,0.9503818154335022,2476,hard,310.1759343147278
0.6324142813682556,-0.0031795501708984375,0.635593831539154,0.5173721313476562,0.3683321177959442,6.355937957763672,0.8230544924736023,2477,hard,310.397020816803
0.2646426558494568,0.07905590534210205,0.18558676540851593,0.5287523865699768,0.3149915933609009,1.855867624282837,0.6720214486122131,2478,hard,310.5566005706787
-0.8388705253601074,-0.8550105690956116,0.016140058636665344,0.7986009120941162,0.12403181195259094,0.16140058636665344,0.8230547904968262,2479,hard,310.7147071361542
-0.05887366458773613,-0.11799228191375732,0.059118617326021194,0.6949153542518616,0.13591188192367554,0.5911861658096313,0.9503818154335022,2480,hard,310.81049394607544
-0.22016827762126923,-0.2946341037750244,0.07446582615375519,0.8157742619514465,0.04264702647924423,0.7446582317352295,0.9503819346427917,2481,hard,310.9924330711365
-0.133518248796463,-0.21634817123413086,0.08282991498708725,0.8334424495697021,0.10864181816577911,0.8282991051673889,0.9503818154335022,2482,hard,311.1598479747772
-0.3546786606311798,-0.39957231283187866,0.04489364102482796,0.8573552370071411,0.05144166573882103,0.448936402797699,0.9503818154335022,2483,hard,311.33603739738464
8.674078941345215,-0.061577796936035156,8.73565673828125,0.34444403648376465,0.20287248492240906,87.3565673828125,0.8230549097061157,2484,hard,311.53309059143066
-0.08162002265453339,-0.13179975748062134,0.05017973855137825,0.7082806825637817,0.17926311492919922,0.5017973780632019,0.9503817558288574,2485,hard,311.6526925563812
-0.8537659645080566,-0.9230092763900757,0.06924330443143845,0.8176730871200562,0.13288044929504395,0.6924329996109009,0.9503816366195679,2486,hard,311.7508134841919
7.22674036026001,0.31946325302124023,6.9072771072387695,0.6179749369621277,0.37786421179771423,69.07276916503906,0.8230549097061157,2487,hard,311.94172644615173
0.04414179176092148,0.024459034204483032,0.019682759419083595,0.5442389845848083,0.3511793315410614,0.19682759046554565,0.823054850101471,2488,hard,312.0953450202942
-0.3755951225757599,-0.3883875012397766,0.012792388908565044,0.6504148244857788,0.38955193758010864,0.1279238909482956,0.8230549097061157,2489,hard,312.21907687187195
0.09631308913230896,0.018503546714782715,0.07780954241752625,0.33751189708709717,0.3693234324455261,0.7780954241752625,0.6720216274261475,2490,hard,312.3693506717682
-0.15931032598018646,-0.24775540828704834,0.08844508230686188,0.5105692148208618,0.35114771127700806,0.8844507932662964,0.8230550289154053,2491,hard,312.57714200019836
0.2387835532426834,0.18004131317138672,0.05874223634600639,0.6192509531974792,0.09835690259933472,0.5874223709106445,0.950381875038147,2492,hard,312.7091155052185
0.4329138398170471,0.22149240970611572,0.2114214450120926,0.30752187967300415,0.3155929446220398,2.1142144203186035,0.6720213294029236,2493,hard,312.92108058929443
0.22500477731227875,0.20451125502586365,0.020493516698479652,0.8799754977226257,0.08902247995138168,0.20493516325950623,0.8230549097061157,2494,hard,313.0449929237366
0.034222133457660675,-0.021542221307754517,0.05576435476541519,0.7090972661972046,0.14200599491596222,0.5576435327529907,0.950381875038147,2495,hard,313.1936864852905
-0.9205145835876465,-0.9650286436080933,0.04451403766870499,0.6589670777320862,0.3911048173904419,0.44514036178588867,0.8230549097061157,2496,hard,313.39493703842163
-0.20494885742664337,-0.38877344131469727,0.1838245838880539,0.49666303396224976,0.13121233880519867,1.8382458686828613,0.950381875038147,2497,hard,313.5682156085968
-0.022824477404356003,-0.06516897678375244,0.04234449937939644,0.7361737489700317,0.19182255864143372,0.4234449863433838,0.9503816962242126,2498,hard,313.75962710380554
0.060659751296043396,-0.1117396354675293,0.1723993867635727,0.41422104835510254,0.251962274312973,1.7239937782287598,0.8230545520782471,2499,hard,313.9915587902069
1.0072813034057617,-0.14558696746826172,1.1528682708740234,0.22776517271995544,0.25961795449256897,11.528682708740234,0.6720213890075684,2500,hard,314.2042043209076
-0.3484283685684204,-0.3567185401916504,0.0082901855930686,0.6305181384086609,0.26910755038261414,0.08290185779333115,0.9503815174102783,2501,hard,315.0232856273651
-0.201125368475914,-0.25793731212615967,0.05681193992495537,0.7307509183883667,0.12754230201244354,0.5681194067001343,0.9503818154335022,2502,hard,315.1780071258545
0.11825163662433624,0.06584763526916504,0.0524040050804615,0.8238341808319092,0.0669272243976593,0.5240400433540344,0.9503818154335022,2503,hard,315.3541715145111
0.09430107474327087,0.035054564476013184,0.05924650654196739,0.5096500515937805,0.34550774097442627,0.5924650430679321,0.8230549097061157,2504,hard,315.4872760772705
-0.5236629843711853,-0.5390222072601318,0.015359210781753063,0.6674221754074097,0.2621608078479767,0.15359210968017578,0.9503815770149231,2505,hard,315.6338493824005
0.020273834466934204,-0.175268292427063,0.1955421268939972,0.5157662630081177,0.33831626176834106,1.9554212093353271,0.8230542540550232,2506,hard,315.8169023990631
0.2103973925113678,0.11635017395019531,0.09404721856117249,0.5395166873931885,0.3950712978839874,0.9404721856117249,0.8230546712875366,2507,hard,315.979957818985
4.51721715927124,-0.5099988579750061,5.027215957641602,0.47484955191612244,0.48264145851135254,50.272159576416016,0.6720215082168579,2508,hard,316.2128632068634
-0.4076729118824005,-0.4708806276321411,0.06320770829916,0.8017929196357727,0.1528843194246292,0.6320770978927612,0.9503817558288574,2509,hard,316.3638870716095
0.18183933198451996,0.04737621545791626,0.1344631165266037,0.6651426553726196,0.23497620224952698,1.3446311950683594,0.950381338596344,2510,hard,316.54482865333557
-0.14497557282447815,-0.22804462909698486,0.08306904882192612,0.6631258130073547,0.3918443024158478,0.8306904435157776,0.823054850101471,2511,hard,316.73979449272156
0.2983342111110687,-0.08323001861572266,0.3815642297267914,0.5296536087989807,0.3318445682525635,3.8156423568725586,0.8230552077293396,2512,hard,316.97019600868225
-0.005634890869259834,-0.023572921752929688,0.017938030883669853,0.6806856989860535,0.077847920358181,0.17938031256198883,0.9503819346427917,2513,hard,317.1761395931244
0.0504092201590538,-0.026696324348449707,0.07710554450750351,0.40142765641212463,0.4113211929798126,0.7710554599761963,0.4751909375190735,2514,hard,317.3450951576233
-0.2715815305709839,-0.29079270362854004,0.019211186096072197,0.71856290102005,0.17306926846504211,0.19211186468601227,0.9503818154335022,2515,hard,317.5360767841339
0.124521903693676,0.05732342600822449,0.06719847768545151,0.43807098269462585,0.28954097628593445,0.6719847917556763,0.8230547904968262,2516,hard,317.6735591888428
0.013047121465206146,-0.05365872383117676,0.0667058452963829,0.6059225797653198,0.36476850509643555,0.6670584082603455,0.8230542540550232,2517,hard,317.78863620758057
0.09750381112098694,0.033257514238357544,0.0642462968826294,0.6330069899559021,0.37938207387924194,0.642462968826294,0.8230547904968262,2518,hard,317.9779188632965
-0.3754509687423706,-0.3984176516532898,0.022966671735048294,0.4349527060985565,0.4452502429485321,0.22966670989990234,0.6720214486122131,2519,hard,318.04989075660706
4.6417341232299805,-0.06698250770568848,4.708716869354248,0.5350080728530884,0.34695178270339966,47.0871696472168,0.823054850101471,2520,hard,318.23515224456787
-0.07814354449510574,-0.11886334419250488,0.04071979969739914,0.48824676871299744,0.32257014513015747,0.4071979820728302,0.8230546712875366,2521,hard,318.35583901405334
-0.8177295327186584,-0.8550233840942383,0.03729387745261192,0.6751195192337036,0.2239946871995926,0.37293875217437744,0.9503815770149231,2522,hard,318.5304925441742
-0.24019506573677063,-0.3602944612503052,0.12009940296411514,0.538463830947876,0.08054233342409134,1.2009940147399902,0.9503818154335022,2523,hard,318.74905133247375
0.09242086112499237,0.050303101539611816,0.04211776331067085,0.5830733180046082,0.05989741161465645,0.42117762565612793,0.950381875038147,2524,hard,318.8750829696655
-0.1839277148246765,-0.2030041217803955,0.01907641440629959,0.5843599438667297,0.10289781540632248,0.1907641440629959,0.950381875038147,2525,hard,318.96067333221436
0.060600295662879944,0.036967307329177856,0.023632990196347237,0.2935832440853119,0.30149200558662415,0.23632989823818207,0.4751909077167511,2526,hard,319.1152443885803
-0.2515006363391876,-0.3375225067138672,0.08602187037467957,0.7197656035423279,0.1297975778579712,0.8602187037467957,0.9503818154335022,2527,hard,319.27369952201843
0.8209235668182373,0.27524495124816895,0.5456786155700684,0.5111744403839111,0.38551613688468933,5.456786155700684,0.8230543732643127,2528,hard,319.5081651210785
0.14665520191192627,0.11724185943603516,0.029413346201181412,0.4934014081954956,0.302203506231308,0.2941334545612335,0.8230546712875366,2529,hard,319.7002782821655
0.3970867395401001,0.2257758378982544,0.1713109016418457,0.6788366436958313,0.17837035655975342,1.713109016418457,0.9503815770149231,2530,hard,319.8721213340759
-0.5084066390991211,-0.5337349772453308,0.02532832883298397,0.745690643787384,0.24728219211101532,0.25328329205513,0.9503816962242126,2531,hard,319.9511342048645
-0.043076932430267334,-0.1562967300415039,0.11321979761123657,0.5101871490478516,0.10447513312101364,1.1321979761123657,0.9503818154335022,2532,hard,320.1881260871887
5465.18408203125,-0.14272688329219818,5465.32666015625,0.2207614928483963,0.38881179690361023,54653.265625,0.47519099712371826,2533,hard,320.42607378959656
0.01796659082174301,-0.05367636680603027,0.07164295762777328,0.514446496963501,0.24587520956993103,0.7164295315742493,0.8230543732643127,2534,hard,320.5969018936157
-0.007566841319203377,-0.03237259387969971,0.02480575256049633,0.44307830929756165,0.3565436899662018,0.2480575293302536,0.8230546116828918,2535,hard,320.78402733802795
0.19160878658294678,0.019210219383239746,0.17239856719970703,0.44555526971817017,0.3996140956878662,1.7239856719970703,0.8230545520782471,2536,hard,320.94537138938904
-0.5061591267585754,-0.5848346948623657,0.07867557555437088,0.6764653325080872,0.39873650670051575,0.7867557406425476,0.823054850101471,2537,hard,321.12404561042786
0.17868001759052277,0.06834667921066284,0.11033333837985992,0.4330746531486511,0.44158080220222473,1.1033333539962769,0.6720215082168579,2538,hard,321.2528073787689
0.11734548211097717,0.08484357595443726,0.03250190243124962,0.47741928696632385,0.3294285535812378,0.3250190019607544,0.6720214486122131,2539,hard,321.4000566005707
-0.40645042061805725,-0.41401752829551697,0.0075671072117984295,0.9025143384933472,0.0511494055390358,0.07567106932401657,0.9503819346427917,2540,hard,321.54461216926575
0.3284023106098175,0.018726706504821777,0.3096756041049957,0.3600093126296997,0.3894897401332855,3.0967559814453125,0.672021210193634,2541,hard,321.7179419994354
-0.6034531593322754,-0.7821550369262695,0.17870190739631653,0.7208915948867798,0.15747927129268646,1.7870190143585205,0.9503816962242126,2542,hard,321.9147183895111
0.03836468607187271,-0.015900492668151855,0.05426517874002457,0.8877117037773132,0.1081184446811676,0.5426517724990845,0.9503818154335022,2543,hard,322.10391211509705
-0.44931191205978394,-0.47766387462615967,0.028351956978440285,0.5435634851455688,0.3514905571937561,0.28351956605911255,0.823054850101471,2544,hard,322.2539949417114
-0.1781982183456421,-0.2126636505126953,0.03446543961763382,0.6507384777069092,0.20125974714756012,0.344654381275177,0.9503809809684753,2545,hard,322.41612362861633
-0.5285354852676392,-0.6436338424682617,0.11509833484888077,0.670772910118103,0.16162805259227753,1.1509833335876465,0.9503816962242126,2546,hard,322.5889461040497
0.4464372992515564,0.21344351768493652,0.23299376666545868,0.351660817861557,0.2105792909860611,2.329937696456909,0.8230549097061157,2547,hard,322.7535603046417
-0.4151594042778015,-0.5511254072189331,0.13596601784229279,0.5979248881340027,0.36130648851394653,1.3596601486206055,0.8230549693107605,2548,hard,322.93836665153503
-0.5383386611938477,-0.5811197757720947,0.04278111085295677,0.7056208252906799,0.2038492113351822,0.4278110861778259,0.9503815174102783,2549,hard,323.0743877887726
0.016781482845544815,-0.027306556701660156,0.04408803954720497,0.6163930892944336,0.3662310540676117,0.4408803880214691,0.6720214486122131,2550,hard,323.2560749053955
-0.04705272614955902,-0.07163834571838379,0.02458561770617962,0.5049062967300415,0.22021819651126862,0.2458561658859253,0.9503816366195679,2551,hard,323.3767285346985
-0.008710697293281555,-0.02862107753753662,0.019910380244255066,0.6022709608078003,0.38285061717033386,0.19910380244255066,0.8230547904968262,2552,hard,323.5056231021881
-0.4466351866722107,-0.46967780590057373,0.023042624816298485,0.8080153465270996,0.08851323276758194,0.23042625188827515,0.9503819346427917,2553,hard,323.63138484954834
0.5029056072235107,0.1332939863204956,0.36961159110069275,0.7066461443901062,0.22016437351703644,3.6961159706115723,0.9503816366195679,2554,hard,323.77606177330017
0.08194686472415924,0.020782470703125,0.06116439029574394,0.4254959225654602,0.27927452325820923,0.61164391040802,0.823054850101471,2555,hard,323.91001653671265
-0.17957404255867004,-0.18528157472610474,0.005707525182515383,0.900377631187439,0.045107513666152954,0.05707525089383125,0.8230546712875366,2556,hard,324.03551054000854
0.021173100918531418,0.013125583529472351,0.008047516457736492,0.60601407289505,0.4035853445529938,0.08047516644001007,0.6720212697982788,2557,hard,324.23355197906494
-0.3443375825881958,-0.3580746650695801,0.013737072236835957,0.6061782240867615,0.256447434425354,0.13737072050571442,0.9503815770149231,2558,hard,324.41828966140747
-0.15216128528118134,-0.21271657943725586,0.060555290430784225,0.8175700306892395,0.08408576250076294,0.6055529117584229,0.9503818154335022,2559,hard,324.53993558883667
0.011592095717787743,-0.01568460464477539,0.027276700362563133,0.5741012096405029,0.3688281178474426,0.27276700735092163,0.8230549097061157,2560,hard,324.7095892429352
-0.5055804252624512,-0.5325976610183716,0.02701721154153347,0.7946017980575562,0.15782755613327026,0.270172119140625,0.950381875038147,2561,hard,324.82593536376953
0.09442520141601562,0.025458097457885742,0.06896710395812988,0.7308486700057983,0.26373612880706787,0.6896710395812988,0.9503816962242126,2562,hard,324.90706419944763
-0.19095438718795776,-0.7467979192733765,0.5558435320854187,0.45565417408943176,0.4632701873779297,5.558434963226318,0.6720215082168579,2563,hard,325.0871503353119
-0.18213172256946564,-0.20958518981933594,0.0274534709751606,0.7162278294563293,0.11292823404073715,0.2745347023010254,0.9503819346427917,2564,hard,325.2773575782776
0.09881632775068283,0.006660938262939453,0.09215538948774338,0.6722461581230164,0.19457277655601501,0.9215538501739502,0.8230546116828918,2565,hard,325.44330406188965
-0.36871063709259033,-0.39504027366638184,0.026329636573791504,0.8455038070678711,0.11118429154157639,0.26329636573791504,0.9503820538520813,2566,hard,325.5935056209564
0.4852348268032074,0.13179588317871094,0.35343894362449646,0.543561577796936,0.3501100540161133,3.5343894958496094,0.6720214486122131,2567,hard,325.78534865379333
0.012518703937530518,-0.02726578712463379,0.03978449106216431,0.47668522596359253,0.2913629114627838,0.39784491062164307,0.8230547308921814,2568,hard,326.0178723335266
0.06951454281806946,0.026411056518554688,0.04310348629951477,0.2882165014743805,0.17547999322414398,0.4310348629951477,0.8230547904968262,2569,hard,326.2149486541748
-0.0846259817481041,-0.14643633365631104,0.06181035190820694,0.7412929534912109,0.20542408525943756,0.6181035041809082,0.9503816962242126,2570,hard,326.3277778625488
0.017112277448177338,-0.09052932262420654,0.10764160007238388,0.8135467171669006,0.10351207852363586,1.076416015625,0.9503818154335022,2571,hard,326.53134655952454
0.6874082088470459,-0.12657248973846436,0.8139806985855103,0.581543505191803,0.34750157594680786,8.139806747436523,0.8230544924736023,2572,hard,326.74112200737
-0.36805540323257446,-0.38387563824653625,0.015820220112800598,0.653321385383606,0.3883339762687683,0.15820220112800598,0.8230549097061157,2573,hard,326.9173879623413
-0.394137978553772,-0.44770002365112305,0.05356203392148018,0.653502345085144,0.2539480924606323,0.5356203317642212,0.9503816962242126,2574,hard,327.0795018672943
0.07783488184213638,-0.01214456558227539,0.08997944742441177,0.7235931754112244,0.1830943524837494,0.8997944593429565,0.9503813982009888,2575,hard,327.2939875125885
-0.19000521302223206,-0.22312712669372559,0.03312192112207413,0.5471553802490234,0.3432207405567169,0.3312191963195801,0.8230546116828918,2576,hard,327.4625988006592
0.21236690878868103,0.19580602645874023,0.016560878604650497,0.45942434668540955,0.40171098709106445,0.16560877859592438,0.950381338596344,2577,hard,327.61969232559204
-0.07775479555130005,-0.359622597694397,0.2818678021430969,0.6880505084991455,0.2066250592470169,2.8186779022216797,0.9503819346427917,2578,hard,327.7908310890198
0.16967499256134033,0.07486408948898315,0.09481089562177658,0.4481612741947174,0.43480589985847473,0.948108971118927,0.9503813982009888,2579,hard,327.9963011741638
-0.002557821571826935,-0.11924529075622559,0.11668746918439865,0.6777545213699341,0.40061303973197937,1.166874647140503,0.823054850101471,2580,hard,328.1853578090668
0.04260970652103424,-0.06508350372314453,0.10769321024417877,0.6847615242004395,0.18959276378154755,1.0769320726394653,0.9503809809684753,2581,hard,328.38075852394104
1.215097427368164,-0.421860933303833,1.636958360671997,0.49948006868362427,0.3553999364376068,16.369583129882812,0.8230540156364441,2582,hard,328.63222455978394
0.1546550691127777,0.11102432012557983,0.04363074526190758,0.6033712029457092,0.38575345277786255,0.436307430267334,0.823054850101471,2583,hard,328.7571384906769
-0.9379591941833496,-0.957409679889679,0.01945047825574875,0.7702446579933167,0.11142296344041824,0.1945047825574875,0.950381875038147,2584,hard,328.8797471523285
-0.5477471351623535,-0.5641642808914185,0.016417130827903748,0.8369842767715454,0.04458502307534218,0.16417130827903748,0.9503819346427917,2585,hard,329.00484013557434
0.22636356949806213,0.0037016868591308594,0.22266188263893127,0.7354379296302795,0.24471330642700195,2.226618766784668,0.8230543732643127,2586,hard,329.1483197212219
-0.053282514214515686,-0.08396647870540619,0.030683964490890503,0.7936272621154785,0.13553328812122345,0.30683964490890503,0.9503818154335022,2587,hard,329.2393054962158
0.013348817825317383,-0.058697640895843506,0.07204645872116089,0.4998750686645508,0.3288859724998474,0.7204645872116089,0.8230549097061157,2588,hard,329.4371476173401
-0.33722975850105286,-0.3605843186378479,0.023354560136795044,0.7697639465332031,0.0731089636683464,0.23354560136795044,0.9503819346427917,2589,hard,329.5167489051819
0.1047123372554779,-0.2044358253479004,0.3091481626033783,0.7291870713233948,0.23094424605369568,3.0914814472198486,0.8230546712875366,2590,hard,329.6755156517029
-0.1278602033853531,-0.15360453724861145,0.02574433758854866,0.8738054633140564,0.0755137950181961,0.257443368434906,0.9503816962242126,2591,hard,329.82016229629517
-0.2616376578807831,-0.30311787128448486,0.041480205953121185,0.4796723425388336,0.3105006814002991,0.41480204463005066,0.823054850101471,2592,hard,330.0191864967346
-0.48106124997138977,-0.49117082357406616,0.01010956522077322,0.49851593375205994,0.221413254737854,0.10109564661979675,0.9503815770149231,2593,hard,330.1457884311676
-0.005120500922203064,-0.13390201330184937,0.1287815123796463,0.7999382019042969,0.15507955849170685,1.2878150939941406,0.950381875038147,2594,hard,330.33825516700745
0.10735656321048737,-0.15431387722492218,0.26167044043540955,0.669938862323761,0.3940638601779938,2.6167044639587402,0.823054850101471,2595,hard,330.52847838401794
0.2680325508117676,0.19007110595703125,0.07796143740415573,0.6957168579101562,0.21414099633693695,0.7796143293380737,0.9503818154335022,2596,hard,330.7394723892212
0.1937209665775299,0.10171747207641602,0.0920034870505333,0.38176432251930237,0.2507382035255432,0.9200348854064941,0.823054850101471,2597,hard,330.9236056804657
-0.29637977480888367,-0.3203263282775879,0.023946551606059074,0.7044937014579773,0.23793800175189972,0.23946550488471985,0.9503818154335022,2598,hard,331.0560493469238
-0.21164514124393463,-0.37460458278656006,0.16295944154262543,0.7491129636764526,0.21273291110992432,1.629594326019287,0.9503816962242126,2599,hard,331.18985295295715
0.07962678372859955,0.05331546068191528,0.026311326771974564,0.7972241640090942,0.12102551758289337,0.26311326026916504,0.950381875038147,2600,hard,331.2722182273865
-0.6840541362762451,-0.7311563491821289,0.04710221290588379,0.7272952795028687,0.2083338499069214,0.4710221290588379,0.950381875038147,2601,hard,331.49307131767273
0.09152139723300934,0.07671785354614258,0.01480354368686676,0.6796443462371826,0.13641326129436493,0.1480354368686676,0.950381875038147,2602,hard,331.6565384864807
0.1661425232887268,-0.22302961349487305,0.38917213678359985,0.6270686984062195,0.3793201744556427,3.891721248626709,0.8230549097061157,2603,hard,331.8247106075287
-0.2996087670326233,-0.3127199411392212,0.013111159205436707,0.43017682433128357,0.2895427346229553,0.13111159205436707,0.8230547308921814,2604,hard,331.9155602455139
0.01202092319726944,-0.050807952880859375,0.06282887607812881,0.5308982133865356,0.3525908291339874,0.628288745880127,0.823054850101471,2605,hard,332.12069845199585
0.24924573302268982,-0.03980207443237305,0.28904780745506287,0.6136528253555298,0.17753052711486816,2.8904781341552734,0.9503817558288574,2606,hard,332.31588673591614
-0.06498345732688904,-0.5235233306884766,0.4585398733615875,0.48029640316963196,0.33499765396118164,4.5853986740112305,0.8230547904968262,2607,hard,332.4571523666382
0.07955735176801682,-0.01199987530708313,0.09155722707509995,0.6939915418624878,0.10113568603992462,0.9155722856521606,0.9503818154335022,2608,hard,332.65878319740295
-0.36687466502189636,-0.3972572088241577,0.03038254752755165,0.6530893445014954,0.3837568759918213,0.3038254678249359,0.8230549097061157,2609,hard,332.8503863811493
-0.23579636216163635,-0.3500975966453552,0.11430122703313828,0.7127032279968262,0.2609611451625824,1.143012285232544,0.6720215678215027,2610,hard,333.0039563179016
-0.17167481780052185,-0.19458219408988953,0.022907381877303123,0.8398493528366089,0.14580222964286804,0.22907382249832153,0.950381875038147,2611,hard,333.15103101730347
-0.04198722541332245,-0.21547377109527588,0.17348654568195343,0.6667342185974121,0.23522505164146423,1.734865427017212,0.8230547904968262,2612,hard,333.3186905384064
-0.2592959403991699,-0.2726297378540039,0.013333785347640514,0.7736826539039612,0.23220518231391907,0.1333378553390503,0.9503818154335022,2613,hard,333.52598881721497
-0.06145067512989044,-0.0875694751739502,0.026118798181414604,0.5960774421691895,0.3591119050979614,0.26118797063827515,0.8230549097061157,2614,hard,333.6804344654083
-0.9432914853096008,-1.0627883672714233,0.1194969043135643,0.6255373954772949,0.3713169991970062,1.1949690580368042,0.8230549097061157,2615,hard,333.758487701416
-0.1682383269071579,-0.19917988777160645,0.030941560864448547,0.6215917468070984,0.37723273038864136,0.3094156086444855,0.8230549097061157,2616,hard,333.94791889190674
0.15230539441108704,-0.007309913635253906,0.15961530804634094,0.6323767304420471,0.25343722105026245,1.5961530208587646,0.9503809213638306,2617,hard,334.13371658325195
-0.1552533358335495,-0.20263421535491943,0.047380879521369934,0.5407481789588928,0.2383197546005249,0.47380879521369934,0.8230549097061157,2618,hard,334.33834648132324
-0.21533510088920593,-0.292293518781662,0.07695842534303665,0.2892765998840332,0.3834500312805176,0.7695842385292053,0.8230545520782471,2619,hard,334.52339792251587
-0.634066104888916,-0.73021000623703,0.0961439236998558,0.8175455331802368,0.15512274205684662,0.9614392518997192,0.950381875038147,2620,hard,334.63180589675903
0.26180198788642883,0.13890552520751953,0.1228964552283287,0.4781560003757477,0.31927746534347534,1.2289645671844482,0.8230547308921814,2621,hard,334.8124978542328
-0.16708357632160187,-0.19838452339172363,0.03130094334483147,0.6913460493087769,0.15668611228466034,0.31300944089889526,0.9503817558288574,2622,hard,334.99302077293396
0.15076078474521637,-0.03817889094352722,0.1889396756887436,0.2700391709804535,0.2915862202644348,1.8893966674804688,0.6720213890075684,2623,hard,335.226455450058
-0.1256200075149536,-0.23873144388198853,0.11311142891645432,0.747068464756012,0.2984224259853363,1.1311142444610596,0.9503816366195679,2624,hard,335.36796951293945
-0.3365042209625244,-0.3763737678527832,0.03986954316496849,0.8256451487541199,0.11980275064706802,0.3986954391002655,0.950381875038147,2625,hard,335.5539572238922
0.3856087327003479,0.06534719467163086,0.32026153802871704,0.1918402761220932,0.33778586983680725,3.202615261077881,0.4751909673213959,2626,hard,335.79952216148376
1.840104103088379,-0.2839681804180145,2.124072313308716,0.6690877676010132,0.3927687406539917,21.24072265625,0.8230549097061157,2627,hard,336.01168060302734
0.0025177747011184692,-0.16779088973999023,0.1703086644411087,0.7793549299240112,0.18496538698673248,1.7030866146087646,0.8230549097061157,2628,hard,336.1596050262451
-0.3110170066356659,-0.3338291645050049,0.02281215600669384,0.7076141238212585,0.14411558210849762,0.2281215488910675,0.9503817558288574,2629,hard,336.23221921920776
-0.19183623790740967,-0.23677346110343933,0.044937219470739365,0.41977986693382263,0.4319344460964203,0.44937220215797424,0.6720214486122131,2630,hard,336.3231110572815
0.056406836956739426,0.015218734741210938,0.04118810221552849,0.4357476234436035,0.27163970470428467,0.4118810296058655,0.9503816366195679,2631,hard,336.5317735671997
1.9474366903305054,-0.36181867122650146,2.309255361557007,0.15856635570526123,0.1824379414319992,23.092552185058594,0.6720213890075684,2632,hard,336.7351338863373
-0.26760533452033997,-0.29384222626686096,0.0262368805706501,0.6554346680641174,0.1487322449684143,0.2623687982559204,0.9503815174102783,2633,hard,336.921582698822
-0.11670878529548645,-0.1768137514591217,0.060104966163635254,0.45930206775665283,0.4671076834201813,0.6010496616363525,0.6720214486122131,2634,hard,337.0955722332001
-0.46079155802726746,-0.5035790801048279,0.04278752952814102,0.8122441172599792,0.0952562540769577,0.427875280380249,0.950381875038147,2635,hard,337.21693205833435
0.09700488299131393,0.07464280724525452,0.02236207388341427,0.7238956093788147,0.18727464973926544,0.22362074255943298,0.9503816366195679,2636,hard,337.3562352657318
-0.06566076725721359,-0.11189806461334229,0.04623729735612869,0.39800089597702026,0.25692039728164673,0.46237295866012573,0.823054850101471,2637,hard,337.5114359855652
-0.06886385381221771,-0.08245665580034256,0.013592801988124847,0.760358452796936,0.2149559110403061,0.13592801988124847,0.950381875038147,2638,hard,337.62453150749207
-0.11016632616519928,-0.16268306970596313,0.05251674726605415,0.6987030506134033,0.3360210657119751,0.5251674652099609,0.9503816366195679,2639,hard,337.8337023258209
-0.2985214293003082,-0.3616803288459778,0.06315890699625015,0.7257285714149475,0.2892509400844574,0.6315890550613403,0.8230546116828918,2640,hard,337.9558503627777
0.11367345601320267,0.07275938987731934,0.04091406613588333,0.6996235251426697,0.11126001179218292,0.4091406464576721,0.9503816962242126,2641,hard,338.11211133003235
-0.07398003339767456,-0.11478036642074585,0.04080032929778099,0.700025200843811,0.26877084374427795,0.4080032706260681,0.8230547904968262,2642,hard,338.2618975639343
0.27776822447776794,-0.034619808197021484,0.31238803267478943,0.36888065934181213,0.4602717459201813,3.12388014793396,0.8230547308921814,2643,hard,338.466187953949
-0.2176160216331482,-0.24771690368652344,0.030100885778665543,0.684658408164978,0.20589841902256012,0.30100885033607483,0.950381338596344,2644,hard,338.60687589645386
-0.2821837067604065,-0.2923762798309326,0.010192560032010078,0.6462398171424866,0.1886729896068573,0.10192559659481049,0.9503815174102783,2645,hard,338.803373336792
0.12888197600841522,-0.0646810531616211,0.19356302917003632,0.6185837984085083,0.15971015393733978,1.9356303215026855,0.950381875038147,2646,hard,339.0037775039673
-0.19052398204803467,-0.23361161351203918,0.043087638914585114,0.7384668588638306,0.1278620809316635,0.43087637424468994,0.8230549097061157,2647,hard,339.0747501850128
0.1620214730501175,0.14092427492141724,0.02109719254076481,0.6797252893447876,0.49858713150024414,0.2109719216823578,0.8230549097061157,2648,hard,339.2266914844513
-0.35194632411003113,-0.4690035581588745,0.11705724149942398,0.36126095056533813,0.22024299204349518,1.1705724000930786,0.8230547904968262,2649,hard,339.4027795791626
0.07320448756217957,0.022188544273376465,0.0510159395635128,0.6767532229423523,0.295316219329834,0.5101593732833862,0.9503816962242126,2650,hard,339.5218462944031
-0.27277079224586487,-0.31427276134490967,0.0415019765496254,0.7715632319450378,0.0786878690123558,0.4150197505950928,0.950381875038147,2651,hard,339.700585603714
-0.07791058719158173,-0.1939694881439209,0.11605890095233917,0.6829715371131897,0.15016378462314606,1.1605889797210693,0.9503815770149231,2652,hard,339.8747274875641
-0.14600668847560883,-0.1900348663330078,0.04402817785739899,0.7468055486679077,0.16421030461788177,0.44028177857398987,0.9503816366195679,2653,hard,340.0726270675659
-0.16714708507061005,-0.39345645904541016,0.2263093739748001,0.6211087703704834,0.18388982117176056,2.2630937099456787,0.9503815174102783,2654,hard,340.24288034439087
0.08795496076345444,0.060478657484054565,0.02747630514204502,0.3423633277416229,0.4524403512477875,0.2747630476951599,0.672021210193634,2655,hard,340.4519798755646
-0.4218863248825073,-0.5001270771026611,0.07824074476957321,0.40541666746139526,0.41550856828689575,0.7824074029922485,0.6720214486122131,2656,hard,340.5786054134369
1.741779088973999,-0.09991896152496338,1.8416980504989624,0.4600846469402313,0.29956161975860596,18.416980743408203,0.823054850101471,2657,hard,340.70968890190125
-0.23880615830421448,-0.3452790081501007,0.10647284984588623,0.4153686761856079,0.42289429903030396,1.0647284984588623,0.6720214486122131,2658,hard,340.922235250473
-0.39443859457969666,-0.4247138500213623,0.030275261029601097,0.8518131375312805,0.07954497635364532,0.30275261402130127,0.950381875038147,2659,hard,341.11412477493286
-0.13938111066818237,-0.18842411041259766,0.049042996019124985,0.7248636484146118,0.17928458750247955,0.49042993783950806,0.9503822326660156,2660,hard,341.2706525325775
0.006862998008728027,-0.36684131622314453,0.37370431423187256,0.8248000741004944,0.06970665603876114,3.7370431423187256,0.9503818154335022,2661,hard,341.4373071193695
-0.49609121680259705,-0.5282010436058044,0.0321098193526268,0.7130105495452881,0.11540902405977249,0.3210981786251068,0.9503819346427917,2662,hard,341.5460116863251
2.408376693725586,-0.2641562223434448,2.6725330352783203,0.3237694799900055,0.3300785422325134,26.725330352783203,0.6720213890075684,2663,hard,341.72278881073
-0.18208332359790802,-0.2042093276977539,0.022126002237200737,0.557171106338501,0.35383617877960205,0.22126001119613647,0.8230546712875366,2664,hard,341.91465497016907
-0.7233280539512634,-0.7382830381393433,0.014954975806176662,0.6771929264068604,0.3995029330253601,0.14954975247383118,0.823054850101471,2665,hard,342.0715112686157
-0.677585244178772,-0.7409337759017944,0.06334850937128067,0.6454033851623535,0.11972636729478836,0.6334850788116455,0.9503819346427917,2666,hard,342.2687335014343
-0.3685344159603119,-0.4039149880409241,0.035380568355321884,0.7505220174789429,0.18349851667881012,0.35380569100379944,0.9503818154335022,2667,hard,342.4478940963745
-0.06022346019744873,-0.16883230209350586,0.10860884189605713,0.6547838449478149,0.29351815581321716,1.0860884189605713,0.8230546116828918,2668,hard,342.6580832004547
0.08528709411621094,-0.16416600346565247,0.2494530975818634,0.512561559677124,0.08033331483602524,2.4945309162139893,0.823054850101471,2669,hard,342.8506803512573
1.8748445510864258,-0.2684361934661865,2.1432807445526123,0.5581125020980835,0.34617555141448975,21.43280792236328,0.8230543732643127,2670,hard,343.0602123737335
0.056418079882860184,0.009773790836334229,0.046644289046525955,0.5968554019927979,0.3592454493045807,0.46644288301467896,0.823054850101471,2671,hard,343.2281029224396
0.5689097046852112,0.4327239990234375,0.13618572056293488,0.1679827719926834,0.3987465798854828,1.3618571758270264,0.6720214486122131,2672,hard,343.44594740867615
-0.2870734930038452,-0.3836638033390045,0.0965903028845787,0.6057851910591125,0.4003525972366333,0.9659030437469482,0.8230547308921814,2673,hard,343.5980405807495
0.06431780755519867,-0.045788735151290894,0.11010654270648956,0.39809533953666687,0.24427171051502228,1.1010653972625732,0.8230547904968262,2674,hard,343.8072226047516
-0.056722141802310944,-0.1602773666381836,0.10355522483587265,0.5035867094993591,0.39742785692214966,1.0355522632598877,0.9503816366195679,2675,hard,344.0086987018585
-0.2829534113407135,-0.3784789443016052,0.09552552551031113,0.7326076626777649,0.06572861969470978,0.9552552700042725,0.9503817558288574,2676,hard,344.1708290576935
0.010402515530586243,-0.16410624980926514,0.17450876533985138,0.7878991961479187,0.08255288749933243,1.7450876235961914,0.950381875038147,2677,hard,344.29276871681213
-0.11083345860242844,-0.11564081907272339,0.004807361867278814,0.7468212246894836,0.24954760074615479,0.04807361960411072,0.9503816962242126,2678,hard,344.38068103790283
-0.11382623761892319,-0.1555851697921753,0.041758932173252106,0.7450903654098511,0.18620507419109344,0.41758930683135986,0.9503818154335022,2679,hard,344.53430223464966
-0.4175657331943512,-0.43787431716918945,0.020308593288064003,0.6316363215446472,0.16629672050476074,0.20308592915534973,0.9503816962242126,2680,hard,344.7107181549072
0.16586731374263763,-0.0538867712020874,0.21975408494472504,0.3836379051208496,0.26058322191238403,2.197540760040283,0.8230546712875366,2681,hard,344.9432022571564
0.1483539491891861,-0.0172080397605896,0.1655619889497757,0.5811123847961426,0.3487204313278198,1.6556198596954346,0.8230547308921814,2682,hard,345.1094915866852
-0.5595226287841797,-0.5726950168609619,0.013172394596040249,0.8593138456344604,0.07740166783332825,0.13172394037246704,0.9503819942474365,2683,hard,345.2669196128845
-0.3566906154155731,-0.41901087760925293,0.062320273369550705,0.7504494190216064,0.18006420135498047,0.6232027411460876,0.9503815770149231,2684,hard,345.4578814506531
0.3167003393173218,0.13598966598510742,0.18071065843105316,0.47923412919044495,0.33177894353866577,1.8071064949035645,0.8230538964271545,2685,hard,345.6434381008148
-0.8656448125839233,-1.1082236766815186,0.2425788938999176,0.8548031449317932,0.12311407178640366,2.4257888793945312,0.950381875038147,2686,hard,345.7467315196991
-0.11188829690217972,-0.17690253257751465,0.06501423567533493,0.7476720809936523,0.17569245398044586,0.6501423120498657,0.9503818154335022,2687,hard,345.8861026763916
0.2618711292743683,0.15413367748260498,0.10773744434118271,0.8348740339279175,0.05791955813765526,1.0773744583129883,0.9503819346427917,2688,hard,346.06978487968445
0.8841233849525452,0.04671180248260498,0.8374115824699402,0.44407886266708374,0.5313791632652283,8.374115943908691,0.8230544328689575,2689,hard,346.2945091724396
-0.0867815911769867,-0.1433309018611908,0.0565493106842041,0.37910032272338867,0.26578599214553833,0.565493106842041,0.6720214486122131,2690,hard,346.4433841705322
0.11871949583292007,0.06997227668762207,0.048747219145298004,0.8278555274009705,0.08797807991504669,0.48747217655181885,0.9503816962242126,2691,hard,346.61432099342346
-0.0045747458934783936,-0.06175661087036133,0.057181864976882935,0.543197751045227,0.13092650473117828,0.5718186497688293,0.9503816962242126,2692,hard,346.733277797699
-0.30169573426246643,-0.3071242868900299,0.005428542848676443,0.7446985840797424,0.14677372574806213,0.05428542569279671,0.9503818154335022,2693,hard,346.8571546077728
0.7118518352508545,0.2728126049041748,0.4390392303466797,0.46084439754486084,0.280493825674057,4.390392303466797,0.8230549097061157,2694,hard,347.1127951145172
3.889536142349243,-0.041760921478271484,3.9312970638275146,0.5385714769363403,0.17171214520931244,39.31296920776367,0.8230547308921814,2695,hard,347.29914593696594
0.2960788309574127,0.010806500911712646,0.2852723300457001,0.3264808654785156,0.3829888105392456,2.8527231216430664,0.6720213890075684,2696,hard,347.5193645954132
0.34671398997306824,0.05618858337402344,0.2905254065990448,0.3959260582923889,0.2359272688627243,2.9052541255950928,0.823054850101471,2697,hard,347.726438999176
-0.31910330057144165,-0.389077365398407,0.06997405737638474,0.7467419505119324,0.18399792909622192,0.6997405886650085,0.950381338596344,2698,hard,347.8601655960083
-0.1314573884010315,-0.24502456188201904,0.11356716603040695,0.33978307247161865,0.3472714126110077,1.135671615600586,0.6720214486122131,2699,hard,348.08877897262573
0.1881507784128189,0.036327362060546875,0.15182341635227203,0.6471666097640991,0.1750718057155609,1.518234133720398,0.9503816962242126,2700,hard,348.26802158355713
0.14056292176246643,0.08467644453048706,0.05588648468255997,0.2947661578655243,0.35398784279823303,0.5588648319244385,0.6720214486122131,2701,hard,348.3908443450928
0.03902951627969742,-0.010294079780578613,0.04932359606027603,0.3363392949104309,0.35076308250427246,0.4932359457015991,0.6720215082168579,2702,hard,348.62310767173767
-0.8423834443092346,-0.8617984056472778,0.01941498927772045,0.7301162481307983,0.16310080885887146,0.1941498965024948,0.950381875038147,2703,hard,348.7405104637146
-0.23366393148899078,-0.41292768716812134,0.17926375567913055,0.7534125447273254,0.09706828743219376,1.7926374673843384,0.9503818154335022,2704,hard,348.9203429222107
-0.6546580791473389,-0.6827147603034973,0.028056656941771507,0.7840622067451477,0.23497655987739563,0.28056657314300537,0.9503816366195679,2705,hard,349.0478537082672
-0.7655417919158936,-0.785883903503418,0.020342091098427773,0.816193163394928,0.09400823712348938,0.20342090725898743,0.950381875038147,2706,hard,349.1508662700653
-0.23533402383327484,-0.37515342235565186,0.13981939852237701,0.5341169238090515,0.40048712491989136,1.3981939554214478,0.6720213890075684,2707,hard,349.3791289329529
-0.4230309724807739,-0.43808645009994507,0.015055491589009762,0.7880381345748901,0.18885833024978638,0.15055491030216217,0.9503816962242126,2708,hard,349.526828289032
0.061333298683166504,-0.02917669713497162,0.09050999581813812,0.5986818075180054,0.36045798659324646,0.9050999283790588,0.823054850101471,2709,hard,349.61462140083313
-0.27573883533477783,-0.3014165163040161,0.025677675381302834,0.6182826161384583,0.3794405460357666,0.25677675008773804,0.823054850101471,2710,hard,349.80017614364624
0.06350485235452652,0.022465229034423828,0.04103962332010269,0.4562627375125885,0.3584389388561249,0.4103962182998657,0.8230540752410889,2711,hard,350.0153172016144
-0.4772127866744995,-0.4999693036079407,0.022756515070796013,0.7289648652076721,0.14723291993141174,0.22756513953208923,0.9503819346427917,2712,hard,350.16919016838074
-0.250275582075119,-0.2687373161315918,0.018461739644408226,0.7980626225471497,0.07522077858448029,0.18461740016937256,0.9503818154335022,2713,hard,350.3688454627991
-0.8182252049446106,-0.8664247989654541,0.048199575394392014,0.4499218761920929,0.45869091153144836,0.48199576139450073,0.6720215082168579,2714,hard,350.53284525871277
-0.35563647747039795,-0.3732110261917114,0.017574533820152283,0.5869905948638916,0.3552606403827667,0.17574533820152283,0.823054850101471,2715,hard,350.6017036437988
1.6713283061981201,0.09053343534469604,1.5807949304580688,0.6684716939926147,0.2036391645669937,15.80794906616211,0.9503818154335022,2716,hard,350.7867305278778
0.24272792041301727,0.10402441024780273,0.13870351016521454,0.6032484769821167,0.12682905793190002,1.3870351314544678,0.9503818154335022,2717,hard,350.9438331127167
-0.011101722717285156,-0.4512192904949188,0.44011756777763367,0.5945874452590942,0.3645001947879791,4.401175498962402,0.6720214486122131,2718,hard,351.0867030620575
0.06912140548229218,0.016520202159881592,0.052601199597120285,0.571070671081543,0.3410874903202057,0.5260120034217834,0.823054850101471,2719,hard,351.28286933898926
0.015443816781044006,-0.08450955152511597,0.09995336830615997,0.5144808292388916,0.3284664452075958,0.9995336532592773,0.8230540752410889,2720,hard,351.40809988975525
72.30799102783203,-0.08055466413497925,72.38854217529297,0.5520057678222656,0.18385878205299377,723.8853759765625,0.9503813982009888,2721,hard,351.6225395202637
0.20837368071079254,0.17312264442443848,0.03525104001164436,0.6934622526168823,0.21077874302864075,0.35251039266586304,0.9503818154335022,2722,hard,351.80640959739685
-0.04834592342376709,-0.08756500482559204,0.03921908140182495,0.619841992855072,0.3851760923862457,0.3921908140182495,0.823054850101471,2723,hard,351.93353295326233
-0.26629388332366943,-0.2910010814666748,0.02470720373094082,0.842438817024231,0.08429840952157974,0.2470720261335373,0.9503819346427917,2724,hard,352.0771715641022
-0.5604850053787231,-0.5796411037445068,0.019156092777848244,0.7752461433410645,0.10660003870725632,0.19156092405319214,0.950381875038147,2725,hard,352.1608467102051
-0.05554010719060898,-0.15566182136535645,0.10012171417474747,0.7545118927955627,0.17654907703399658,1.0012171268463135,0.9503818154335022,2726,hard,352.33293986320496
0.14851021766662598,0.016023963689804077,0.1324862539768219,0.6261922121047974,0.36910057067871094,1.3248624801635742,0.823054850101471,2727,hard,352.51028990745544
-0.8748600482940674,-1.290950059890747,0.4160900115966797,0.6496855616569519,0.3910071849822998,4.160900115966797,0.823054850101471,2728,hard,352.6331944465637
-0.48270803689956665,-0.5010759830474854,0.018367944285273552,0.4996248185634613,0.3434724807739258,0.18367943167686462,0.823054850101471,2729,hard,352.7418439388275
-0.06560540199279785,-0.1427018642425537,0.07709646224975586,0.5621836185455322,0.18458479642868042,0.7709646224975586,0.9503816962242126,2730,hard,352.90941190719604
0.05132954567670822,0.02753084897994995,0.02379869483411312,0.7657601833343506,0.22993269562721252,0.2379869520664215,0.9503818154335022,2731,hard,353.02726793289185
0.12556609511375427,0.03766864538192749,0.08789744228124619,0.5202966928482056,0.34236738085746765,0.878974437713623,0.8230540752410889,2732,hard,353.22847080230713
-0.05881451442837715,-0.09979355335235596,0.040979038923978806,0.8295470476150513,0.14277952909469604,0.40979039669036865,0.9503815174102783,2733,hard,353.38205766677856
-0.19937892258167267,-0.21698689460754395,0.01760796643793583,0.6681996583938599,0.23415502905845642,0.176079660654068,0.950381875038147,2734,hard,353.58858251571655
0.9989997148513794,-0.409656286239624,1.4086560010910034,0.5229605436325073,0.34050682187080383,14.086560249328613,0.8230547308921814,2735,hard,353.77444553375244
0.2922673225402832,-0.0,0.2922673225402832,0.0,0.0,2.922673225402832,0.0,2736,hard,354.0202519893646
-0.05198966711759567,-0.061168670654296875,0.009179002605378628,0.6034545302391052,0.36112654209136963,0.09179002046585083,0.8230549097061157,2737,hard,354.19630312919617
0.4007285535335541,0.17348140478134155,0.22724714875221252,0.054858990013599396,0.24162648618221283,2.2724714279174805,0.6720214486122131,2738,hard,354.4467964172363
-0.17769813537597656,-0.23646879196166992,0.05877065658569336,0.7077694535255432,0.050354525446891785,0.5877065658569336,0.950381875038147,2739,hard,354.56147170066833
0.07401093095541,0.06442975997924805,0.00958117377012968,0.5700112581253052,0.3388879597187042,0.09581173956394196,0.8230549097061157,2740,hard,354.7440650463104
-0.1662413328886032,-0.20932459831237793,0.04308326169848442,0.5634486675262451,0.12217515707015991,0.4308326244354248,0.9503819942474365,2741,hard,354.886346578598
-0.7544311881065369,-0.927290678024292,0.17285947501659393,0.6738544702529907,0.196394145488739,1.7285947799682617,0.9503819942474365,2742,hard,355.02793407440186
-0.2106388807296753,-0.35115373134613037,0.14051485061645508,0.4890165328979492,0.341066837310791,1.4051485061645508,0.8230547308921814,2743,hard,355.1648178100586
-0.38649025559425354,-0.4277470111846924,0.04125676304101944,0.7736114263534546,0.15820491313934326,0.4125676155090332,0.9503816962242126,2744,hard,355.28506803512573
-0.6443189382553101,-0.8711752891540527,0.22685638070106506,0.6156938672065735,0.3740086853504181,2.268563747406006,0.8230549097061157,2745,hard,355.4299907684326
0.6007682085037231,-0.12315329909324646,0.7239214777946472,0.649789035320282,0.38321104645729065,7.2392144203186035,0.8230549097061157,2746,hard,355.58052277565
-0.7904454469680786,-0.9550642371177673,0.16461877524852753,0.8394455313682556,0.17848622798919678,1.6461877822875977,0.9503816962242126,2747,hard,355.6704189777374
-0.11269544064998627,-0.12561547756195068,0.012920036911964417,0.7682856321334839,0.18066655099391937,0.12920036911964417,0.9503815174102783,2748,hard,355.8741617202759
-0.12666717171669006,-0.17537224292755127,0.048705071210861206,0.7610451579093933,0.18819372355937958,0.48705071210861206,0.9503812789916992,2749,hard,356.0827753543854
-0.12925726175308228,-0.285711407661438,0.1564541459083557,0.6215929388999939,0.16495680809020996,1.5645414590835571,0.9503817558288574,2750,hard,356.2820589542389
0.06228068470954895,-0.19108831882476807,0.253369003534317,0.6173127889633179,0.11668717861175537,2.5336899757385254,0.9503818154335022,2751,hard,356.4404709339142
0.08371461927890778,0.07302212715148926,0.010692489333450794,0.7442265748977661,0.16565077006816864,0.10692489147186279,0.9503818154335022,2752,hard,356.62326836586
-0.2923879325389862,-0.40891051292419434,0.11652257293462753,0.4783897399902344,0.35618337988853455,1.1652257442474365,0.8230546712875366,2753,hard,356.79842042922974
0.03774692118167877,0.01667046546936035,0.02107645384967327,0.6080219745635986,0.23107334971427917,0.21076452732086182,0.9503815174102783,2754,hard,356.980788230896
-0.18184402585029602,-0.2452123761177063,0.06336835771799088,0.6689126491546631,0.1686703860759735,0.6336835622787476,0.9503814578056335,2755,hard,357.18554425239563
-0.012970291078090668,-0.07973575592041016,0.06676546484231949,0.57204270362854,0.24085424840450287,0.6676546335220337,0.9503815174102783,2756,hard,357.40194034576416
-0.15740738809108734,-0.20265546441078186,0.04524808004498482,0.6534136533737183,0.3852158486843109,0.4524807929992676,0.8230549097061157,2757,hard,357.5455729961395
-1.0400784015655518,-1.2081350088119507,0.1680566519498825,0.7643290758132935,0.24961386620998383,1.6805665493011475,0.9503819346427917,2758,hard,357.6250796318054
-0.02356070652604103,-0.06210672855377197,0.03854602202773094,0.3061619997024536,0.3326488137245178,0.3854601979255676,0.6720213890075684,2759,hard,357.8197557926178
-0.6328394412994385,-0.7598901987075806,0.12705078721046448,0.7042783498764038,0.24448621273040771,1.2705078125,0.823054850101471,2760,hard,357.9426062107086
-0.051788005977869034,-0.10820496082305908,0.05641695484519005,0.5711220502853394,0.13405254483222961,0.5641695261001587,0.950381875038147,2761,hard,358.14203119277954
-0.0354696661233902,-0.045726239681243896,0.010256572626531124,0.4257853031158447,0.2988545596599579,0.1025657206773758,0.8230547308921814,2762,hard,358.243750333786
-0.38412272930145264,-0.4185824692249298,0.03445973992347717,0.7644656300544739,0.06699709594249725,0.34459739923477173,0.9503818154335022,2763,hard,358.37815117836
-0.3263469934463501,-0.46393299102783203,0.13758601248264313,0.5014321208000183,0.29902130365371704,1.3758600950241089,0.8230547904968262,2764,hard,358.5874032974243
0.0833750069141388,0.06534337997436523,0.01803162507712841,0.5293713212013245,0.3518011271953583,0.1803162395954132,0.8230547308921814,2765,hard,358.72960662841797
-0.13131850957870483,-0.1691303253173828,0.03781181201338768,0.6511638760566711,0.18548351526260376,0.3781181275844574,0.9503815174102783,2766,hard,358.925005197525
1.3746442794799805,-0.031643033027648926,1.4062873125076294,0.7104248404502869,0.21253593266010284,14.062872886657715,0.9503816366195679,2767,hard,359.12921833992004
0.5804634094238281,0.1853560209274292,0.3951074182987213,0.42663025856018066,0.28143543004989624,3.9510741233825684,0.6720214486122131,2768,hard,359.2916295528412
-0.3540147840976715,-0.38412219285964966,0.030107418075203896,0.6310579776763916,0.38048216700553894,0.30107417702674866,0.8230549097061157,2769,hard,359.4754366874695
0.029209040105342865,-0.03946268558502197,0.06867172569036484,0.45314425230026245,0.4605179727077484,0.6867172718048096,0.6720214486122131,2770,hard,359.66122817993164
-0.02090296894311905,-0.08640515804290771,0.06550218909978867,0.6498280763626099,0.18920476734638214,0.6550218462944031,0.9503815770149231,2771,hard,359.8322093486786
-0.5075153708457947,-0.6437665224075317,0.13625113666057587,0.5281326770782471,0.35889938473701477,1.362511396408081,0.8230547904968262,2772,hard,360.0277030467987
2.3245222568511963,-0.2737753391265869,2.598297595977783,0.6074033379554749,0.2806968092918396,25.982975006103516,0.9503816366195679,2773,hard,360.21867060661316
0.46891871094703674,-0.33367642760276794,0.8025951385498047,0.5894849300384521,0.35048907995224,8.025951385498047,0.823054850101471,2774,hard,360.3337297439575
0.05812980979681015,0.029580414295196533,0.028549397364258766,0.4608555734157562,0.28939884901046753,0.28549396991729736,0.8230547308921814,2775,hard,360.4824323654175
-0.018116597086191177,-0.05425456166267395,0.03613796457648277,0.7391469478607178,0.119127556681633,0.3613796532154083,0.9503819346427917,2776,hard,360.5833797454834
-0.4266270399093628,-0.4432283043861389,0.016601253300905228,0.5547067523002625,0.351211816072464,0.16601252555847168,0.823054850101471,2777,hard,360.7170903682709
-0.012020949274301529,-0.045549869537353516,0.03352892026305199,0.5834333300590515,0.06025746092200279,0.3352891802787781,0.9503819346427917,2778,hard,360.8266417980194
-0.4035412073135376,-0.4803992509841919,0.0768580436706543,0.7165309190750122,0.09087812155485153,0.768580436706543,0.950381875038147,2779,hard,360.94772481918335
-0.21373876929283142,-0.28357362747192383,0.06983485072851181,0.8036402463912964,0.12138588726520538,0.6983485221862793,0.9503816962242126,2780,hard,361.109073638916
0.14652706682682037,0.12688344717025757,0.019643614068627357,0.7107722163200378,0.18129946291446686,0.19643613696098328,0.823054850101471,2781,hard,361.25996375083923
-0.0035455040633678436,-0.05441713333129883,0.050871629267930984,0.4039556384086609,0.34112319350242615,0.5087162852287292,0.8230547308921814,2782,hard,361.42627573013306
0.0270288847386837,-0.02591043710708618,0.05293932184576988,0.621705174446106,0.22048676013946533,0.529393196105957,0.9503812193870544,2783,hard,361.5374608039856
0.28393009305000305,0.21130108833312988,0.07262901216745377,0.5185680985450745,0.3224271535873413,0.7262901067733765,0.8230545520782471,2784,hard,361.74242305755615
-0.013114994391798973,-0.034061551094055176,0.020946556702256203,0.42415910959243774,0.27053478360176086,0.20946556329727173,0.823054850101471,2785,hard,361.9557523727417
-0.4125945568084717,-0.47715312242507935,0.06455856561660767,0.3509666919708252,0.36332041025161743,0.6455856561660767,0.6720214486122131,2786,hard,362.17461133003235
0.14109504222869873,0.08176517486572266,0.05932987481355667,0.6476879119873047,0.1777241975069046,0.5932987332344055,0.9503816962242126,2787,hard,362.35493302345276
0.14379096031188965,-0.21074652671813965,0.3545374870300293,0.4308803081512451,0.4387497305870056,3.545374870300293,0.6720213890075684,2788,hard,362.58924078941345
-0.3360012173652649,-0.36549854278564453,0.029497314244508743,0.7034175395965576,0.2387559562921524,0.29497313499450684,0.9503815770149231,2789,hard,362.77922105789185
-0.3610039949417114,-0.5187729597091675,0.15776896476745605,0.7052946090698242,0.2450435906648636,1.5776896476745605,0.9503813982009888,2790,hard,362.93672347068787
-0.1295763999223709,-0.2548087239265442,0.12523232400417328,0.4935222864151001,0.3167298436164856,1.2523231506347656,0.8230547904968262,2791,hard,363.04215812683105
-0.11967737972736359,-0.15166211128234863,0.031984731554985046,0.870247483253479,0.07963365316390991,0.31984731554985046,0.9503819346427917,2792,hard,363.15813183784485
0.09370338171720505,0.0015444755554199219,0.09215890616178513,0.6608636379241943,0.14588898420333862,0.9215890765190125,0.9503818154335022,2793,hard,363.37526845932007
0.6165079474449158,-0.26032304763793945,0.8768309950828552,0.744783878326416,0.18861058354377747,8.768309593200684,0.9503818154335022,2794,hard,363.5526165962219
-0.06769129633903503,-0.12222793698310852,0.054536640644073486,0.6515008211135864,0.38747766613960266,0.5453664064407349,0.8230549097061157,2795,hard,363.6847229003906
0.172244593501091,0.0434345006942749,0.1288100928068161,0.6292396783828735,0.16425181925296783,1.2881009578704834,0.9503815174102783,2796,hard,363.8785755634308
0.24570532143115997,0.13815677165985107,0.1075485497713089,0.5390958786010742,0.0857715830206871,1.0754854679107666,0.9503819346427917,2797,hard,364.0764739513397
475.43585205078125,-0.25620508193969727,475.6920471191406,0.5642991065979004,0.17121660709381104,4756.92041015625,0.9503816366195679,2798,hard,364.2615613937378
0.43025487661361694,0.3635948896408081,0.06665997952222824,0.7853343486785889,0.13804809749126434,0.6665997505187988,0.950381875038147,2799,hard,364.4499933719635
0.043738953769207,-0.04770749807357788,0.09144645184278488,0.6062011122703552,0.37070438265800476,0.91446453332901,0.8230546712875366,2800,hard,364.640248298645
3.324976921081543,-0.1761108636856079,3.5010879039764404,0.5957211852073669,0.3927375376224518,35.01087951660156,0.8230546712875366,2801,hard,364.8296549320221
0.237550750374794,0.08399248123168945,0.15355826914310455,0.599359929561615,0.15690194070339203,1.5355826616287231,0.823054850101471,2802,hard,365.00712299346924
-0.18696220219135284,-0.37190383672714233,0.1849416345357895,0.5401067733764648,0.3333110809326172,1.8494163751602173,0.823054850101471,2803,hard,365.15699458122253
0.0785868838429451,0.06588315963745117,0.012703721411526203,0.7150869965553284,0.240762859582901,0.12703721225261688,0.9503818154335022,2804,hard,365.2661008834839
0.11236807703971863,0.067757248878479,0.044610824435949326,0.7408512830734253,0.21933040022850037,0.44610822200775146,0.950381875038147,2805,hard,365.4222869873047
0.129505455493927,0.037716031074523926,0.09178941696882248,0.6524575352668762,0.07280509173870087,0.917894184589386,0.9503816962242126,2806,hard,365.59747433662415
0.26356810331344604,0.02303755283355713,0.2405305653810501,0.6377236247062683,0.05494958534836769,2.4053056240081787,0.8230549097061157,2807,hard,365.73623728752136
2.321877956390381,-0.03211510181427002,2.3539929389953613,0.5415116548538208,0.3281646966934204,23.539928436279297,0.8230549097061157,2808,hard,365.90520095825195
0.5872098207473755,-0.1548619270324707,0.7420717477798462,0.4845332205295563,0.35215404629707336,7.420717239379883,0.8230545520782471,2809,hard,366.0918564796448
-0.13540193438529968,-0.20051121711730957,0.06510929018259048,0.4576674699783325,0.2953038513660431,0.6510928869247437,0.823054850101471,2810,hard,366.21136379241943
-0.29539334774017334,-0.34146255254745483,0.04606921225786209,0.6613402366638184,0.18103227019309998,0.4606921076774597,0.9503817558288574,2811,hard,366.33164405822754
-0.1778000146150589,-0.20148664712905884,0.02368663251399994,0.46413761377334595,0.34790855646133423,0.2368663251399994,0.8230547904968262,2812,hard,366.4262421131134
0.017957434058189392,-0.07424986362457275,0.09220729768276215,0.6043260097503662,0.1516370326280594,0.9220729470252991,0.9503817558288574,2813,hard,366.56296730041504
-0.3630242943763733,-0.38993799686431885,0.02691369131207466,0.8347991704940796,0.06867484003305435,0.269136905670166,0.950381875038147,2814,hard,366.6657044887543
-0.09073507785797119,-0.1303691864013672,0.039634108543395996,0.7656236886978149,0.08327918499708176,0.39634108543395996,0.950381875038147,2815,hard,366.8322308063507
0.2020709067583084,0.0020766258239746094,0.1999942809343338,0.31847238540649414,0.36133527755737305,1.9999427795410156,0.9503815770149231,2816,hard,367.05633211135864
-0.23809173703193665,-0.34754425287246704,0.1094525083899498,0.6588401794433594,0.1924785077571869,1.0945250988006592,0.950381875038147,2817,hard,367.2013473510742
0.28311219811439514,0.07358694076538086,0.20952525734901428,0.3155646324157715,0.3465043902397156,2.095252513885498,0.9503815174102783,2818,hard,367.41238355636597
0.22732096910476685,0.11680018901824951,0.11052078008651733,0.4859718084335327,0.3233068883419037,1.1052078008651733,0.8230541944503784,2819,hard,367.632444858551
-0.5345776081085205,-0.5804741382598877,0.045896537601947784,0.4937707781791687,0.1316852569580078,0.45896536111831665,0.950381875038147,2820,hard,367.819872379303
-0.47978612780570984,-0.5301213264465332,0.050335194915533066,0.8398272395133972,0.10498396307229996,0.5033519268035889,0.9503816962242126,2821,hard,368.01582860946655
0.05228884518146515,-0.08517804741859436,0.1374668926000595,0.544562816619873,0.3652433753013611,1.374668836593628,0.823054850101471,2822,hard,368.1293435096741
-0.35100066661834717,-0.3806205987930298,0.029619945213198662,0.7404999136924744,0.21605674922466278,0.2961994409561157,0.950381875038147,2823,hard,368.3386797904968
-0.38211703300476074,-0.4320192337036133,0.049902185797691345,0.5333764553070068,0.38416728377342224,0.49902185797691345,0.8230546712875366,2824,hard,368.50682377815247
-0.22297605872154236,-0.25164878368377686,0.028672724962234497,0.6199974417686462,0.380494624376297,0.28672724962234497,0.8230547308921814,2825,hard,368.63109374046326
-0.5056232810020447,-0.5305826663970947,0.024959390982985497,0.7462571859359741,0.09842441231012344,0.24959391355514526,0.950381875038147,2826,hard,368.78739762306213
0.015956755727529526,-0.01681080460548401,0.032767560333013535,0.8167648911476135,0.08672010898590088,0.32767558097839355,0.9503819346427917,2827,hard,368.88800168037415
-0.02570287697017193,-0.046033263206481934,0.020330386236310005,0.6360430121421814,0.21219539642333984,0.20330385863780975,0.9503816962242126,2828,hard,368.99132800102234
-0.23211127519607544,-0.3194849491119385,0.08737366646528244,0.7943040132522583,0.13186585903167725,0.8737366199493408,0.9503818154335022,2829,hard,369.07672333717346
0.05814331769943237,-0.06657981872558594,0.12472313642501831,0.49695202708244324,0.2180635780096054,1.247231364250183,0.9503816962242126,2830,hard,369.28159618377686
0.01985156536102295,-0.13059711456298828,0.15044867992401123,0.502669632434845,0.3262144923210144,1.5044867992401123,0.8230543732643127,2831,hard,369.4461076259613
-0.1709720492362976,-0.5769789218902588,0.4060068726539612,0.7423605918884277,0.2621115446090698,4.060068607330322,0.9503816962242126,2832,hard,369.5862121582031
-0.4083423912525177,-0.48565173149108887,0.07730933278799057,0.759819746017456,0.15906131267547607,0.7730933427810669,0.9503816962242126,2833,hard,369.77575874328613
0.08370685577392578,-0.04675626754760742,0.1304631233215332,0.315608948469162,0.32114750146865845,1.304631233215332,0.6720213890075684,2834,hard,369.97269797325134
-0.25609153509140015,-0.3513231873512268,0.09523166716098785,0.34878087043762207,0.368880957365036,0.9523166418075562,0.6720214486122131,2835,hard,370.10149812698364
-0.5026427507400513,-0.5804267525672913,0.07778400927782059,0.7935922145843506,0.15756256878376007,0.7778400778770447,0.9503818154335022,2836,hard,370.25581455230713
-0.29433274269104004,-0.3834611773490906,0.08912844955921173,0.6643989682197571,0.22363339364528656,0.8912844657897949,0.9503819346427917,2837,hard,370.34228897094727
0.12658052146434784,-0.08037638664245605,0.2069569081068039,0.3335963785648346,0.27582061290740967,2.0695691108703613,0.8230547904968262,2838,hard,370.5667245388031
-0.4006173610687256,-0.4236224889755249,0.023005126044154167,0.7554523348808289,0.13458243012428284,0.23005124926567078,0.9503817558288574,2839,hard,370.77175784111023
0.07901487499475479,-0.027719497680664062,0.10673437267541885,0.5517700910568237,0.3473135828971863,1.0673437118530273,0.6720214486122131,2840,hard,370.9644613265991
2.0437674522399902,-0.6614563465118408,2.705223798751831,0.5803213119506836,0.34485238790512085,27.052236557006836,0.823054850101471,2841,hard,371.1391477584839
-0.1003321185708046,-0.1960594654083252,0.0957273468375206,0.7277806997299194,0.19076916575431824,0.9572734236717224,0.9503818154335022,2842,hard,371.29056668281555
-0.348407119512558,-0.3752567172050476,0.026849597692489624,0.7895033359527588,0.11246418952941895,0.26849597692489624,0.9503817558288574,2843,hard,371.4076843261719
-0.051580920815467834,-0.1327148675918579,0.08113394677639008,0.4160968065261841,0.42280107736587524,0.8113394379615784,0.6720215082168579,2844,hard,371.63808131217957
0.025200888514518738,-0.014705181121826172,0.03990606963634491,0.676701545715332,0.11752216517925262,0.3990606963634491,0.9503818154335022,2845,hard,371.82475996017456
-0.22096017003059387,-0.29718005657196045,0.07621988654136658,0.6466307044029236,0.15360741317272186,0.7621988654136658,0.9503816366195679,2846,hard,372.0217287540436
-0.6077908873558044,-0.6511554718017578,0.043364595621824265,0.8477928638458252,0.10382136702537537,0.43364596366882324,0.8230547308921814,2847,hard,372.14526295661926
-0.2628222703933716,-0.27837395668029785,0.01555169839411974,0.36309972405433655,0.3909137547016144,0.15551698207855225,0.6720214486122131,2848,hard,372.2677731513977
0.014840761199593544,-0.00023448467254638672,0.01507524587213993,0.7536673545837402,0.12629695236682892,0.150752454996109,0.9503819346427917,2849,hard,372.4003975391388
-0.5139751434326172,-0.569352388381958,0.055377233773469925,0.6752815246582031,0.17055891454219818,0.5537723302841187,0.9503818154335022,2850,hard,372.5458793640137
-0.29772377014160156,-0.3571817874908447,0.05945802852511406,0.7921002507209778,0.1357584148645401,0.5945802927017212,0.8230549097061157,2851,hard,372.67683148384094
-0.4096563160419464,-0.4711329936981201,0.06147666648030281,0.5690910816192627,0.3660494387149811,0.6147666573524475,0.8230547308921814,2852,hard,372.84164476394653
-0.16884483397006989,-0.33937549591064453,0.17053066194057465,0.48664984107017517,0.2949892580509186,1.7053065299987793,0.9503815174102783,2853,hard,373.0127284526825
0.2292727679014206,0.017380237579345703,0.2118925303220749,0.6047284603118896,0.3071911334991455,2.1189253330230713,0.9503815174102783,2854,hard,373.2092626094818
-0.24147002398967743,-0.29386186599731445,0.052391838282346725,0.7484117746353149,0.10642442107200623,0.5239183902740479,0.9503818154335022,2855,hard,373.4085268974304
-0.42236900329589844,-0.4888317584991455,0.06646276265382767,0.6166306138038635,0.21623234450817108,0.6646276116371155,0.9503818154335022,2856,hard,373.5795123577118
-0.8067353963851929,-0.9030137062072754,0.09627830982208252,0.8254756927490234,0.1998784989118576,0.9627830982208252,0.9503818154335022,2857,hard,373.7380883693695
0.14868073165416718,0.10945343971252441,0.03922729566693306,0.7721849083900452,0.18256866931915283,0.39227294921875,0.9503819346427917,2858,hard,373.8930206298828
-0.540088951587677,-0.578362226486206,0.03827326372265816,0.6959824562072754,0.07139597833156586,0.382732629776001,0.9503819942474365,2859,hard,374.0107259750366
-0.22344748675823212,-0.2402019500732422,0.01675446331501007,0.5980747938156128,0.4630358815193176,0.1675446331501007,0.9503816962242126,2860,hard,374.1558358669281
-0.4540393352508545,-0.5305513143539429,0.07651197910308838,0.7864865064620972,0.08479566872119904,0.7651197910308838,0.9503818154335022,2861,hard,374.288800239563
0.031046532094478607,-0.05470538139343262,0.08575191348791122,0.43533632159233093,0.13538075983524323,0.8575191497802734,0.950381875038147,2862,hard,374.4891662597656
0.26868894696235657,0.23286384344100952,0.03582511469721794,0.7835238575935364,0.17017680406570435,0.35825115442276,0.9503818154335022,2863,hard,374.6543655395508
-0.06935831904411316,-0.1450122892856598,0.07565397024154663,0.6648818850517273,0.11711044609546661,0.7565397024154663,0.9503817558288574,2864,hard,374.790495634079
-0.2718546986579895,-0.4355020821094513,0.1636473685503006,0.7762218713760376,0.14179833233356476,1.6364736557006836,0.9503818154335022,2865,hard,374.98031783103943
-0.42073383927345276,-0.44237542152404785,0.02164158783853054,0.6623935699462891,0.39668008685112,0.2164158821105957,0.8230549097061157,2866,hard,375.0714964866638
-0.376753032207489,-0.5817431211471558,0.20499010384082794,0.5028233528137207,0.34231945872306824,2.049901008605957,0.8230547308921814,2867,hard,375.2875626087189
-0.45123088359832764,-0.5506597757339478,0.09942889213562012,0.710918664932251,0.2656695544719696,0.9942889213562012,0.9503816366195679,2868,hard,375.45752477645874
0.29198694229125977,0.19327688217163086,0.09871005266904831,0.5860984921455383,0.12089501321315765,0.9871005415916443,0.9503818154335022,2869,hard,375.6438772678375
0.12122353166341782,0.07199430465698242,0.049229227006435394,0.5298860669136047,0.38711220026016235,0.49229225516319275,0.8230546116828918,2870,hard,375.8018407821655
-0.15319962799549103,-0.17514806985855103,0.02194843627512455,0.8223192691802979,0.12289514392614365,0.2194843590259552,0.9503816962242126,2871,hard,375.9985411167145
-0.6314687132835388,-0.6613496541976929,0.029880959540605545,0.6395008563995361,0.2255890965461731,0.29880958795547485,0.9503816962242126,2872,hard,376.12273716926575
-0.19256451725959778,-0.22584247589111328,0.0332779660820961,0.718665361404419,0.07665235549211502,0.3327796459197998,0.9503819346427917,2873,hard,376.2748613357544
0.12299330532550812,0.10996419191360474,0.01302911527454853,0.6846259832382202,0.25462421774864197,0.130291149020195,0.9503816962242126,2874,hard,376.3970105648041
-0.033104997128248215,-0.07913756370544434,0.04603256657719612,0.7963994145393372,0.11544553190469742,0.4603256583213806,0.9503819346427917,2875,hard,376.54096388816833
0.045085467398166656,0.016208410263061523,0.028877055272459984,0.7683993577957153,0.15390972793102264,0.28877055644989014,0.950381875038147,2876,hard,376.67260217666626
-0.22544515132904053,-0.34481191635131836,0.11936675757169724,0.6225795149803162,0.23713882267475128,1.1936675310134888,0.9503816366195679,2877,hard,376.84825706481934
0.15121814608573914,0.015830397605895996,0.13538774847984314,0.5153157711029053,0.3924606442451477,1.3538774251937866,0.8230545520782471,2878,hard,377.00529980659485
-0.5245165228843689,-0.5546777844429016,0.030161261558532715,0.6379401087760925,0.38035887479782104,0.30161261558532715,0.8230549097061157,2879,hard,377.12034845352173
-0.21339401602745056,-0.6660168170928955,0.45262280106544495,0.36422550678253174,0.40321338176727295,4.526227951049805,0.6720214486122131,2880,hard,377.34988045692444
-0.32187119126319885,-0.4236886501312256,0.10181746631860733,0.5984787940979004,0.3671140670776367,1.018174648284912,0.8230547308921814,2881,hard,377.5289363861084
-0.101926788687706,-0.11222586035728455,0.010299071669578552,0.5681172013282776,0.35342544317245483,0.10299071669578552,0.823054850101471,2882,hard,377.6488173007965
0.08796809613704681,0.03112339973449707,0.05684470012784004,0.5716395974159241,0.20198042690753937,0.5684469938278198,0.9503816962242126,2883,hard,377.81907415390015
0.9758940935134888,-0.030925512313842773,1.0068196058273315,0.5439426302909851,0.33648020029067993,10.068195343017578,0.823054850101471,2884,hard,378.0259506702423
0.09035482257604599,0.08261513710021973,0.007739686872810125,0.6092773675918579,0.2622576653957367,0.07739686965942383,0.9503820538520813,2885,hard,378.22409868240356
0.1802387833595276,0.07560896873474121,0.10462981462478638,0.1614311784505844,0.38590481877326965,1.0462981462478638,0.6720214486122131,2886,hard,378.4148690700531
0.09642757475376129,-0.07889014482498169,0.17531771957874298,0.7378044128417969,0.1675601601600647,1.7531771659851074,0.9503818154335022,2887,hard,378.61689019203186
-0.0017678691074252129,-0.0142226442694664,0.012454775162041187,0.8738203644752502,0.10687340795993805,0.12454774975776672,0.6720212697982788,2888,hard,378.7886734008789
-0.012555168941617012,-0.03820091485977173,0.025645745918154716,0.5936098694801331,0.17226916551589966,0.25645744800567627,0.9503818154335022,2889,hard,378.9090437889099
-0.09241640567779541,-0.1251215934753418,0.03270518407225609,0.6020908951759338,0.1303805261850357,0.3270518481731415,0.950381338596344,2890,hard,379.122341632843
0.025589611381292343,-0.006866276264190674,0.03245588764548302,0.7287743091583252,0.046359021216630936,0.32455888390541077,0.950381875038147,2891,hard,379.257915019989
-0.0405237153172493,-0.05963921546936035,0.019115498289465904,0.7002870440483093,0.183359295129776,0.19115498661994934,0.8230544328689575,2892,hard,379.4316656589508
0.14184436202049255,0.07160544395446777,0.07023891806602478,0.2787051796913147,0.3098021447658539,0.7023891806602478,0.672021210193634,2893,hard,379.5726864337921
-0.12265128642320633,-0.16574257612228394,0.043091289699077606,0.7369498014450073,0.1767168641090393,0.43091288208961487,0.823054850101471,2894,hard,379.74471974372864
0.05310869961977005,-0.007756710052490234,0.060865409672260284,0.5812833905220032,0.19539152085781097,0.6086540818214417,0.8230539560317993,2895,hard,379.94343638420105
0.14072930812835693,0.07118678092956543,0.06954251974821091,0.6992107629776001,0.23702093958854675,0.6954252123832703,0.9503812789916992,2896,hard,380.1430859565735
0.04173795133829117,-0.023732900619506836,0.065470851957798,0.612339973449707,0.12119310349225998,0.6547085046768188,0.9503818154335022,2897,hard,380.3224263191223
-0.5516135692596436,-0.8305611610412598,0.2789475917816162,0.5231292843818665,0.3743370771408081,2.789475917816162,0.823054850101471,2898,hard,380.5179834365845
-0.058784082531929016,-0.18422675132751465,0.12544266879558563,0.8107572793960571,0.10676196962594986,1.2544267177581787,0.950381875038147,2899,hard,380.67943477630615
-0.19566814601421356,-0.27482032775878906,0.0791521817445755,0.4498805105686188,0.3310013711452484,0.7915217876434326,0.8230545520782471,2900,hard,380.8681592941284
0.12833060324192047,0.0706566572189331,0.05767394229769707,0.4362597167491913,0.2622298300266266,0.5767394304275513,0.823054850101471,2901,hard,381.0386075973511
-0.5102595090866089,-0.6868482828140259,0.1765887439250946,0.23089078068733215,0.40657860040664673,1.7658873796463013,0.4751909673213959,2902,hard,381.20309710502625
-0.0789421945810318,-0.11542270332574844,0.036480505019426346,0.6302641034126282,0.37489375472068787,0.36480504274368286,0.8230547904968262,2903,hard,381.3664903640747
0.3613065481185913,-0.11060726642608643,0.47191381454467773,0.28493422269821167,0.32404592633247375,4.719138145446777,0.6720213294029236,2904,hard,381.5768389701843
-0.5149979591369629,-0.525425910949707,0.01042794156819582,0.8623735904693604,0.09051094949245453,0.10427941381931305,0.9503819346427917,2905,hard,381.6807813644409
0.26509055495262146,0.1979835033416748,0.06710705906152725,0.5915594100952148,0.4434428811073303,0.6710705757141113,0.9503816962242126,2906,hard,381.81210064888
0.26014116406440735,0.2371673583984375,0.0229738038033247,0.6361786127090454,0.0820557177066803,0.2297380268573761,0.9503819942474365,2907,hard,381.95123314857483
1.6939852237701416,-0.3583817481994629,2.0523669719696045,0.47844353318214417,0.3401485085487366,20.523670196533203,0.8230546116828918,2908,hard,382.16271352767944
0.007126949727535248,-0.06950560957193375,0.076632559299469,0.5348417162895203,0.36273467540740967,0.7663255929946899,0.8230549097061157,2909,hard,382.3217809200287
-0.2876546084880829,-0.4109871983528137,0.12333258241415024,0.6808553338050842,0.17850416898727417,1.2333258390426636,0.9503816962242126,2910,hard,382.4859399795532
-0.9637601971626282,-0.9826302528381348,0.018870044499635696,0.5939957499504089,0.24051398038864136,0.18870043754577637,0.9503817558288574,2911,hard,382.66061782836914
-0.5027207136154175,-0.7869105339050293,0.2841898500919342,0.7192843556404114,0.24017192423343658,2.8418984413146973,0.9503818154335022,2912,hard,382.8560199737549
-0.325959712266922,-0.37600380182266235,0.05004409700632095,0.7640372514724731,0.18395432829856873,0.5004409551620483,0.9503816962242126,2913,hard,383.01865434646606
-0.13948602974414825,-0.18610620498657227,0.04662017524242401,0.7235615253448486,0.1507183164358139,0.4662017524242401,0.9503818154335022,2914,hard,383.16957998275757
-0.41046229004859924,-0.44161760807037354,0.031155318021774292,0.7581671476364136,0.09689191728830338,0.3115531802177429,0.950381875038147,2915,hard,383.31747364997864
0.07838095724582672,0.03708505630493164,0.04129590466618538,0.743299663066864,0.11470003426074982,0.4129590392112732,0.9503818154335022,2916,hard,383.48194003105164
-0.2999580502510071,-0.3079596757888794,0.00800163485109806,0.8585255146026611,0.07538685947656631,0.08001634478569031,0.950381875038147,2917,hard,383.67460775375366
-0.6070833802223206,-0.6281367540359497,0.02105335146188736,0.8886916041374207,0.03634246811270714,0.2105335146188736,0.950381875038147,2918,hard,383.82587003707886
0.30908456444740295,0.2936897277832031,0.015394836664199829,0.6241476535797119,0.24131296575069427,0.1539483666419983,0.9503818154335022,2919,hard,384.0424871444702
-0.02484508603811264,-0.0652780830860138,0.040432997047901154,0.37096384167671204,0.3799368441104889,0.40432995557785034,0.6720214486122131,2920,hard,384.2201135158539
-0.6193726062774658,-0.6418591737747192,0.022486591711640358,0.8059141039848328,0.22498366236686707,0.22486591339111328,0.9503817558288574,2921,hard,384.32498145103455
1.0062925815582275,-0.06337785720825195,1.0696704387664795,0.7152856588363647,0.2471042424440384,10.696703910827637,0.9503816962242126,2922,hard,384.4575662612915
-0.5746222734451294,-0.6015079021453857,0.026885613799095154,0.6412917971611023,0.28803521394729614,0.26885613799095154,0.9503816962242126,2923,hard,384.6308696269989
-0.07519545406103134,-0.09686136245727539,0.0216659102588892,0.4842362403869629,0.29635199904441833,0.21665909886360168,0.823054850101471,2924,hard,384.74831652641296
0.7223281860351562,0.021740049123764038,0.7005881667137146,0.4493105411529541,0.2882155776023865,7.005881309509277,0.823054850101471,2925,hard,384.9105498790741
-0.8603047728538513,-0.892928957939148,0.03262418136000633,0.8498199582099915,0.08357173204421997,0.32624179124832153,0.950381875038147,2926,hard,385.0994665622711
-0.40563008189201355,-0.43202096223831177,0.026390885934233665,0.7369095683097839,0.15403874218463898,0.26390886306762695,0.9503818154335022,2927,hard,385.2624933719635
-0.28688305616378784,-0.3963741660118103,0.10949110984802246,0.5747391581535339,0.4109358787536621,1.0949110984802246,0.8230547904968262,2928,hard,385.44495368003845
0.15356844663619995,0.11541008949279785,0.0381583571434021,0.3904690444469452,0.4844488799571991,0.381583571434021,0.8230549097061157,2929,hard,385.6761476993561
-0.08028611540794373,-0.2255864143371582,0.14530029892921448,0.3265545070171356,0.33193615078926086,1.4530029296875,0.6720215082168579,2930,hard,385.8920078277588
26.83861541748047,-0.02392178773880005,26.862537384033203,0.40239086747169495,0.40918684005737305,268.6253662109375,0.6720215082168579,2931,hard,386.0891044139862
0.14781829714775085,0.10782158374786377,0.03999670594930649,0.7725973129272461,0.13004820048809052,0.3999670445919037,0.9503816962242126,2932,hard,386.2280180454254
-0.12790368497371674,-0.13253328204154968,0.004629600327461958,0.8574254512786865,0.06894025951623917,0.046296004205942154,0.9503821730613708,2933,hard,386.329461812973
0.1493784785270691,0.036096543073654175,0.11328194290399551,0.8424569964408875,0.11040303856134415,1.132819414138794,0.950381875038147,2934,hard,386.4943084716797
-0.3295193314552307,-0.557401180267334,0.22788186371326447,0.5756133198738098,0.34945806860923767,2.2788186073303223,0.8230547904968262,2935,hard,386.6653356552124
0.11948001384735107,0.08862239122390747,0.030857620760798454,0.6166491508483887,0.37585780024528503,0.30857619643211365,0.8230547904968262,2936,hard,386.8341829776764
-0.048429593443870544,-0.11438369750976562,0.06595410406589508,0.7529234290122986,0.19778431951999664,0.6595410108566284,0.9503813982009888,2937,hard,387.03448605537415
0.15145918726921082,-0.0009851455688476562,0.15244433283805847,0.5198402404785156,0.351665735244751,1.52444326877594,0.8230549097061157,2938,hard,387.23712849617004
0.015027560293674469,-0.07014083862304688,0.08516839891672134,0.7138254642486572,0.13263192772865295,0.8516839742660522,0.9503818154335022,2939,hard,387.37975788116455
-0.9287751913070679,-1.0051358938217163,0.07636071741580963,0.7276960611343384,0.25766870379447937,0.7636071443557739,0.9503816962242126,2940,hard,387.5600779056549
0.07710883766412735,-0.022558927536010742,0.09966776520013809,0.30467379093170166,0.44256237149238586,0.9966776371002197,0.8230541944503784,2941,hard,387.7865512371063
-0.4598286747932434,-0.4956400990486145,0.0358114130795002,0.782214879989624,0.18814848363399506,0.3581141233444214,0.8230550289154053,2942,hard,387.9296214580536
-0.07385909557342529,-0.24679648876190186,0.17293739318847656,0.4354155659675598,0.5294461846351624,1.7293739318847656,0.8230547308921814,2943,hard,388.1812767982483
-0.7812433242797852,-0.8096544742584229,0.028411179780960083,0.8927038908004761,0.06296953558921814,0.28411179780960083,0.950381875038147,2944,hard,388.255877494812
-0.24917104840278625,-0.2547488212585449,0.005577768199145794,0.8062798380851746,0.07978565990924835,0.05577768012881279,0.9503818154335022,2945,hard,388.40583205223083
0.15567521750926971,-0.05623364448547363,0.21190886199474335,0.5444238781929016,0.3409808576107025,2.119088649749756,0.8230544924736023,2946,hard,388.5825788974762
15.660467147827148,-0.36824214458465576,16.028709411621094,0.43955451250076294,0.5296237468719482,160.28709411621094,0.8230546712875366,2947,hard,388.77569007873535
-0.11613252758979797,-0.19577515125274658,0.07964262366294861,0.43800413608551025,0.3069196939468384,0.7964262366294861,0.8230546712875366,2948,hard,388.894229888916
-0.22340388596057892,-0.3895277976989746,0.1661239117383957,0.6823917627334595,0.2466001808643341,1.6612391471862793,0.9503818154335022,2949,hard,389.0532248020172
0.0766572505235672,0.033524274826049805,0.043132979422807693,0.6520344614982605,0.13724935054779053,0.43132978677749634,0.950381875038147,2950,hard,389.2036533355713
0.15862050652503967,0.026518702507019043,0.13210180401802063,0.3487622141838074,0.378196656703949,1.3210179805755615,0.6720212697982788,2951,hard,389.4159243106842
0.08386337012052536,0.0381813645362854,0.04568200558423996,0.42696619033813477,0.29881277680397034,0.4568200409412384,0.823054850101471,2952,hard,389.5365345478058
-0.4788682460784912,-0.509398341178894,0.030530083924531937,0.8009180426597595,0.19379021227359772,0.30530083179473877,0.9503816962242126,2953,hard,389.6483054161072
0.014661028981208801,-0.10001373291015625,0.11467476189136505,0.7575526833534241,0.1030261442065239,1.1467475891113281,0.9503816962242126,2954,hard,389.8272194862366
5.568912029266357,0.24543917179107666,5.32347297668457,0.5444113612174988,0.3551812469959259,53.2347297668457,0.6720213890075684,2955,hard,389.95351815223694
0.10984786599874496,0.009559810161590576,0.10028805583715439,0.6822531223297119,0.17444844543933868,1.002880573272705,0.9503818154335022,2956,hard,390.1503393650055
-0.2641094923019409,-0.3562368154525757,0.09212733805179596,0.7229022979736328,0.181242436170578,0.9212733507156372,0.9503819346427917,2957,hard,390.3058705329895
0.08398230373859406,0.02885746955871582,0.055124830454587936,0.7290260195732117,0.20248186588287354,0.55124831199646,0.9503813982009888,2958,hard,390.44499945640564
-0.04034559428691864,-0.12296342849731445,0.08261783421039581,0.4624614417552948,0.29739975929260254,0.8261783123016357,0.8230546116828918,2959,hard,390.5907483100891
0.06789496541023254,-0.09270620346069336,0.1606011688709259,0.4327922463417053,0.30588498711586,1.6060116291046143,0.8230545520782471,2960,hard,390.76816487312317
-0.42907801270484924,-0.5251102447509766,0.09603223949670792,0.26439255475997925,0.29548344016075134,0.960322380065918,0.6720213294029236,2961,hard,390.9980194568634
-0.11069412529468536,-0.2705485224723816,0.15985439717769623,0.38080060482025146,0.3150976300239563,1.5985440015792847,0.8230547308921814,2962,hard,391.1089165210724
0.2827273905277252,0.16359597444534302,0.1191314086318016,0.48281675577163696,0.31071189045906067,1.1913141012191772,0.8230549097061157,2963,hard,391.28582787513733
0.23206573724746704,-0.034964799880981445,0.2670305371284485,0.47477295994758606,0.2989981174468994,2.6703052520751953,0.8230547308921814,2964,hard,391.4889831542969
0.5663677453994751,0.14285928010940552,0.4235084652900696,0.4165796637535095,0.4237075746059418,4.235084533691406,0.6720214486122131,2965,hard,391.6642851829529
0.24696286022663116,0.19885754585266113,0.04810531064867973,0.5540205240249634,0.434077650308609,0.48105311393737793,0.8230546116828918,2966,hard,391.7854597568512
0.01109311357140541,-0.02494990825653076,0.03604302182793617,0.7698308825492859,0.10871201008558273,0.36043021082878113,0.9503818154335022,2967,hard,391.937269449234
0.034142136573791504,-0.16942930221557617,0.20357143878936768,0.4071912169456482,0.2729701101779938,2.0357143878936768,0.8230547308921814,2968,hard,392.10939598083496
0.32368582487106323,-0.21413516998291016,0.5378209948539734,0.443965882062912,0.24568964540958405,5.378209590911865,0.9503815770149231,2969,hard,392.32718873023987
-0.11130978167057037,-0.13695180416107178,0.025642026215791702,0.3380816876888275,0.3785271644592285,0.2564202547073364,0.672021210193634,2970,hard,392.40649366378784
-0.14218121767044067,-0.2614717483520508,0.11929053068161011,0.524604320526123,0.34290072321891785,1.192905306816101,0.8230545520782471,2971,hard,392.6148536205292
-0.5828858613967896,-0.7452998161315918,0.16241398453712463,0.6753021478652954,0.11875062435865402,1.6241397857666016,0.950381875038147,2972,hard,392.79770135879517
-0.2393849492073059,-0.3573177456855774,0.11793278902769089,0.6617393493652344,0.20463310182094574,1.1793278455734253,0.9503818154335022,2973,hard,392.99013781547546
-1.7630417346954346,-1.8261823654174805,0.06314068287611008,0.8927795886993408,0.045852337032556534,0.6314067840576172,0.9503819346427917,2974,hard,393.0991122722626
-0.22788146138191223,-0.321042537689209,0.09316106885671616,0.6063417196273804,0.38372358679771423,0.9316107034683228,0.8230546712875366,2975,hard,393.27725195884705
0.028649214655160904,0.012890219688415527,0.015758994966745377,0.8774838447570801,0.07610980421304703,0.15758994221687317,0.950381875038147,2976,hard,393.4083409309387
0.14643536508083344,-0.10167479515075684,0.24811016023159027,0.5332136750221252,0.3342095911502838,2.4811015129089355,0.8230547308921814,2977,hard,393.57938742637634
-0.06923128664493561,-0.22407078742980957,0.15483950078487396,0.5463666915893555,0.3547593951225281,1.5483949184417725,0.8230541348457336,2978,hard,393.77451038360596
-0.06957376003265381,-0.18515968322753906,0.11558592319488525,0.552293062210083,0.33546966314315796,1.1558592319488525,0.8230549097061157,2979,hard,393.97398924827576
-0.26621150970458984,-0.2904345989227295,0.024223078042268753,0.5728879570960999,0.4475559890270233,0.24223077297210693,0.9503814578056335,2980,hard,394.1495659351349
-0.05289480462670326,-0.07682228088378906,0.0239274762570858,0.7334765195846558,0.20621450245380402,0.2392747551202774,0.9503816366195679,2981,hard,394.3062171936035
-0.07087373733520508,-0.2979137897491455,0.22704005241394043,0.46076422929763794,0.3147943317890167,2.2704005241394043,0.8230547904968262,2982,hard,394.51384711265564
-0.09032425284385681,-0.1394616663455963,0.0491374172270298,0.8728113770484924,0.05129589885473251,0.4913741648197174,0.950381875038147,2983,hard,394.70670223236084
0.19149746000766754,-0.03807741403579712,0.22957487404346466,0.262037068605423,0.26641255617141724,2.295748710632324,0.6720215082168579,2984,hard,394.8804233074188
0.03302609920501709,-0.005163848400115967,0.03818994760513306,0.898446261882782,0.08751901984214783,0.38189947605133057,0.8230547308921814,2985,hard,395.03518748283386
0.07468444108963013,-0.09572309255599976,0.17040753364562988,0.6860781311988831,0.2048715204000473,1.7040753364562988,0.9503815770149231,2986,hard,395.198029756546
0.01206536777317524,-0.007506728172302246,0.019572095945477486,0.668505847454071,0.2521377205848694,0.19572095572948456,0.9503818154335022,2987,hard,395.3938431739807
0.11660513281822205,-0.03758901357650757,0.15419414639472961,0.8614671230316162,0.11016537994146347,1.5419414043426514,0.8230547904968262,2988,hard,395.58416271209717
-0.3427037298679352,-0.3929934501647949,0.05028973147273064,0.6957138776779175,0.26206424832344055,0.502897322177887,0.9503817558288574,2989,hard,395.7467932701111
0.10576103627681732,-0.0647348165512085,0.17049585282802582,0.3616848886013031,0.3961990475654602,1.704958438873291,0.672021210193634,2990,hard,395.9905540943146
-0.03633605316281319,-0.07030832767486572,0.033972274512052536,0.6974735260009766,0.1972499042749405,0.33972272276878357,0.9503816366195679,2991,hard,396.1745250225067
-0.051269859075546265,-0.08051413297653198,0.02924427203834057,0.5807299613952637,0.34990406036376953,0.2924427092075348,0.8230549097061157,2992,hard,396.3075044155121
-0.14605623483657837,-0.23174512386322021,0.08568888157606125,0.5992875695228577,0.3861977159976959,0.8568888306617737,0.8230540752410889,2993,hard,396.5383403301239
-0.5793797969818115,-0.5855153203010559,0.006135506089776754,0.6588071584701538,0.3964034914970398,0.06135506182909012,0.8230549097061157,2994,hard,396.7788553237915
-0.6515739560127258,-0.708401083946228,0.0568271279335022,0.5650678873062134,0.3494650721549988,0.568271279335022,0.8230547308921814,2995,hard,396.9592967033386
0.5163573622703552,-0.06335830688476562,0.5797156691551208,0.1707598865032196,0.17542928457260132,5.79715633392334,0.6720214486122131,2996,hard,397.16060972213745
-0.8116193413734436,-0.8206696510314941,0.009050331078469753,0.7211167216300964,0.22327971458435059,0.09050330519676208,0.9503818154335022,2997,hard,397.29813742637634
0.1116776093840599,0.09673434495925903,0.014943266287446022,0.6267407536506653,0.18875303864479065,0.14943265914916992,0.9503816962242126,2998,hard,397.4078583717346
-0.2802087664604187,-0.29635047912597656,0.016141727566719055,0.8034477233886719,0.12574182450771332,0.16141727566719055,0.9503816366195679,2999,hard,397.5832567214966
