loss,pg_loss,kl_loss,reward_mean,reward_std,kl_mean,advantage_std,step,elapsed
-0.8216860294342041,-0.8216860294342041,0.0,0.5673929043114185,0.17045816592872143,0.0,0.7674624919891357,0,7.907197713851929
-1.0297613963484764,-1.0358643680810928,0.006102948675106745,0.510416142642498,0.22523433156311512,0.061029486590996385,0.8215414434671402,1,15.201706886291504
-3.082577921450138,-3.0898976027965546,0.007319591037230566,0.5193203240633011,0.23416107892990112,0.07319591008126736,0.8215414434671402,2,22.405548334121704
-5.077533662319183,-5.093558639287949,0.016025098622776568,0.45580072421580553,0.2935834750533104,0.16025098226964474,0.7674623876810074,3,29.83844232559204
-4.317840278148651,-4.328841537237167,0.011001310573192313,0.3498058281838894,0.216183228418231,0.11001310311257839,0.725966215133667,4,37.007164478302
-4.708628058433533,-4.733352959156036,0.024725015508010983,0.7913188487291336,0.2570429127663374,0.24725013971328735,0.9045339822769165,5,44.3782594203949
-2.880291134119034,-3.0528912246227264,0.17260010028257966,0.45516241528093815,0.21736865118145943,1.7260009422898293,0.7674624770879745,6,51.627485513687134
-2.159280025633052,-2.2401744425296783,0.08089435892179608,0.38908880576491356,0.2977392375469208,0.8089435659348965,0.6369041800498962,7,58.94619011878967
-0.1148325726389885,-0.1332610622048378,0.018428503506584093,0.46915271133184433,0.3339870385825634,0.18428503413451836,0.7674623876810074,8,66.1264157295227
-0.7484026998281479,-0.8223521411418915,0.07394942990504205,0.37349598854780197,0.11636165156960487,0.7394943051040173,0.7133834511041641,9,73.51327013969421
-4.364392340183258,-4.449566602706909,0.08517432771623135,0.5933876149356365,0.23713136091828346,0.851743258535862,0.863037720322609,10,81.10780024528503
-1.9803020432591438,-2.0515021681785583,0.0712001295760274,0.4205526113510132,0.19819812010973692,0.7120012938976288,0.7800451815128326,11,88.18068647384644
-0.19818835629848763,-0.30710892379283905,0.10892056004377082,0.22975269332528114,0.15538393147289753,1.0892055854201317,0.4998327046632767,12,95.37539529800415
1.0657543257111683,1.0365250911563635,0.029229192179627717,0.22682536579668522,0.23612545058131218,0.2922919150441885,0.5539117306470871,13,102.65050292015076
-6.145489498972893,-6.197912782430649,0.05242330580949783,0.39904775097966194,0.2550850249826908,0.5242330506443977,0.7800451964139938,14,110.32238268852234
-3.6915886104106903,-3.7517319917678833,0.060143403708934784,0.8436577320098877,0.18632986769080162,0.6014340072870255,0.8630377501249313,15,117.38020372390747
0.2104689972475171,0.1666726265102625,0.043796432204544544,0.6069690641015768,0.1926539782434702,0.4379643201828003,0.7674625068902969,16,124.8558406829834
-4.2503600381314754,-4.314623596146703,0.06426359293982387,0.6306464038789272,0.26396865770220757,0.6426358968019485,0.8089587241411209,17,132.1403169631958
0.061786383390426636,0.02292335033416748,0.03886307659558952,0.5363508947193623,0.24648689851164818,0.388630760833621,0.821541428565979,18,139.68264889717102
-3.8721177726984024,-3.9344025552272797,0.0622847571503371,0.3978688009083271,0.27900955453515053,0.622847568243742,0.7385489046573639,19,147.4079098701477
0.027199409902095795,0.0059541016817092896,0.02124536340124905,0.4205056354403496,0.21905727498233318,0.21245362609624863,0.7674624919891357,20,155.04225897789001
-6.078054219484329,-6.120544850826263,0.04249059350695461,0.49925986863672733,0.23581389896571636,0.42490593157708645,0.7674624919891357,21,162.69586825370789
-1.842968299984932,-1.873408481478691,0.030440133064985275,0.45331550389528275,0.22734706103801727,0.30440132692456245,0.7800452262163162,22,170.11362671852112
2.015789270401001,1.2443223297595978,0.7714669764973223,0.5343710891902447,0.2501269578933716,7.714669398963451,0.8215414583683014,23,177.93682408332825
-3.930424690246582,-3.9725602567195892,0.042135508731007576,0.2680091541260481,0.17612158507108688,0.4213550789281726,0.6718871891498566,24,184.9983913898468
0.8631595373153687,0.31981292366981506,0.5433466834947467,0.6192875504493713,0.29229671135544777,5.433466751128435,0.8630377650260925,25,192.41648483276367
-2.3911482393741608,-2.459695130586624,0.0685469190357253,0.7412871718406677,0.1982300579547882,0.685469183139503,0.8630377650260925,26,199.7001359462738
-3.7914100289344788,-3.90743151307106,0.11602161568589509,0.765490785241127,0.32774000614881516,1.1602160930633545,0.9045340716838837,27,207.03336644172668
0.8003363162279129,0.753144770860672,0.04719161195680499,0.5400214865803719,0.22065887972712517,0.471916101872921,0.8215413987636566,28,214.80137825012207
-1.6956521272659302,-1.760093316435814,0.06444122805260122,0.36553217098116875,0.2548241503536701,0.6444122660905123,0.7800451666116714,29,222.276615858078
-1.4441530257463455,-1.49344140291214,0.049288406036794186,0.5336079262197018,0.3067043498158455,0.4928840473294258,0.7674625217914581,30,229.48506546020508
-1.4809805154800415,-1.5229251980781555,0.041944722179323435,0.637846939265728,0.32930297404527664,0.4194472171366215,0.767462432384491,31,236.59870314598083
-6.159349203109741,-6.228795617818832,0.06944632763043046,0.5445028617978096,0.2724774405360222,0.6944632455706596,0.7800451368093491,32,244.12732362747192
-0.9629335342906415,-0.9962857766076922,0.03335225663613528,0.5693305842578411,0.24000474251806736,0.3335225488990545,0.8089587539434433,33,251.45873594284058
-3.2341491132974625,-3.2936856746673584,0.059536504093557596,0.4200537819415331,0.21567947417497635,0.5953650213778019,0.7259661704301834,34,258.79627108573914
-3.0798369497060776,-3.185737408697605,0.10590041021350771,0.37905656918883324,0.21290549635887146,1.0590040907263756,0.7800451666116714,35,266.0498101711273
2.161504319345113,2.1465333998203278,0.014970877906307578,0.34888049587607384,0.21645093709230423,0.14970877766609192,0.5413289964199066,36,273.08596873283386
-3.248130142688751,-3.316199243068695,0.06806903053075075,0.6705175563693047,0.2626173086464405,0.6806902810931206,0.8630377054214478,37,280.6122908592224
-1.0503105819225311,-1.1028693467378616,0.05255876900628209,0.4656383693218231,0.1990164816379547,0.5255876891314983,0.8215414881706238,38,288.0185875892639
-0.29151998460292816,-0.38621973991394043,0.09469973994418979,0.49545397609472275,0.16601918637752533,0.9469973668456078,0.5954079627990723,39,295.27632689476013
-2.198180064558983,-2.31618117261678,0.11800110433250666,0.5700508430600166,0.18510881625115871,1.1800110191106796,0.7800451666116714,40,302.6915862560272
-0.4068574607372284,-0.45603273808956146,0.049175315303727984,0.5391283929347992,0.17856991104781628,0.49175316095352173,0.7674624621868134,41,310.04190158843994
-1.7057677209377289,-1.842902421951294,0.1371346591040492,0.4608873538672924,0.24458850920200348,1.3713465631008148,0.8215414583683014,42,317.53723430633545
-0.6086775660514832,-0.6401097178459167,0.03143217321485281,0.449511113576591,0.2159251794219017,0.31432172283530235,0.7259660959243774,43,324.87237071990967
-4.096890389919281,-4.181236237287521,0.0843458753079176,0.6574352532625198,0.28572122380137444,0.843458741903305,0.863037720322609,44,332.0630795955658
-2.8283104971051216,-2.961476892232895,0.1331663818564266,0.6933932974934578,0.20759375765919685,1.3316638320684433,0.8215414136648178,45,339.2249844074249
-1.7915417440235615,-1.8928344249725342,0.10129265580326319,0.48565201088786125,0.2086610086262226,1.012926533818245,0.780045211315155,46,346.5688786506653
0.9356995970010757,0.8560754656791687,0.07962409197352827,0.3559450851753354,0.17487460933625698,0.7962409146130085,0.725966215133667,47,353.83529591560364
-1.2025782614946365,-1.2776345610618591,0.07505631353706121,0.42054931819438934,0.22012874484062195,0.7505631148815155,0.7800451815128326,48,360.9813566207886
0.9900941047817469,0.9335761573165655,0.05651794036384672,0.8255535513162613,0.2705889604985714,0.5651793777942657,0.8630377650260925,49,368.250853061676
-1.3665128350257874,-1.4232749789953232,0.056762141874060035,0.6955555081367493,0.18682697787880898,0.5676214033737779,0.821541503071785,50,375.57137060165405
0.4233255833387375,0.34050384163856506,0.08282175799831748,0.17579603102058172,0.21151409298181534,0.8282175585627556,0.630390927195549,51,383.07900309562683
-2.8922389149665833,-2.9885387122631073,0.09629972279071808,0.30180610716342926,0.21402544155716896,0.9629972232505679,0.725966215133667,52,390.3753206729889
-1.758710676804185,-1.7975105829536915,0.03879988472908735,0.6724614202976227,0.2904805690050125,0.3879988491535187,0.863037571310997,53,398.22525548934937
-2.3596923425793648,-2.3912236765027046,0.031531344167888165,0.375185739248991,0.2003290317952633,0.31531344167888165,0.7800452411174774,54,405.7838833332062
-4.355554446578026,-4.4057498425245285,0.05019542924128473,0.6436327695846558,0.2160651534795761,0.5019542761147022,0.8215414732694626,55,413.37822222709656
-6.420933465473354,-6.436448732973076,0.015515248873271048,0.6857250817120075,0.22636526077985764,0.15515248756855726,0.8215414583683014,56,420.88199400901794
-3.1412117518484592,-5.0576571226119995,1.9164453595876694,0.476632921025157,0.2296830751001835,19.164452873170376,0.7674624919891357,57,428.3061981201172
-1.9705220460891724,-2.0050647854804993,0.03454275499098003,0.5973684582859278,0.1923139952123165,0.34542754851281643,0.8089587539434433,58,435.63934445381165
-3.8325661718845367,-3.9246508479118347,0.09208470303565264,0.4236481860280037,0.23735957965254784,0.9208470359444618,0.7800451666116714,59,443.2905533313751
-1.734105959534645,-1.7761356458067894,0.04202965344302356,0.27181465458124876,0.1434535402804613,0.42029652558267117,0.6178082376718521,60,450.3190779685974
-1.1416113674640656,-1.2495232373476028,0.1079119211062789,0.36269496008753777,0.2248859889805317,1.0791191756725311,0.7385489195585251,61,457.70359683036804
-3.214255377650261,-3.3542801537550986,0.14002485573291779,0.7946811467409134,0.2568165883421898,1.4002485275268555,0.8630377054214478,62,465.0398347377777
-0.4530462622642517,-0.6420989483594894,0.18905269913375378,0.4477723464369774,0.2065587192773819,1.8905269876122475,0.7800451666116714,63,472.1003768444061
-3.9486507773399353,-4.106470108032227,0.15781944058835506,0.37584685906767845,0.20520436391234398,1.5781943425536156,0.780045211315155,64,479.2488889694214
-3.991754412651062,-4.075762033462524,0.08400762034580112,0.43638464994728565,0.24838253296911716,0.840076208114624,0.7259662002325058,65,486.6651484966278
-2.5225061178207397,-2.8806943595409393,0.35818814765661955,0.662725705653429,0.19628677889704704,3.5818814858794212,0.8630377501249313,66,494.02833700180054
0.02546444535255432,-0.05505838990211487,0.08052290044724941,0.2990106847137213,0.20291264355182648,0.8052290081977844,0.725966215133667,67,501.5704665184021
-4.004077106714249,-4.1262266635894775,0.12214964395388961,0.6789686381816864,0.2825741060078144,1.2214964181184769,0.8630377799272537,68,508.7013223171234
-1.1209260076284409,-1.1618114113807678,0.04088539909571409,0.5061162766069174,0.22654390521347523,0.4088539853692055,0.7133834809064865,69,515.939046382904
-3.5798392817378044,-3.6305107474327087,0.05067136324942112,0.4653287045657635,0.21998187713325024,0.5067136213183403,0.7259661555290222,70,523.1559464931488
-3.2129532396793365,-3.2996253073215485,0.08667211793363094,0.6726074516773224,0.15357360802590847,0.8667211681604385,0.8630376607179642,71,530.7093732357025
-0.47937434911727905,-0.548100158572197,0.0687258190009743,0.4428449831902981,0.19123654812574387,0.6872581951320171,0.725966215133667,72,538.2716219425201
-1.632117211818695,-1.695430338382721,0.06331314705312252,0.5098524689674377,0.3601938486099243,0.6331314593553543,0.8215414583683014,73,545.7197663784027
0.23324787616729736,0.1823209524154663,0.050926878582686186,0.6697213482111692,0.1586252562701702,0.5092687904834747,0.8089587539434433,74,553.6833231449127
-2.2312807142734528,-2.2874127328395844,0.05613197851926088,0.404284343123436,0.30050569772720337,0.5613197609782219,0.7800451964139938,75,560.7006220817566
0.18335169553756714,-2.359670877456665,2.5430226740427315,0.5706374049186707,0.19516393914818764,25.43022622913122,0.8215414881706238,76,568.1083805561066
-2.977516233921051,-3.1124488413333893,0.13493260694667697,0.508929600007832,0.19802569970488548,1.3493260815739632,0.7674624621868134,77,575.4410130977631
-2.7112972736358643,-2.7956247329711914,0.08432744722813368,0.3590624378994107,0.22181897796690464,0.8432744666934013,0.6718872040510178,78,583.151340007782
-0.9130953252315521,-0.9921126216650009,0.07901732716709375,0.6759163215756416,0.2358115278184414,0.79017324000597,0.8215414136648178,79,590.3041272163391
-1.042239673435688,-1.1010542958974838,0.058814617805182934,0.41654136776924133,0.18644886650145054,0.5881461501121521,0.7800451815128326,80,598.0354804992676
-0.28529924154281616,-0.39962467551231384,0.11432544142007828,0.49300381913781166,0.30951885879039764,1.1432543583214283,0.8215413689613342,81,605.5578265190125
0.05034320056438446,-0.0334983691573143,0.08384156413376331,0.4047861620783806,0.20546360686421394,0.8384156078100204,0.7800451964139938,82,612.8630368709564
-2.786254569888115,-2.8817056119441986,0.09545108489692211,0.46885791793465614,0.20057875104248524,0.9545108303427696,0.7674625068902969,83,620.4710211753845
-0.0953112542629242,-0.20074592903256416,0.10543467663228512,0.5641729831695557,0.2886502183973789,1.0543467625975609,0.7674624770879745,84,627.7491943836212
-1.8056596368551254,-1.95051671564579,0.14485703222453594,0.49346335232257843,0.31923791766166687,1.4485703110694885,0.8215414732694626,85,635.067215681076
-2.5295865004882216,-2.6844366621226072,0.15485025942325592,0.4590900959447026,0.2080244179815054,1.548502579331398,0.7674624472856522,86,642.3539021015167
-3.896483615040779,-4.016511715948582,0.12002816051244736,0.6167732626199722,0.2533203773200512,1.20028156042099,0.8215414583683014,87,649.5710558891296
-3.1415747236460447,-3.290567696094513,0.1489928849041462,0.42822207137942314,0.22135985642671585,1.4899288266897202,0.636904239654541,88,656.6834280490875
-1.3100671991705894,-1.3564589051529765,0.04639172088354826,0.71879081428051,0.16579573415219784,0.46391719952225685,0.8630377799272537,89,664.2546238899231
-2.7797717601060867,-2.8551396131515503,0.07536790519952774,0.45664447359740734,0.16478254087269306,0.7536790519952774,0.767462432384491,90,671.752525806427
-0.7867567986249924,-0.8635207712650299,0.07676396332681179,0.35096073150634766,0.2310139201581478,0.7676396183669567,0.7800452262163162,91,679.2850785255432
2.2438333481550217,2.190474659204483,0.05335858347825706,0.3415175527334213,0.26648603193461895,0.533585824072361,0.7259661555290222,92,686.5780189037323
0.14956869184970856,0.04167003929615021,0.10789871495217085,0.3505697650834918,0.20425568148493767,1.0789871513843536,0.725966215133667,93,694.0484554767609
-3.458523750305176,-3.561757206916809,0.1032334128394723,0.5546681992709637,0.1725622694939375,1.0323341190814972,0.8215414136648178,94,701.7205731868744
-1.4320042729377747,-1.4991387724876404,0.06713448627851903,0.46361467335373163,0.1763919461518526,0.6713448464870453,0.7674623131752014,95,708.9101560115814
-0.24398285150527954,-0.31166696548461914,0.06768414657562971,0.3918631486594677,0.20833934843540192,0.6768414527177811,0.7800451666116714,96,716.2915694713593
-1.9822479486465454,-2.101457068696618,0.11920917802490294,0.5163051895797253,0.2774885892868042,1.1920917555689812,0.8215414732694626,97,723.4844543933868
-3.179591864347458,-3.320369988679886,0.14077813923358917,0.743761420249939,0.18238861486315727,1.4077813923358917,0.8630376756191254,98,731.3221802711487
-0.8017298728227615,-1.4751825034618378,0.6734526641666889,0.6374877989292145,0.2495029903948307,6.7345265075564384,0.8630376607179642,99,739.1278374195099
0.843741849064827,0.5327673554420471,0.3109746016561985,0.47951240837574005,0.29248498752713203,3.109745964407921,0.8215414583683014,100,746.4408094882965
-0.4922481179237366,-0.5700657516717911,0.07781763188540936,0.6799028292298317,0.21599026396870613,0.7781763076782227,0.8630377501249313,101,754.4493319988251
-2.2121074348688126,-2.307385176420212,0.09527774341404438,0.6411163657903671,0.1788141243159771,0.9527774304151535,0.8215414583683014,102,761.879142999649
-0.91188944876194,-1.046862281858921,0.13497283775359392,0.7671626210212708,0.16816278919577599,1.349728375673294,0.8630377650260925,103,769.5201160907745
1.6472657099366188,1.3065291047096252,0.34073662641458213,0.5076102614402771,0.25849444046616554,3.407366320490837,0.8215414732694626,104,777.2226004600525
0.213089469820261,0.11066281795501709,0.10242672474123538,0.4005339704453945,0.2212240919470787,1.024267241358757,0.7385489344596863,105,784.4499475955963
-2.1634425818920135,-2.2441056668758392,0.08066308125853539,0.6394014582037926,0.2104136198759079,0.80663076415658,0.8215414583683014,106,791.9733481407166
-0.514743983745575,-1.231408879160881,0.7166648972779512,0.5191264487802982,0.2152259387075901,7.166648618876934,0.8215414732694626,107,799.5441174507141
-3.9285847172141075,-3.9638549983501434,0.035270291613414884,0.4770434722304344,0.24109469167888165,0.35270290076732635,0.8089587837457657,108,807.3949542045593
-3.7037808299064636,-3.732027530670166,0.028246738715097308,0.8602019250392914,0.2708735093474388,0.28246738761663437,0.9045339822769165,109,815.0218451023102
-1.339683122932911,-1.36003740131855,0.02035430818796158,0.3976467400789261,0.18394343554973602,0.20354307815432549,0.7800452262163162,110,822.5618278980255
-1.8609250783920288,-1.89469875395298,0.033773678936995566,0.46723854169249535,0.2837344706058502,0.33773678727447987,0.8215414136648178,111,829.9093155860901
0.2072220742702484,0.00645667826756835,0.20076541882008314,0.6143673630431294,0.09706633165478706,2.0076541528105736,0.8089587539434433,112,837.143560886383
0.3780777156352997,0.2892369329929352,0.0888406706508249,0.7940420061349869,0.1686431672424078,0.8884067162871361,0.8630377352237701,113,844.8390021324158
0.11424945294857025,0.06550993025302887,0.04873954295180738,0.5032688602805138,0.2100288439542055,0.48739541321992874,0.8215414583683014,114,852.1882643699646
1.5334624871611595,1.4965879768133163,0.036874420242384076,0.5282019078731537,0.2677614502608776,0.3687442019581795,0.8215413689613342,115,859.7535786628723
-1.9611548781394958,-2.0184642374515533,0.0573093225248158,0.5000174306333065,0.250024251639843,0.5730932168662548,0.8215413987636566,116,867.2719874382019
-0.22851570881903172,-0.3226209469139576,0.09410523064434528,0.45042577385902405,0.2716553956270218,0.9410522729158401,0.780045211315155,117,874.6347906589508
-4.235101517289877,-4.289092104882002,0.05399054102599621,0.6914511471986771,0.26867361925542355,0.5399053990840912,0.7259661555290222,118,881.9915583133698
0.8945612125098705,0.8139702882617712,0.08059090981259942,0.35556746274232864,0.30655432492494583,0.8059091046452522,0.7800451815128326,119,889.288462638855
-2.0100617557764053,-2.1231862902641296,0.11312449164688587,0.7250009700655937,0.1925488244742155,1.1312449276447296,0.8215414583683014,120,896.4706609249115
-0.6775724142789841,-0.8113526776432991,0.13378024753183126,0.438145749270916,0.23046434298157692,1.3378024399280548,0.7800450772047043,121,903.7765116691589
-3.5333238542079926,-3.6357369124889374,0.10241298284381628,0.4256502836942673,0.21326512470841408,1.0241297706961632,0.8215414881706238,122,911.4957785606384
-1.013275049161166,-1.0901720924302936,0.07689701719209552,0.5529512017965317,0.16476821899414062,0.7689701523631811,0.8215414583683014,123,918.9658291339874
-0.8128171935677528,-0.9158914759755135,0.10307426331564784,0.5427301786839962,0.2294415794312954,1.030742608010769,0.821541428565979,124,926.4768347740173
-2.4742117524147034,-2.5437504053115845,0.06953868176788092,0.5239660292863846,0.24898913875222206,0.695386815816164,0.8215414434671402,125,933.7481052875519
-3.5223084585741162,-3.6034812331199646,0.0811728504486382,0.5979561060667038,0.12251434475183487,0.8117284849286079,0.6784005463123322,126,941.2126410007477
-2.1233149766921997,-2.283692419528961,0.16037743911147118,0.7326425164937973,0.21809014678001404,1.6037743538618088,0.9045339524745941,127,948.8809900283813
-1.6522952318191528,-1.717416524887085,0.06512133753858507,0.4948310814797878,0.19462318532168865,0.6512133665382862,0.7674624770879745,128,956.2304773330688
-0.370291605591774,-0.43331843614578247,0.06302684498950839,0.7924086600542068,0.21711189299821854,0.630268432199955,0.9045340269804001,129,963.6039497852325
-3.880918875336647,-3.962095271795988,0.08117626141756773,0.2898820489645004,0.20525449141860008,0.8117625992745161,0.671887144446373,130,970.7405281066895
-4.541975021362305,-4.587226748466492,0.04525187565013766,0.5368383824825287,0.22179743275046349,0.4525187388062477,0.821541428565979,131,978.1694343090057
-2.4136571139097214,-2.4736809134483337,0.06002381653524935,0.5743274539709091,0.19355867430567741,0.600238136947155,0.8215414732694626,132,985.5830328464508
-0.24365758709609509,-0.27567769086454064,0.03202011407120153,0.39989887550473213,0.16815302334725857,0.3202011361718178,0.7800451964139938,133,992.871636390686
-1.58266019821167,-1.7214895486831665,0.13882937282323837,0.6939178332686424,0.2380497083067894,1.3882936835289001,0.8215414583683014,134,999.9340190887451
0.4225428104400635,-1.362967699766159,1.7855105149792507,0.460013790987432,0.17277533188462257,17.855104665271938,0.7133835107088089,135,1007.3420851230621
0.5320019870996475,-2.685320571064949,3.217322445474565,0.3404071843251586,0.21078644320368767,32.17322491854429,0.7259661853313446,136,1015.0614259243011
12.345053851604462,-1.1623684465885162,13.507422637194395,0.6062812656164169,0.276395533233881,135.07422064244747,0.780045211315155,137,1022.2643773555756
-5.730438411235809,-5.798158168792725,0.06771981384372339,0.6295805424451828,0.2483036406338215,0.6771981325000525,0.8630377650260925,138,1029.584522485733
-3.4093856811523438,-3.4696900844573975,0.060304331593215466,0.321745497174561,0.1690595354884863,0.6030433177947998,0.7259662002325058,139,1036.91983127594
-4.363655313849449,-4.4462378323078156,0.08258255326654762,0.7550208866596222,0.32816701382398605,0.8258255077525973,0.8630377352237701,140,1044.2503838539124
-3.15248065860942,-3.2361434400081635,0.08366280072368681,0.41161592677235603,0.19165810570120811,0.8366279788315296,0.5954079627990723,141,1051.4697482585907
-3.8115245699882507,-3.9543367326259613,0.14281212678179145,0.626860000193119,0.346223883330822,1.4281212612986565,0.8215413987636566,142,1058.744654417038
-1.4993337392807007,-1.630542442202568,0.13120871770661324,0.6408520974218845,0.2017623819410801,1.3120871558785439,0.7674624770879745,143,1065.9680950641632
-5.979720950126648,-6.0403777956962585,0.06065695756115019,0.41635221615433693,0.2939348854124546,0.6065695621073246,0.7800451666116714,144,1073.2342910766602
-2.4042926728725433,-2.470943421125412,0.0666507687419653,0.38365935534238815,0.2082480564713478,0.6665076836943626,0.7385488897562027,145,1080.6378326416016
-2.7266584634780884,-2.870294213294983,0.1436357321217656,0.503326915204525,0.31613660603761673,1.4363573044538498,0.7800451815128326,146,1088.0039818286896
0.4314648984000087,-6.022196194157004,6.4536611582152545,0.32240060437470675,0.14963371120393276,64.53661062568426,0.6718871891498566,147,1095.321700334549
0.07348489761352539,-0.0406474769115448,0.11413236428052187,0.612301972694695,0.19683746434748173,1.1413236260414124,0.7674624919891357,148,1102.7699048519135
2.623119607567787,2.5390045046806335,0.08411508798599243,0.46086487639695406,0.17846320569515228,0.8411508724093437,0.7674625217914581,149,1110.345790863037
-0.4461750090122223,-0.5823682732880116,0.13619331549853086,0.663797166198492,0.15966925770044327,1.3619331121444702,0.8630377799272537,150,1118.2716674804688
-0.9643934816122055,-1.0357279628515244,0.07133459765464067,0.6001280397176743,0.24397764913737774,0.7133459560573101,0.863037720322609,151,1126.3749573230743
-1.451530635356903,-1.5274475812911987,0.07591698039323092,0.410153541713953,0.27673572301864624,0.7591697797179222,0.780045211315155,152,1133.6669390201569
-0.8863319009542465,-1.039514422416687,0.1531825391575694,0.32681546080857515,0.20884274877607822,1.5318253561854362,0.7259661555290222,153,1140.896945476532
38.03779451921582,-2.904283106327057,40.94207628420554,0.5581728555262089,0.22042923048138618,409.4207704104483,0.8215414732694626,154,1147.9976274967194
-1.958935558795929,-2.09623346850276,0.13729783706367016,0.15349649079144,0.16420978493988514,1.372978337109089,0.6303909420967102,155,1155.5249781608582
-2.7767210453748703,-2.8749230951070786,0.0982020441442728,0.6973851323127747,0.19966402929276228,0.9820204377174377,0.7800452560186386,156,1162.9618310928345
-0.7032949775457382,-0.7984938248991966,0.09519891906529665,0.5176449492573738,0.23229940980672836,0.9519891738891602,0.7800451964139938,157,1170.6253123283386
36.58021365478635,-1.218646377325058,37.7988583589904,0.7251913398504257,0.21881181932985783,377.98857595026493,0.863037720322609,158,1177.850085735321
-1.6933187916874886,-1.766198880970478,0.07288009417243302,0.5135264620184898,0.2036830186843872,0.7288009151816368,0.7133835405111313,159,1185.340000629425
-0.8955062180757523,-0.9474586397409439,0.05195238767191768,0.6362693849951029,0.18135835975408554,0.5195238664746284,0.7674624770879745,160,1192.6478288173676
0.6270030979067087,0.5452722758054733,0.08173087844625115,0.3522578291594982,0.16879680193960667,0.817308783531189,0.7259661853313446,161,1199.7755587100983
-1.538905680179596,-1.5786757469177246,0.03977013425901532,0.5495389625430107,0.15586322080343962,0.39770133048295975,0.7674625068902969,162,1207.3080847263336
-4.967582941055298,-5.336581766605377,0.36899900529533625,0.5325306989252567,0.20420002564787865,3.6899898648262024,0.8215414583683014,163,1215.273762702942
0.2751252669841051,0.23583707213401794,0.03928819112479687,0.48938093334436417,0.18484485615044832,0.3928819075226784,0.6369041949510574,164,1222.5778243541718
-2.185206577181816,-2.2505438327789307,0.065337257925421,0.312771282158792,0.12969129532575607,0.6533725745975971,0.671887218952179,165,1229.7013969421387
2.8391574323177338,2.7350765466690063,0.10408085770905018,0.48409922420978546,0.1979396492242813,1.0408085510134697,0.7133834362030029,166,1236.90376496315
-2.8967942595481873,-3.0046983659267426,0.10790418833494186,0.3482917733490467,0.20158567279577255,1.0790418684482574,0.7259662002325058,167,1244.2516946792603
-2.9113978557288647,-3.0378410033881664,0.12644316256046295,0.3478795448318124,0.21821885742247105,1.2644315958023071,0.7259662002325058,168,1252.0763010978699
-0.8052284717559814,-1.025859821587801,0.2206313367933035,0.5299033187329769,0.18920404091477394,2.2063132971525192,0.8215414583683014,169,1259.5573267936707
-1.1064656972885132,-1.1448576897382736,0.03839203738607466,0.6882850453257561,0.22888938337564468,0.383920356631279,0.767462432384491,170,1266.6813983917236
-1.7170267701148987,-1.7975581884384155,0.08053139317780733,0.2880940278992057,0.2265927977859974,0.8053139261901379,0.7259661704301834,171,1274.2731387615204
-0.32168567879125476,-0.4763249047100544,0.1546392128802836,0.5704358965158463,0.19341645389795303,1.546392071992159,0.8215414732694626,172,1281.3607692718506
-1.9393188655376434,-2.0462502539157867,0.1069314070045948,0.38933607563376427,0.26571762934327126,1.0693140625953674,0.7800451964139938,173,1288.7482933998108
-5.648987948894501,-5.709487516433001,0.06049947743304074,0.6595675833523273,0.2169436365365982,0.6049947589635849,0.863037720322609,174,1296.1967341899872
-2.554609529674053,-2.645781695842743,0.09117223881185055,0.7165866047143936,0.1639033742249012,0.9117223620414734,0.8215414881706238,175,1303.6993463039398
-0.560428261756897,-0.6643167436122894,0.10388850932940841,0.5654085874557495,0.21362896263599396,1.0388850681483746,0.8630377501249313,176,1311.3446464538574
-4.529935705475509,-4.601743638515472,0.07180785574018955,0.5550613403320312,0.189215749502182,0.7180785536766052,0.6784004718065262,177,1318.6210000514984
-0.060212261974811554,-0.13591893389821053,0.07570664677768946,0.35758377332240343,0.15835520811378956,0.7570664584636688,0.6718872040510178,178,1326.1242547035217
0.031260937452316284,-0.04108595848083496,0.07234686240553856,0.4169551394879818,0.22370156273245811,0.723468616604805,0.7800451815128326,179,1333.8563957214355
-2.464498031884432,-2.609033603221178,0.14453553687781096,0.4637977406382561,0.2687911558896303,1.4453553734347224,0.725966215133667,180,1341.0878427028656
-0.46311356127262115,-0.5870375037193298,0.12392400251701474,0.42274048924446106,0.2235533408820629,1.2392400279641151,0.7385489195585251,181,1348.4310348033905
-3.320820063352585,-3.435579553246498,0.11475945264101028,0.4721668101847172,0.26836179569363594,1.1475945115089417,0.8215414434671402,182,1355.864229440689
-2.282936066389084,-2.367284059524536,0.08434799779206514,0.34992579463869333,0.1562621295452118,0.8434799611568451,0.6844698786735535,183,1363.0771012306213
-2.2041026055812836,-2.3013579845428467,0.09725536499172449,0.4406479289755225,0.20061707124114037,0.9725536108016968,0.7133834660053253,184,1370.3822009563446
-4.378692038357258,-4.59223610162735,0.21354390867054462,0.25801144167780876,0.18645387887954712,2.1354389786720276,0.5954079329967499,185,1378.0448062419891
-0.46778222918510437,-0.5682721734046936,0.10048989579081535,0.6488402485847473,0.26122616045176983,1.004898950457573,0.8630377501249313,186,1385.4699034690857
-0.4422747790813446,-0.4925234019756317,0.050248602870851755,0.2752476893365383,0.24361532554030418,0.5024860128760338,0.7385488897562027,187,1392.7807803153992
-6.32309877872467,-6.497879073023796,0.1747802458703518,0.6135896295309067,0.26349931210279465,1.7478023990988731,0.8630376905202866,188,1400.349158525467
0.6556135416030884,0.5343379378318787,0.1212756959721446,0.49323954805731773,0.19104803167283535,1.2127569168806076,0.7259662002325058,189,1407.5053088665009
-3.34914168715477,-3.378131777048111,0.02899007312953472,0.5944567024707794,0.23581033200025558,0.2899007312953472,0.8215415179729462,190,1414.6320943832397
-3.1249375343322754,-3.2057037949562073,0.08076633233577013,0.5136937685310841,0.1938769929111004,0.807663306593895,0.8215415179729462,191,1421.956307888031
0.9915103293024004,0.931594967842102,0.05991538241505623,0.4717861358076334,0.1724078208208084,0.5991538092494011,0.6369042247533798,192,1429.1916880607605
-2.966377923032269,-3.00660640001297,0.04022853751666844,0.4667261019349098,0.14511331170797348,0.40228536538779736,0.5954079777002335,193,1436.2395107746124
-4.349970892071724,-4.567234218120575,0.2172633120790124,0.7292547971010208,0.29740122705698013,2.172633118927479,0.8630377501249313,194,1443.5493786334991
-2.0084808990359306,-2.3463384807109833,0.33785755187273026,0.5086675733327866,0.2146538347005844,3.378575377166271,0.8215414434671402,195,1450.8132395744324
-2.5507234185934067,-2.6274391636252403,0.07671578321605921,0.34253257885575294,0.21197007969021797,0.7671578116714954,0.7259662002325058,196,1458.1822350025177
-0.4970570206642151,-0.6532403528690338,0.15618340950459242,0.6655479148030281,0.27084141969680786,1.5618340969085693,0.8630375862121582,197,1465.4322137832642
-1.9682635366916656,-2.446773409843445,0.47850992158055305,0.44749715924263,0.3317802995443344,4.785099118947983,0.8215414434671402,198,1472.787725687027
0.5230823308229446,0.34976643323898315,0.17331587709486485,0.5389100089669228,0.18426207080483437,1.733158752322197,0.863037720322609,199,1480.0068726539612
-2.7970150485634804,-2.899206042289734,0.10219089780002832,0.4964885786175728,0.24981939420104027,1.0219089686870575,0.7674624174833298,200,1487.2781071662903
-3.5495712608098984,-3.720650404691696,0.1710791066288948,0.6641239076852798,0.3164544925093651,1.7107910215854645,0.8215413838624954,201,1494.8499720096588
0.03396642208099365,-0.11016957461833954,0.144135981798172,0.4583081379532814,0.23218473233282566,1.4413597881793976,0.7133834362030029,202,1502.2724900245667
-1.5690725147724152,-1.6655771136283875,0.09650458861142397,0.5729737393558025,0.2021944299340248,0.9650458693504333,0.7800451964139938,203,1509.6745505332947
-1.5613368153572083,-1.7421942353248596,0.1808573855087161,0.39888496324419975,0.22797952592372894,1.8085738271474838,0.7800450026988983,204,1516.896549463272
-2.222503397613764,-2.620742581784725,0.39823921769857407,0.5138373682275414,0.16676927730441093,3.9823922216892242,0.7133834660053253,205,1524.4798471927643
-2.825100004673004,-2.946181297302246,0.12108136247843504,0.5131519511342049,0.23388522118330002,1.2108135968446732,0.7259662300348282,206,1531.7517564296722
0.7933628782629967,0.6711915880441666,0.12217137310653925,0.5629975497722626,0.2273371908813715,1.2217137217521667,0.7133834809064865,207,1539.0606350898743
-4.7603743970394135,-4.90730294585228,0.14692859537899494,0.73952616751194,0.241829976439476,1.4692859500646591,0.8630377948284149,208,1546.4500579833984
-2.8405303359031677,-3.2543505430221558,0.41382020711898804,0.7661643028259277,0.22420363407582045,4.138202041387558,0.9045339971780777,209,1554.2129592895508
-1.811991199851036,-2.084035560488701,0.27204435504972935,0.26708176359534264,0.20706935971975327,2.720443457365036,0.7385489642620087,210,1561.3173773288727
-0.19049410335719585,-0.28096204763278365,0.09046801086515188,0.31969397328794,0.15962238237261772,0.9046801179647446,0.725966215133667,211,1568.6558978557587
-0.6308512836694717,-0.7000506222248077,0.06919935904443264,0.39811910688877106,0.26117393746972084,0.6919935643672943,0.7800451666116714,212,1575.804932832718
32.19723680615425,-4.028148353099823,36.22538703866303,0.672913670539856,0.30718085914850235,362.25386276841164,0.8630377501249313,213,1583.002201795578
-1.6030845269560814,-1.9246174581348896,0.3215328906662762,0.36483024898916483,0.17237995564937592,3.215328961610794,0.725966215133667,214,1590.1002838611603
-1.9634832963347435,-2.0228604078292847,0.05937706446275115,0.3475788850337267,0.18731797486543655,0.5937706306576729,0.7259662449359894,215,1597.5182509422302
-3.03714182972908,-5.117718607187271,2.080576730892062,0.4860692471265793,0.27775081247091293,20.805765882134438,0.8215414136648178,216,1605.0530064105988
-2.244646832346916,-2.47123359143734,0.22658670041710138,0.5448755323886871,0.14227918907999992,2.2658669650554657,0.7133834660053253,217,1612.4958205223083
0.7124431505799294,0.6200693361461163,0.09237383166328073,0.46938198059797287,0.23116109520196915,0.9237383157014847,0.7800451070070267,218,1619.6485042572021
-2.066780997440219,-2.1492817513644695,0.08250068686902523,0.6979655995965004,0.23530549183487892,0.8250068724155426,0.8089587241411209,219,1627.0082607269287
0.4119845423847437,0.35079022124409676,0.0611942820250988,0.6497683227062225,0.23713495582342148,0.6119428128004074,0.863037720322609,220,1634.1562356948853
-0.7456395328044891,-0.9404183179140091,0.19477878184989095,0.7050442770123482,0.24938713386654854,1.9477877914905548,0.8630377650260925,221,1641.3873879909515
-0.6369243562221527,-2.2511165142059326,1.6141920830123127,0.4866755651310086,0.21221358887851238,16.14192057773471,0.7674624472856522,222,1649.0061621665955
-2.732864648103714,-2.8313490003347397,0.0984843885526061,0.4513816498219967,0.24779309332370758,0.984843872487545,0.8215414136648178,223,1656.4170739650726
-1.2704492956399918,-1.343008853495121,0.07255960907787085,0.44966035336256027,0.2696375958621502,0.725596085190773,0.7385488748550415,224,1663.6358292102814
32.152377754449844,-1.5790621638298035,33.731439302675426,0.40134385973215103,0.2635010629892349,337.3143777474761,0.7800451368093491,225,1670.943779706955
-0.2145584523677826,-0.3711826205253601,0.15662416815757751,0.4779253900051117,0.16254870407283306,1.5662416070699692,0.7674624770879745,226,1678.3436436653137
-3.636479437351227,-3.739319860935211,0.10284049343317747,0.42109645158052444,0.2087411880493164,1.028404913842678,0.725966140627861,227,1685.7556982040405
1.6087575256824493,1.5029727220535278,0.10578480921685696,0.6793143898248672,0.2880205921828747,1.0578480809926987,0.8630377054214478,228,1693.057992696762
-2.266486056149006,-2.371250808238983,0.10476473160088062,0.3343327986076474,0.220054529607296,1.0476472824811935,0.725966215133667,229,1700.2897055149078
-0.9825834184885025,-1.0700526237487793,0.08746919827535748,0.369219159707427,0.10865482315421104,0.8746919743716717,0.7133834809064865,230,1707.9435625076294
-1.1821836177259684,-1.2879488468170166,0.10576525470241904,0.3587817922234535,0.20805978402495384,1.0576525330543518,0.5539116859436035,231,1715.029701948166
-1.5136688351631165,-1.5882729291915894,0.0746041745878756,0.7458527088165283,0.24897201173007488,0.7460417374968529,0.9045339822769165,232,1722.5875141620636
3.1740258932113647,2.8252581357955933,0.3487677313387394,0.5147780999541283,0.26381885446608067,3.4876772314310074,0.8215414583683014,233,1729.9017832279205
0.6870720088481903,0.3656630367040634,0.3214089509565383,0.6563278632238507,0.16969355568289757,3.2140895649790764,0.8089587241411209,234,1737.3273448944092
67.30924941599369,-3.681788884103298,70.99103674292564,0.7869857251644135,0.2379711288958788,709.9103826805949,0.9045340716838837,235,1744.5522730350494
-0.7414196506142616,-0.8035867996513844,0.062167143914848566,0.44313114136457443,0.13575722835958004,0.6216714382171631,0.7133834660053253,236,1751.8183829784393
0.6368770003318787,0.5439708232879639,0.09290614724159241,0.5626896731555462,0.22565742582082748,0.9290614426136017,0.8089588284492493,237,1759.1450953483582
-1.1409707926213741,-1.2815287970006466,0.14055799134075642,0.303718195296824,0.20725350640714169,1.4055798947811127,0.671887218952179,238,1766.2649006843567
-2.0958548486232758,-2.2218984961509705,0.1260436256416142,0.25902877002954483,0.20388587191700935,1.2604362592101097,0.7385489344596863,239,1773.4776227474213
-3.3099010912701488,-3.3614693488925695,0.051568265073001385,0.6026627719402313,0.3019205704331398,0.5156826451420784,0.8630377352237701,240,1780.7908573150635
-4.77938088029623,-4.896587073802948,0.11720612458884716,0.44974180217832327,0.24362007528543472,1.1720612347126007,0.767462432384491,241,1788.2379503250122
-1.8695091307163239,-1.9789686799049377,0.10945953615009785,0.5415478497743607,0.34349289163947105,1.0945953503251076,0.725966140627861,242,1795.5526311397552
-3.578526873141527,-3.695114091038704,0.1165872155688703,0.5050830990076065,0.31090470030903816,1.1658721677958965,0.7674624174833298,243,1802.9529252052307
-0.7845010459423065,-0.8999436944723129,0.11544266156852245,0.5027921460568905,0.2218349426984787,1.1544266045093536,0.7674623876810074,244,1810.3687345981598
-1.678307719528675,-1.7480448856949806,0.06973717827349901,0.4831266072578728,0.17488652560859919,0.6973717734217644,0.7674624621868134,245,1817.860060930252
-1.6868324540555477,-1.893658198416233,0.20682578720152378,0.20722898468375206,0.1989644467830658,2.0682578533887863,0.684469923377037,246,1825.5529699325562
-6.045020639896393,-6.210936933755875,0.1659162901341915,0.6593623831868172,0.32538785971701145,1.6591629087924957,0.8630376905202866,247,1833.1601774692535
-0.9574887156486511,-1.167718231678009,0.21022948436439037,0.7693917900323868,0.19638770073652267,2.1022948026657104,0.9045339524745941,248,1840.659390926361
-2.6353192925453186,-2.72319358587265,0.0878742728382349,0.47645601257681847,0.21167711541056633,0.8787427023053169,0.7259661704301834,249,1847.917373418808
-1.0921853333711624,-1.1716794073581696,0.07949405210092664,0.39265553280711174,0.19253373891115189,0.7949405051767826,0.7800451815128326,250,1855.119099855423
-1.4857417196035385,-1.596986636519432,0.111245003528893,0.7281589210033417,0.2788501977920532,1.1124500259757042,0.9045340567827225,251,1862.4908409118652
-2.845205992460251,-2.929110899567604,0.08390497136861086,0.6240984611213207,0.21357765793800354,0.8390496969223022,0.8630377352237701,252,1869.8272290229797
-0.8124839812517166,-0.9012842178344727,0.08880023844540119,0.5271998755633831,0.23456695303320885,0.8880023658275604,0.8215414136648178,253,1877.2893850803375
-0.1615799367427826,-0.3557707667350769,0.19419083406683058,0.55259008705616,0.2313323374837637,1.9419083325192332,0.7674624621868134,254,1884.4706540107727
-1.9393910504877567,-2.09599145129323,0.15660043619573116,0.5021544508635998,0.22391913644969463,1.5660043507814407,0.7259661555290222,255,1891.9078874588013
-0.2681115120649338,-0.7543526589870453,0.4862410924397409,0.4089409112930298,0.24503536149859428,4.862410858273506,0.7800452262163162,256,1899.1587829589844
-4.766116976737976,-4.828664720058441,0.06254769582301378,0.4768138090148568,0.2114240638911724,0.6254769489169121,0.7133834958076477,257,1906.5800566673279
-6.3162699937820435,-6.567820429801941,0.2515503913164139,0.5370973534882069,0.2354438155889511,2.515503853559494,0.821541503071785,258,1913.9010622501373
-1.3933525048196316,-1.4421820752322674,0.048829545034095645,0.3691702038049698,0.1822948083281517,0.48829544708132744,0.7800451517105103,259,1921.2975742816925
-2.0719691812992096,-3.84737491607666,1.7754054954275489,0.530626654624939,0.15375141985714436,17.754055194556713,0.8215414881706238,260,1928.9365439414978
-2.9498996138572693,-2.9945632815361023,0.044663784094154835,0.5012347176671028,0.28385208919644356,0.4466378390789032,0.8215414881706238,261,1936.2889847755432
1.2777471989393234,1.038353443145752,0.239393699914217,0.4532441794872284,0.19471227005124092,2.3939369469881058,0.7674624919891357,262,1943.6989977359772
-1.0792866051197052,-1.1597992479801178,0.08051266893744469,0.6261729076504707,0.28815722465515137,0.8051266670227051,0.8630377352237701,263,1951.3334093093872
-1.9093544781208038,-1.99224391579628,0.08288943208754063,0.8584638833999634,0.27648891136050224,0.8288943022489548,0.8215414434671402,264,1958.6817824840546
0.7327211610972881,0.5312994122505188,0.20142178609967232,0.5165056511759758,0.2744559831917286,2.0142178535461426,0.8215414583683014,265,1966.063364982605
-6.440080255270004,-6.511746495962143,0.07166618155315518,0.7431970685720444,0.24665312469005585,0.7166617959737778,0.9045340567827225,266,1973.6706926822662
-4.369470506906509,-4.502987027168274,0.13351652305573225,0.5408259332180023,0.2761574275791645,1.335165224969387,0.7800451964139938,267,1981.287606716156
-0.854631133377552,-1.099374015815556,0.24474292248487473,0.513492289930582,0.24173229560256004,2.4474292397499084,0.7800451666116714,268,1988.6318080425262
-2.278168208897114,-2.4493286311626434,0.17116048256866634,0.5967628788203001,0.17032403871417046,1.7116048261523247,0.6784004867076874,269,1995.860268354416
-4.457425653934479,-4.572017267346382,0.1145917703397572,0.84428371489048,0.16673250310122967,1.1459176763892174,0.8630377352237701,270,2003.3597598075867
-3.198159620165825,-3.292503595352173,0.09434405155479908,0.5100317299365997,0.30347204208374023,0.9434405118227005,0.8215413689613342,271,2010.765676498413
-2.2045030891895294,-2.3584188520908356,0.1539157908409834,0.36912403255701065,0.18897468969225883,1.5391578525304794,0.7385489195585251,272,2018.153656244278
-2.6940356642007828,-2.7824323922395706,0.08839678252115846,0.5692409174516797,0.2748576570302248,0.8839678168296814,0.8089587241411209,273,2025.4178485870361
-0.41070497035980225,-0.4958834648132324,0.08517851261422038,0.4564076494425535,0.1304018571972847,0.8517851158976555,0.7133835107088089,274,2032.697573184967
-2.81855059415102,-2.9564846754074097,0.13793410081416368,0.4677909202873707,0.22212375700473785,1.379341021180153,0.8215414881706238,275,2040.6575021743774
-2.0949816666543484,-2.2221388332545757,0.12715712445788085,0.34238107595592737,0.13968821614980698,1.271571233868599,0.7259662300348282,276,2048.0451192855835
-2.4429115746170282,-2.554868321865797,0.11195671372115612,0.3809956684708595,0.2721105106174946,1.119567096233368,0.780045211315155,277,2055.2610363960266
-1.8646503388881683,-1.9593497663736343,0.09469939768314362,0.517610527575016,0.29961423948407173,0.9469939768314362,0.8215412646532059,278,2062.6410031318665
0.5504770260304213,0.45408960059285164,0.09638745547272265,0.34020783472806215,0.18886124528944492,0.9638745319098234,0.7259660363197327,279,2070.0048966407776
-1.0949111431837082,-1.1844777911901474,0.0895666559226811,0.1408428754657507,0.12889190763235092,0.8956665359437466,0.5763119459152222,280,2077.1805114746094
0.8249372243881226,0.7667596638202667,0.05817757034674287,0.43470705207437277,0.2986184284090996,0.5817757025361061,0.7674624919891357,281,2084.4917883872986
-2.4400516152381897,-2.518441319465637,0.07838980061933398,0.5077357403934002,0.3056725561618805,0.7838979810476303,0.8215414136648178,282,2092.0260062217712
-4.646969573572278,-4.747637551277876,0.10066795255988836,0.23556504305452108,0.21654944121837616,1.0066795200109482,0.684469923377037,283,2099.5096876621246
-0.47718092799186707,-0.6307411640882492,0.15356019511818886,0.6671371012926102,0.19491462782025337,1.535601943731308,0.8630377352237701,284,2107.220747947693
-5.254092901945114,-5.536467760801315,0.28237484209239483,0.6875276640057564,0.20456604659557343,2.823748454451561,0.8215414583683014,285,2114.9407398700714
-0.8743649870157242,-1.2488017231225967,0.3744367202743888,0.37960900366306305,0.20540281757712364,3.7443671971559525,0.7385488897562027,286,2122.3911633491516
-4.380099326372147,-4.5258026123046875,0.14570340188220143,0.6452053189277649,0.2661047577857971,1.4570340067148209,0.8630377650260925,287,2129.6458292007446
-3.2958169281482697,-3.5614904016256332,0.2656735312193632,0.5273422002792358,0.21494601294398308,2.6567351818084717,0.7259662598371506,288,2137.0267889499664
-0.028741203248500824,-0.2228713184595108,0.19413010589778423,0.4115593656897545,0.21315032988786697,1.9413010030984879,0.7385489344596863,289,2144.811256170273
-2.5581903643906116,-2.6885045059025288,0.13031411124393344,0.4635707838460803,0.1684664599597454,1.3031410574913025,0.725966215133667,290,2152.054600715637
-3.955481171607971,-4.029455840587616,0.0739746619365178,0.6169722452759743,0.2021651268005371,0.7397466227412224,0.8630376905202866,291,2159.2542555332184
-1.6168262790888548,-1.6883575916290283,0.07153130322694778,0.39052819460630417,0.19009282067418098,0.7153130248188972,0.7800451815128326,292,2166.5043585300446
-0.7964919805526733,-1.111863374710083,0.31537140160799026,0.5563779734075069,0.20776215381920338,3.1537139862775803,0.767462432384491,293,2173.870279312134
-1.7720870971679688,-1.8897853940725327,0.11769835837185383,0.8231855481863022,0.20131299458444118,1.1769835650920868,0.9045340120792389,294,2181.3403968811035
-0.8060219213366508,-0.9776820316910744,0.17166011617518961,0.35221305303275585,0.21470000594854355,1.7166011594235897,0.7259661704301834,295,2188.754678249359
3.85544890165329,3.587855741381645,0.2675932180136442,0.5288354493677616,0.28324292972683907,2.6759320944547653,0.8215413093566895,296,2196.2542247772217
-1.5236806310713291,-1.6013035774230957,0.07762300502508879,0.5418499857187271,0.25851012393832207,0.7762300446629524,0.6718871891498566,297,2203.3486330509186
-4.012982964515686,-4.1584233045578,0.14544034935534,0.4913293570280075,0.23957059532403946,1.4544034898281097,0.8215414881706238,298,2210.834453344345
-2.1139289140701294,-2.276633560657501,0.16270468197762966,0.38597435131669044,0.2155458964407444,1.627046823501587,0.6844699382781982,299,2218.004540205002
-0.7581533193588257,-1.2993176579475403,0.541164357913658,0.4850253313779831,0.27050095424056053,5.411643628031015,0.8215413242578506,300,2225.231019973755
0.34165607392787933,0.2038455754518509,0.1378104891628027,0.5770946182310581,0.19650054350495338,1.3781048506498337,0.821541354060173,301,2233.690761089325
-2.8588458076119423,-2.9671397656202316,0.10829385370016098,0.7170365788042545,0.1802778635174036,1.0829385221004486,0.8630377650260925,302,2240.9823937416077
-1.5745559856295586,-2.1134919114410877,0.5389360156841576,0.4973103329539299,0.22787641547620296,5.389360070228577,0.7674625068902969,303,2248.6191098690033
-5.1367794424295425,-6.772800475358963,1.6360209919512272,0.3570791594684124,0.3018407076597214,16.360209211707115,0.7800451964139938,304,2256.0543360710144
-1.3741063503548503,-1.5118201971054077,0.13771380856633186,0.3430486172437668,0.2831624448299408,1.3771380484104156,0.5954078435897827,305,2263.9867203235626
-0.9291778206825256,-0.9949111640453339,0.06573330564424396,0.5347827859222889,0.23354025930166245,0.6573330536484718,0.7800451815128326,306,2271.374353170395
0.18070727586746216,0.01684868335723877,0.1638586539775133,0.541039414703846,0.179297911003232,1.6385864838957787,0.8215414434671402,307,2278.9384734630585
-5.195858925580978,-5.274257272481918,0.07839837577193975,0.6334355212748051,0.26345954462885857,0.7839837297797203,0.8630376309156418,308,2286.5503721237183
3.225892186164856,-2.7997628301382065,6.025654865428805,0.7485700249671936,0.38565098494291306,60.25654673576355,0.9045340120792389,309,2293.949651002884
-3.1271362900733948,-3.216527044773102,0.08939075469970703,0.8147751539945602,0.18385940417647362,0.8939075320959091,0.8215414583683014,310,2301.362902879715
-2.4642339944839478,-2.602014049887657,0.13778009731322527,0.7090874388813972,0.21874069049954414,1.3778009340167046,0.8630377501249313,311,2308.7991619110107
-5.687194973230362,-5.848159343004227,0.160964363720268,0.5681806057691574,0.1873529590666294,1.6096436008810997,0.863037720322609,312,2316.3387775421143
-3.827762996777892,-3.884653925895691,0.05689086252823472,0.5399507293477654,0.21574728609994054,0.5689086131751537,0.7259661853313446,313,2323.5893909931183
1.5978367030620575,1.1022307127714157,0.4956059390679002,0.4272429384291172,0.19779393449425697,4.9560592621564865,0.684469923377037,314,2330.9385652542114
-3.1855442384257913,-3.333553652279079,0.14800932258367538,0.4952470660209656,0.20925051346421242,1.4800932109355927,0.8215414434671402,315,2338.4584670066833
-6.53413599729538,-6.693586945533752,0.1594510597642511,0.34719762206077576,0.1774198580533266,1.594510555267334,0.725966215133667,316,2345.937549352646
-7.4919253289699554,-7.589520275592804,0.09759487211704254,0.5889633037149906,0.25661856681108475,0.9759487137198448,0.863037720322609,317,2353.634379863739
-0.049496736377477646,-0.6004262790083885,0.5509295433294028,0.10742015112191439,0.1256578415632248,5.509295305237174,0.5222329497337341,318,2361.0331842899323
0.24826478958129883,0.1512461006641388,0.0970186572521925,0.7088143154978752,0.13721315748989582,0.9701865315437317,0.767462432384491,319,2368.3553545475006
-2.5074333250522614,-2.6398599594831467,0.13242659764364362,0.6087330803275108,0.2321373149752617,1.3242659494280815,0.8215415179729462,320,2375.8089854717255
-2.885490134358406,-2.9828832745552063,0.09739314229227602,0.36964670196175575,0.21802831813693047,0.9739314243197441,0.7259660959243774,321,2383.123494386673
-4.762042462825775,-4.851954400539398,0.08991185575723648,0.5730728581547737,0.24173029884696007,0.899118535220623,0.863037720322609,322,2390.3222377300262
4.521405152976513,-2.8193040527403355,7.340709095820785,0.38246042374521494,0.15067562647163868,73.40708810091019,0.7259662002325058,323,2397.662564754486
-4.897573858499527,-4.941947519779205,0.0443736226297915,0.561642199754715,0.2643132470548153,0.443736232817173,0.7800451666116714,324,2404.9094672203064
-0.6545027792453766,-0.8754944503307343,0.22099165245890617,0.5047850385308266,0.28134630247950554,2.2099164724349976,0.8215414434671402,325,2412.251585483551
-3.2254746556282043,-4.0074291825294495,0.7819544170051813,0.4677674323320389,0.2558688372373581,7.819543801248074,0.8215414434671402,326,2419.749526500702
-3.424744665622711,-3.5279048681259155,0.1031603254377842,0.5125940814614296,0.209994874894619,1.0316032394766808,0.8215414434671402,327,2427.0614154338837
-1.7044101916253567,-1.796882489696145,0.09247235767543316,0.612332290969789,0.1624579280614853,0.9247235357761383,0.7133834809064865,328,2434.4765594005585
-1.529688149690628,-1.6467176675796509,0.11702951742336154,0.593458628281951,0.2405020408332348,1.1702951788902283,0.8089587539434433,329,2442.0451941490173
1.6811302080750465,1.6053671836853027,0.07576297596096992,0.5993935987353325,0.15810013003647327,0.7576297521591187,0.8089586943387985,330,2449.406350851059
-3.1004495322704315,-3.2192687168717384,0.11881918087601662,0.529196247458458,0.1952528990805149,1.1881917864084244,0.821541503071785,331,2456.9355733394623
-1.0179254412651062,-1.2383791655302048,0.2204537969082594,0.6565826907753944,0.27654245868325233,2.2045379281044006,0.7674624621868134,332,2464.475630044937
-1.1875724457204342,-1.3034995961934328,0.11592718958854675,0.38637434132397175,0.1847373191267252,1.1592718958854675,0.7259661108255386,333,2472.0528905391693
-3.52470700442791,-3.6321652084589005,0.1074581379070878,0.45628824830055237,0.25293587148189545,1.0745813697576523,0.7800451964139938,334,2479.3115525245667
-0.28505604714155197,-0.42674698308110237,0.14169092290103436,0.19942923542112112,0.17486140504479408,1.4169092178344727,0.6844699531793594,335,2486.7457704544067
-1.3857478350400925,-1.447219580411911,0.06147172022610903,0.2107434682548046,0.1795351654291153,0.6147172003984451,0.6844698935747147,336,2494.0563395023346
-2.895578533411026,-2.9761041402816772,0.08052557660266757,0.38684750348329544,0.27628258615732193,0.8052557483315468,0.7800450176000595,337,2501.844866991043
-0.8717270391061902,-1.0082923471927643,0.1365652782842517,0.18751552887260914,0.18736881762742996,1.3656527511775494,0.4998327046632767,338,2509.2893364429474
-3.3842389583587646,-3.449873387813568,0.06563438987359405,0.5451390035450459,0.23387093096971512,0.6563438810408115,0.821541503071785,339,2516.6336946487427
-1.8879524618387222,-1.9673699960112572,0.07941758632659912,0.32805367186665535,0.23980676010251045,0.79417584836483,0.7259661257266998,340,2524.0914006233215
-3.315306693315506,-3.4432398080825806,0.12793303420767188,0.39179806783795357,0.2726326324045658,1.2793303430080414,0.7800451964139938,341,2531.2371232509613
-2.906881682574749,-3.007875680923462,0.1009939971845597,0.302927422337234,0.18942194618284702,1.0099399369210005,0.6718871891498566,342,2538.7723336219788
-1.259411409497261,-1.4556861966848373,0.1962747760117054,0.5258384309709072,0.2617962919175625,1.9627477526664734,0.8215412795543671,343,2546.291248321533
-1.1774679720401764,-1.4917742013931274,0.3143062023445964,0.26073943451046944,0.23025841638445854,3.143062025308609,0.7385489195585251,344,2553.4214572906494
-3.6834810078144073,-3.775051862001419,0.09157097805291414,0.6824863888323307,0.20225491374731064,0.9157097637653351,0.8630377799272537,345,2560.6378462314606
1.793507844209671,1.6943677961826324,0.09914000052958727,0.5268773287534714,0.1989842727780342,0.9913999494165182,0.7800451368093491,346,2567.9584271907806
-1.3739801943302155,-1.4609007835388184,0.08692057570442557,0.7656520307064056,0.32169365882873535,0.8692057430744171,0.9045338928699493,347,2575.2097427845
-3.7090598791837692,-3.9410117268562317,0.2319517619907856,0.6254637409001589,0.16583587601780891,2.3195175528526306,0.8089587390422821,348,2582.494164466858
-0.8392794579267502,-1.1786584109067917,0.33937901072204113,0.6371734961867332,0.18667270056903362,3.393790066242218,0.8630377650260925,349,2589.771703720093
-4.362974256277084,-4.633334577083588,0.2703602835536003,0.5211194269359112,0.24637462943792343,2.7036027908325195,0.7800451517105103,350,2597.5637154579163
-0.5832902789115906,-0.6814764738082886,0.09818615950644016,0.2693213038146496,0.25069327279925346,0.9818615578114986,0.7385489046573639,351,2605.0526456832886
0.9255793988704681,0.7087428867816925,0.21683646738529205,0.6579124256968498,0.21466352231800556,2.168364644050598,0.8215414583683014,352,2612.6377856731415
-1.010527640581131,-1.1252196580171585,0.11469210032373667,0.6693114563822746,0.21831686794757843,1.146920993924141,0.8630377501249313,353,2619.9672820568085
-2.0587092712521553,-2.2598236799240112,0.20111431647092104,0.39145375043153763,0.2363959588110447,2.0111431628465652,0.7800451815128326,354,2627.337301969528
-1.779101550579071,-1.8850677609443665,0.10596627928316593,0.40640297159552574,0.19736391305923462,1.0596627369523048,0.7800451964139938,355,2634.835588693619
-0.8489802815020084,-0.9217016659677029,0.07272136234678328,0.3153721485286951,0.15868248231709003,0.7272136136889458,0.6303908824920654,356,2642.059730529785
0.696315586566925,0.6248725056648254,0.07144295843318105,0.26320280134677887,0.28546570241451263,0.7144295759499073,0.6844698488712311,357,2649.6299686431885
-2.1013625971972942,-2.30587637424469,0.20451377099379897,0.625618671067059,0.14100299030542374,2.045137621462345,0.7674624770879745,358,2656.9907302856445
-5.870929062366486,-6.041702687740326,0.17077376414090395,0.6411978714168072,0.2826560027897358,1.7077376171946526,0.8630377352237701,359,2664.348779439926
-1.3627263978123665,-1.5631351470947266,0.2004087809473276,0.5522470325231552,0.21389836817979813,2.00408773124218,0.8215414881706238,360,2671.648772954941
-1.9213401451706886,-2.125529666431248,0.2041895380243659,0.705193504691124,0.3137993738055229,2.0418953001499176,0.9045340269804001,361,2679.2986972332
-0.781348466873169,-0.8595454692840576,0.0781969865784049,0.509580485522747,0.3206426315009594,0.7819698601961136,0.8215413987636566,362,2686.7642142772675
1.1602932643145323,1.0436296798288822,0.11666355980560184,0.6480166614055634,0.27400477416813374,1.1666356027126312,0.863037645816803,363,2694.2246730327606
-1.6648051291704178,-1.8185272216796875,0.15372210089117289,0.5235012993216515,0.14505918882787228,1.5372209660708904,0.725966215133667,364,2701.5399639606476
-0.8683338537812233,-1.0217848420143127,0.15345096588134766,0.6669905129820108,0.2204873152077198,1.5345095992088318,0.8089587688446045,365,2708.898358106613
-2.790510207414627,-3.0863910913467407,0.2958808362018317,0.7336770296096802,0.25185426138341427,2.958808369934559,0.9045339822769165,366,2716.344271183014
-6.922247767448425,-7.008273124694824,0.08602538798004389,0.5257370173931122,0.2447693608701229,0.8602538853883743,0.8215413242578506,367,2723.8006546497345
-2.66032212972641,-2.7684352695941925,0.10811306536197662,0.4312608726322651,0.30737633258104324,1.0811306238174438,0.7800451666116714,368,2731.398074388504
-1.756139487028122,-1.8836456537246704,0.12750615738332272,0.653874933719635,0.19557054340839386,1.275061547756195,0.8630377352237701,369,2738.7464830875397
-1.889876190572977,-2.2163594141602516,0.32648326456546783,0.5442797802388668,0.17018839344382286,3.2648324966430664,0.7800451964139938,370,2746.432980775833
-3.2767224609851837,-3.3760005235671997,0.09927810681983829,0.7824817299842834,0.2590718399733305,0.9927810430526733,0.9045339971780777,371,2753.863573551178
-3.186730772256851,-3.2981454133987427,0.11141461785882711,0.8261540085077286,0.1455098818987608,1.1141461431980133,0.9045340418815613,372,2761.1310749053955
-1.0712494207546115,-1.1575847677886486,0.08633533958345652,0.19445011019706726,0.16616229712963104,0.8633533846586943,0.4998327046632767,373,2768.576953649521
-3.209927558898926,-3.3164122104644775,0.10648453375324607,0.35050757601857185,0.2588768005371094,1.0648453049361706,0.7800451219081879,374,2775.9242572784424
-1.2091350927948952,-1.3249740824103355,0.11583899054676294,0.3996177278459072,0.325798898935318,1.1583898812532425,0.7259661257266998,375,2783.8046267032623
-0.09897860884666443,-0.36879763007164,0.269819013774395,0.6671778932213783,0.26043469086289406,2.6981900334358215,0.8215409070253372,376,2791.0043630599976
-5.6275398805737495,-5.690220408141613,0.062680434435606,0.49817870557308197,0.25507212802767754,0.6268043369054794,0.7800451368093491,377,2798.2974343299866
-4.487291604280472,-4.601891607046127,0.1146000069566071,0.6090887971222401,0.25476056057959795,1.1460000686347485,0.8630377352237701,378,2805.616047143936
-0.856287769973278,-2.2260191813111305,1.3697313610464334,0.6055644117295742,0.31171976029872894,13.697312891483307,0.8630377650260925,379,2813.20951128006
-2.711341008543968,-2.9050661846995354,0.19372518174350262,0.5238027349114418,0.280744269490242,1.937251791357994,0.7800451666116714,380,2820.7602124214172
-3.6331846117973328,-3.7590753734111786,0.12589079700410366,0.5305187851190567,0.3095615357160568,1.2589079439640045,0.8215414583683014,381,2828.4342715740204
0.22488122433423996,0.030380748212337494,0.19450046680867672,0.47832953184843063,0.2069472186267376,1.9450046718120575,0.8215414434671402,382,2836.009613752365
-2.326917164027691,-2.484308809041977,0.15739158168435097,0.42150805704295635,0.18009512685239315,1.5739157497882843,0.725966215133667,383,2843.698618412018
-5.775292873382568,-5.891332626342773,0.11603968311101198,0.42518455535173416,0.25337331369519234,1.1603968143463135,0.7800451964139938,384,2850.8326756954193
-3.585533522069454,-3.719069316983223,0.13353574834764004,0.7134564742445946,0.2554423250257969,1.3353574723005295,0.8630377054214478,385,2858.1981263160706
-1.385301560163498,-2.417150542140007,1.0318490322679281,0.6134801916778088,0.26000480353832245,10.31849005818367,0.863037720322609,386,2865.344990491867
-0.6560011506080627,-0.745857834815979,0.0898566278629005,0.6665149591863155,0.2133841458708048,0.8985662385821342,0.8630377799272537,387,2872.7957050800323
328.61672431230545,-2.236971914768219,330.85369839984924,0.27135005593299866,0.25599925220012665,3308.5368008613586,0.6844699382781982,388,2879.8694128990173
-6.275111794471741,-6.842874526977539,0.567762766033411,0.5583697631955147,0.27396339923143387,5.67762753367424,0.7800451517105103,389,2887.242109775543
0.4539809077978134,-0.3510677218437195,0.8050486678257585,0.4450201392173767,0.2524568624794483,8.050486505031586,0.7800451517105103,390,2894.6783063411713
-2.8089218139648438,-2.9715929329395294,0.16267100535333157,0.3643812211230397,0.1598912738263607,1.6267099976539612,0.6718872785568237,391,2902.3396332263947
4.319739937782288,4.2272253930568695,0.09251461550593376,0.3134634690359235,0.24441368132829666,0.9251461550593376,0.7259660810232162,392,2909.9670083522797
-1.4043241441249847,-1.5976425781846046,0.19331845920532942,0.3421523738652468,0.26981351617723703,1.933184564113617,0.7259661257266998,393,2917.0393664836884
-1.0608398914337158,-1.1731139123439789,0.1122739645652473,0.47880751080811024,0.19823825918138027,1.122739665210247,0.725966215133667,394,2924.3496634960175
-2.463750571012497,-2.6307860407978296,0.16703543066978455,0.4641284756362438,0.27690206840634346,1.6703542619943619,0.767462432384491,395,2931.8803379535675
-0.19065478164702654,-0.36411143094301224,0.1734566492959857,0.3093371316790581,0.14099294692277908,1.7345664501190186,0.5413289666175842,396,2939.5786094665527
-3.9549499452114105,-4.158636704087257,0.20368670299649239,0.5426002368330956,0.2527276426553726,2.0368670225143433,0.8215414583683014,397,2946.8029232025146
-3.639024645090103,-3.8482035100460052,0.2091789860278368,0.611719686537981,0.20963009912520647,2.091789811849594,0.8630377352237701,398,2954.2775835990906
-2.1476311199367046,-2.2937502190470695,0.1461191726848483,0.4456119183450937,0.24751007184386253,1.4611917063593864,0.7259662002325058,399,2961.537538290024
-2.456191971898079,-2.5511945709586143,0.09500250220298767,0.563284307718277,0.20683295652270317,0.9500249922275543,0.7385488748550415,400,2968.736911535263
-2.9553873538970947,-3.356747090816498,0.4013596996665001,0.5061143264174461,0.22957624308764935,4.013596832752228,0.8215414881706238,401,2976.3172817230225
-1.7306895852088928,-1.8567925691604614,0.12610305845737457,0.41304657235741615,0.19642773270606995,1.2610305845737457,0.7800451368093491,402,2984.208878993988
-0.7216382026672363,-0.8362534642219543,0.11461521871387959,0.5716950297355652,0.22808720916509628,1.146152175962925,0.8215413838624954,403,2991.5457174777985
-3.2583373580127954,-3.413315176963806,0.15497775562107563,0.714562464505434,0.1343564037233591,1.549777552485466,0.7674624472856522,404,2999.0347442626953
7.043185666203499,-2.6497702896595,9.692955706268549,0.40839536488056183,0.206786647439003,96.92955130338669,0.780045211315155,405,3006.4531288146973
-2.766160398721695,-3.125758022069931,0.3595976587384939,0.5102455765008926,0.23188720270991325,3.5959765017032623,0.7259661853313446,406,3014.1891067028046
-1.0285441875457764,-1.2376434579491615,0.20909930020570755,0.5503560826182365,0.20088929124176502,2.0909929424524307,0.7674624472856522,407,3021.728296995163
102.88280153274536,-0.4671163558959961,103.34991406835616,0.4977671205997467,0.25915809348225594,1033.4990947842598,0.8215414583683014,408,3029.1844642162323
0.5738708996213973,0.16670262813568115,0.40716826217249036,0.2369191888719797,0.17074625380337238,4.071682669222355,0.4107707291841507,409,3036.534977197647
-2.30275896191597,-2.9104699343442917,0.6077110408805311,0.5284998342394829,0.32270337641239166,6.077110148966312,0.8215413242578506,410,3043.763349533081
0.7995808720588684,-1.3375614285469055,2.1371423630043864,0.45963434875011444,0.27141381800174713,21.371422797441483,0.7800451964139938,411,3051.271552324295
-2.8525549545884132,-2.9694350212812424,0.11688010208308697,0.5067358762025833,0.23470696806907654,1.1688010096549988,0.821541354060173,412,3058.7978839874268
-2.5707510858774185,-2.700794667005539,0.1300436034798622,0.5743216350674629,0.3016403168439865,1.3004360049962997,0.8630377799272537,413,3066.0015313625336
-1.2097851457074285,-1.302821796387434,0.0930366525426507,0.49767357110977173,0.12780411913990974,0.9303665161132812,0.6369042247533798,414,3073.5771720409393
-3.801807589828968,-4.030190587043762,0.2283829292282462,0.32865532115101814,0.18664907291531563,2.2838292121887207,0.5954079627990723,415,3081.0093309879303
-4.710290431976318,-5.001029670238495,0.29073926992714405,0.5482857339084148,0.21613404527306557,2.9073926210403442,0.8215414732694626,416,3088.5025520324707
-2.645541697740555,-2.9435667991638184,0.29802514612674713,0.6465249583125114,0.26084735710173845,2.980251431465149,0.8630376309156418,417,3096.106318473816
-1.90433931350708,-2.0148633122444153,0.11052393540740013,0.6396125555038452,0.19250564090907574,1.105239361524582,0.8215414732694626,418,3103.5261931419373
-1.3689206540584564,-1.5948222763836384,0.22590166982263327,0.6569725424051285,0.22891793213784695,2.25901660323143,0.8630377352237701,419,3111.1033425331116
-3.9927114248275757,-4.246473670005798,0.2537621855735779,0.6306679174304008,0.2426414079964161,2.5376218259334564,0.863037720322609,420,3118.709043741226
0.6234867945313454,0.5435339063405991,0.07995288819074631,0.53846675157547,0.2620217427611351,0.7995288893580437,0.8215406090021133,421,3125.9866421222687
-2.051238030195236,-2.3632636666297913,0.312025660648942,0.6683983206748962,0.15437906980514526,3.120256543159485,0.8215414583683014,422,3133.4664952754974
0.8580034673213959,0.6632653623819351,0.19473811145871878,0.6484390869736671,0.2331089824438095,1.9473811089992523,0.8630377352237701,423,3140.891344308853
-4.446737587451935,-4.560379654169083,0.11364199686795473,0.6389273032546043,0.18638520129024982,1.1364199370145798,0.8630377352237701,424,3148.214701652527
-3.0117470026016235,-3.1092468947172165,0.09749989025294781,0.6525503769516945,0.22582237422466278,0.9749989062547684,0.8215414732694626,425,3155.723205804825
-0.32332413643598557,-0.4669746160507202,0.14365052618086338,0.598502442240715,0.3482772335410118,1.4365051984786987,0.8630376607179642,426,3163.0418202877045
0.015591084957122803,-0.18131915479898453,0.19691025000065565,0.4644235596060753,0.17140987887978554,1.969102457165718,0.7674624919891357,427,3170.336727619171
8.763228759169579,-1.4683223962783813,10.231551177799702,0.31964634731411934,0.1868361420929432,102.31551367044449,0.5954078882932663,428,3177.9797444343567
-5.116535782814026,-5.411521673202515,0.2949858922511339,0.5751649290323257,0.29845354706048965,2.9498589038848877,0.8215414434671402,429,3185.383167743683
-2.562123164534569,-2.7315153181552887,0.16939211450517178,0.5016820216551423,0.21423514932394028,1.6939210891723633,0.7259662002325058,430,3192.881782770157
-1.694826565682888,-1.9447326064109802,0.24990608543157578,0.33156524132937193,0.2141757234930992,2.4990608245134354,0.7259661853313446,431,3200.3008427619934
-5.130056440830231,-5.366805285215378,0.23674894869327545,0.7089485228061676,0.23862126097083092,2.3674893975257874,0.9045340120792389,432,3207.7090921401978
0.1410921812057495,-0.08397567272186279,0.22506785206496716,0.5420949691906571,0.20274012349545956,2.250678449869156,0.7674624472856522,433,3215.141658306122
-0.45570938289165497,-0.6222526207566261,0.16654320992529392,0.21983566507697105,0.22446247935295105,1.6654320657253265,0.6844699382781982,434,3222.5662569999695
-3.812358796596527,-4.02905347943306,0.21669469214975834,0.6122323647141457,0.27715232968330383,2.1669468879699707,0.8630377501249313,435,3229.823836326599
-0.8333440124988556,-1.015582263469696,0.18223827332258224,0.6111626187339425,0.18348938412964344,1.8223826885223389,0.7674624770879745,436,3237.0953345298767
-1.3407826870679855,-1.6922489702701569,0.35146624594926834,0.6644711494445801,0.20187107473611832,3.514662444591522,0.821541428565979,437,3244.596479177475
0.008036099374294281,-0.18168875016272068,0.1897248588502407,0.4089735597372055,0.2204042188823223,1.897248536348343,0.7259662002325058,438,3251.8926157951355
-0.24344921112060547,-0.4732094407081604,0.22976029850542545,0.6730539873242378,0.218859625980258,2.2976029589772224,0.8215414583683014,439,3259.312668800354
-2.5839724093675613,-2.7626275420188904,0.17865511402487755,0.5092099010944366,0.18985598906874657,1.7865510880947113,0.7800450474023819,440,3266.718227148056
-1.4045188203454018,-1.5519346483051777,0.1474158614873886,0.41127487178891897,0.20849676057696342,1.4741585776209831,0.7133832275867462,441,3273.9966909885406
-2.8743733167648315,-3.008770488202572,0.1343972347676754,0.2895512022078037,0.19862007535994053,1.3439723253250122,0.7259662300348282,442,3281.330212831497
-1.3453802168369293,-1.5386131703853607,0.19323293957859278,0.5073851682245731,0.24845904670655727,1.932329386472702,0.7800451219081879,443,3288.457910299301
-0.881510317325592,-1.0579791069030762,0.17646879702806473,0.4060194790363312,0.21005721762776375,1.764687955379486,0.7800451666116714,444,3295.7742211818695
-3.09165757894516,-3.6836419701576233,0.5919844107702374,0.4141428619623184,0.22705784067511559,5.91984386742115,0.7800452560186386,445,3302.958493232727
-0.7217553723603487,-0.9541488811373711,0.23239348456263542,0.5140803642570972,0.25283272936940193,2.3239348083734512,0.7800451964139938,446,3310.1472244262695
-0.5872096046805382,-0.699688583612442,0.11247896868735552,0.21387054305523634,0.2072680238634348,1.1247896626591682,0.6844699084758759,447,3317.347952604294
-0.9822534918785095,-1.1215094104409218,0.13925593346357346,0.5845751538872719,0.21617920696735382,1.3925593346357346,0.7800451070070267,448,3324.914543867111
-0.3746218681335449,-0.5389542579650879,0.16433247132226825,0.33058346807956696,0.292230561375618,1.6433246582746506,0.780045211315155,449,3332.268517255783
-1.3316280553117394,-1.3977207043208182,0.06609269022010267,0.5522931776940823,0.1990038976073265,0.660926878452301,0.7674624919891357,450,3339.799589395523
-3.928867220878601,-4.117726594209671,0.18885950464755297,0.6436908394098282,0.24419177323579788,1.888595037162304,0.7800451368093491,451,3347.7472846508026
0.31417085602879524,0.18051687628030777,0.13365397928282619,0.41645127534866333,0.17518896237015724,1.3365397676825523,0.6844699382781982,452,3354.916647911072
-0.11129751801490784,-0.7119013369083405,0.6006038878113031,0.6272681728005409,0.20337245799601078,6.006038874387741,0.8215415179729462,453,3362.2136397361755
-3.2290728986263275,-3.5048919320106506,0.27581905107945204,0.6507197022438049,0.25386255979537964,2.758190482854843,0.8215408027172089,454,3370.045241832733
-0.7748686969280243,-0.8658736348152161,0.09100490249693394,0.5368396416306496,0.19237065687775612,0.9100490063428879,0.8215414434671402,455,3377.2844290733337
-3.4026263877749443,-3.4571609646081924,0.05453461827710271,0.6765270885080099,0.1896913219243288,0.5453461706638336,0.6718871891498566,456,3384.530329465866
-0.4373568966984749,-0.6562459673732519,0.21888906508684158,0.18984291143715382,0.21833731792867184,2.1888906061649323,0.4998327046632767,457,3391.625390768051
-0.6070822328329086,-0.7399462163448334,0.1328640105202794,0.6805171370506287,0.1674760803580284,1.3286400251090527,0.8630377352237701,458,3398.868541240692
-0.8712628707289696,-0.9892600774765015,0.11799719696864486,0.5344275627285242,0.19951040297746658,1.1799719408154488,0.6178081631660461,459,3406.606034755707
-1.1442561447620392,-1.4124720692634583,0.2682160986587405,0.5872635655105114,0.295491810888052,2.6821608543395996,0.863037720322609,460,3414.01238822937
-2.043433040380478,-2.2106787860393524,0.167245764285326,0.4594157189130783,0.2418840304017067,1.672457605600357,0.7674624919891357,461,3421.5241782665253
-4.072997435927391,-4.216811776161194,0.14381440170109272,0.553031899034977,0.29569290205836296,1.4381439462304115,0.8215414434671402,462,3428.8007032871246
-0.6622653305530548,-0.825203999876976,0.16293867211788893,0.6899441406130791,0.22714818082749844,1.629386693239212,0.8630377352237701,463,3436.118916988373
0.4760011211037636,-1.8844507783651352,2.360451901331544,0.7054980881512165,0.1354611162096262,23.604518055915833,0.8630377352237701,464,3444.1456558704376
-1.2218894325196743,-1.3876749500632286,0.16578543558716774,0.6178327314555645,0.25420793145895004,1.6578543186187744,0.8630377054214478,465,3451.6522290706635
2.4485543072223663,2.2429692149162292,0.20558510161936283,0.7268894910812378,0.23688291013240814,2.055851012468338,0.821541503071785,466,3459.098284006119
-0.9212581515312195,-4.604844182729721,3.6835858784615993,0.45874161273241043,0.28690355271101,36.83585923910141,0.8215414732694626,467,3466.8483517169952
0.9295770823955536,0.7070932388305664,0.2224838649854064,0.5428173094987869,0.21849782764911652,2.224838599562645,0.7674624025821686,468,3474.632585287094
-1.7450491413474083,-1.9492341578006744,0.20418497454375029,0.6868443936109543,0.16002710163593292,2.0418496876955032,0.8630377650260925,469,3482.2010843753815
2.732400169596076,2.5914323925971985,0.14096776768565178,0.5213768742978573,0.2821945361793041,1.409677654504776,0.8215414136648178,470,3489.6061964035034
-3.1556886434555054,-3.24612557888031,0.09043681295588613,0.8107028603553772,0.21867002360522747,0.9043681174516678,0.8630377352237701,471,3497.048303604126
0.10087543725967407,-0.04268711805343628,0.1435625245794654,0.38918667286634445,0.2229185290634632,1.4356251955032349,0.7800452411174774,472,3504.4229736328125
-0.6543431058526039,-0.7344542748178355,0.0801111152395606,0.3522544987499714,0.1646210364997387,0.8011111468076706,0.725965827703476,473,3511.935981273651
2.8694496005773544,2.545024424791336,0.32442519813776016,0.6390940696001053,0.20316597819328308,3.244251936674118,0.8630377501249313,474,3519.3637030124664
-1.8608762174844742,-2.131494104862213,0.270617863163352,0.6659534759819508,0.24746985360980034,2.7061785459518433,0.863037720322609,475,3526.7008998394012
-0.8879537284374237,-2.2941421270370483,1.4061884172260761,0.2461715005338192,0.2523343302309513,14.061883866786957,0.738548755645752,476,3534.238983154297
0.9203079342842102,-0.3329162150621414,1.2532241344451904,0.6949560977518559,0.1518834251910448,12.532241016626358,0.8630377501249313,477,3541.717893600464
-1.1495399475097656,-1.302878201007843,0.15333821764215827,0.41064757481217384,0.23713303357362747,1.5333821773529053,0.7800451517105103,478,3549.0184440612793
-4.900827974081039,-5.076269328594208,0.17544135637581348,0.48807891830801964,0.2544425018131733,1.754413515329361,0.8215414434671402,479,3556.488856077194
-2.3831606805324554,-2.4809330105781555,0.09777230466715991,0.5104569457471371,0.23209012299776077,0.9777230098843575,0.7800451070070267,480,3564.0496599674225
-2.9209237843751907,-3.0525399148464203,0.13161617098376155,0.596673883497715,0.22069937363266945,1.316161636263132,0.8089587092399597,481,3571.478123664856
-1.9469675682485104,-2.046354055404663,0.09938641358166933,0.5105724409222603,0.14627417363226414,0.9938641041517258,0.5954079627990723,482,3578.9690499305725
-7.687535643577576,-7.841127872467041,0.1535923331975937,0.5991190131753683,0.20911012589931488,1.535923331975937,0.7674624621868134,483,3586.4679250717163
-1.7712268233299255,-1.8830517530441284,0.1118249949067831,0.5237607285380363,0.2469030451029539,1.1182498931884766,0.8215414434671402,484,3593.9384965896606
0.5382993221282959,0.3664953112602234,0.17180396616458893,0.6710299998521805,0.19730041921138763,1.718039631843567,0.8630376607179642,485,3601.5178146362305
-0.06841625273227692,-0.17601071298122406,0.10759447701275349,0.5092706270515919,0.30847178027033806,1.0759447664022446,0.725966140627861,486,3608.878760576248
-4.816078037023544,-4.9522838443517685,0.13620575983077288,0.6367498300969601,0.28754933923482895,1.3620575666427612,0.7259661257266998,487,3616.348040819168
1.0037168264389038,0.890678882598877,0.11303801834583282,0.4897800087928772,0.20558804273605347,1.1303801387548447,0.8215415179729462,488,3623.8458168506622
-0.3672332465648651,-0.552659809589386,0.1854265183210373,0.5786676555871964,0.2817736193537712,1.854265183210373,0.821541428565979,489,3631.2977206707
-2.7537416517734528,-3.045625150203705,0.2918835822492838,0.14534275140613317,0.1629045084118843,2.9188357442617416,0.6303909420967102,490,3638.933806657791
0.3649846985936165,0.13921138644218445,0.22577334148809314,0.22164221853017807,0.19778019189834595,2.2577334195375443,0.6844699680805206,491,3646.3573858737946
-1.837912231683731,-1.9817657321691513,0.14385345950722694,0.6191095551475883,0.11829373054206371,1.4385345876216888,0.8089587539434433,492,3653.8359920978546
2.7831299174576998,2.353390336036682,0.42973958048969507,0.25525854900479317,0.14550883881747723,4.297395765781403,0.5413289815187454,493,3661.120025873184
0.40798162668943405,-0.4110472798347473,0.819028852507472,0.5764335738494992,0.16668911650776863,8.190288379788399,0.8089587539434433,494,3668.383381843567
-3.6475399285554886,-5.939458727836609,2.291918760165572,0.8005685359239578,0.3243427500128746,22.919186636805534,0.9045340120792389,495,3675.872022628784
0.07372362911701202,-0.4111374169588089,0.48486101627349854,0.2697050729766488,0.1813286729156971,4.848610043525696,0.6718872040510178,496,3683.1348645687103
-0.8066159598529339,-0.8910042541101575,0.08438828773796558,0.5435189753770828,0.21567575819790363,0.8438828736543655,0.8215414583683014,497,3690.7335312366486
-0.8246556371450424,-1.196997344493866,0.3723416915163398,0.45839665830135345,0.23336327448487282,3.7234169095754623,0.7674625366926193,498,3698.1075150966644
0.4260029196739197,0.31583667546510696,0.11016623675823212,0.3751020645722747,0.1779394317418337,1.1016623675823212,0.7259661704301834,499,3705.733592748642
-2.628466308116913,-3.152782566845417,0.5243162773549557,0.5424639247357845,0.26676933839917183,5.24316281080246,0.8215414732694626,500,3713.2477416992188
-1.9552166759967804,-2.277583420276642,0.32236675173044205,0.6353443115949631,0.20205792225897312,3.2236675024032593,0.8215414136648178,501,3720.8979201316833
-3.207747161388397,-3.4051344990730286,0.19738737866282463,0.8314893245697021,0.14848017320036888,1.9738737344741821,0.9045339971780777,502,3728.74302983284
-1.605590846389532,-1.8538578413426876,0.2482670061290264,0.5592982098460197,0.21821293234825134,2.4826700538396835,0.821541428565979,503,3736.09764957428
-1.8169397711753845,-2.1001556366682053,0.2832158990204334,0.698217123746872,0.29033613577485085,2.832158923149109,0.9045339524745941,504,3743.445212364197
-0.48837895691394806,-0.6976450905203819,0.2092661950737238,0.5286112725734711,0.2593676224350929,2.092661902308464,0.8215414732694626,505,3750.9094414711
-3.3774929866194725,-3.431522488594055,0.05402939394116402,0.4839039482176304,0.20810458064079285,0.5402939319610596,0.8215415179729462,506,3758.2961325645447
-2.7971490174531937,-3.0151742696762085,0.21802528388798237,0.688042089343071,0.2161190453916788,2.1802528351545334,0.8215414881706238,507,3765.965083360672
0.13496708497405052,-0.03007437288761139,0.16504142805933952,0.31510790437459946,0.22888649627566338,1.650414228439331,0.7800451517105103,508,3773.2841534614563
-3.993358850479126,-4.079048156738281,0.08568930206820369,0.5106881223618984,0.20155994966626167,0.8568930104374886,0.8215414583683014,509,3780.598646402359
0.20408235490322113,-0.01801091432571411,0.22209329344332218,0.7844756841659546,0.19824879057705402,2.2209328711032867,0.863037720322609,510,3787.740385532379
-3.010821521282196,-3.2574226036667824,0.2466010106727481,0.4736142158508301,0.22224598936736584,2.46601003408432,0.7674624472856522,511,3795.1034445762634
0.9340862482786179,0.7321953773498535,0.20189091563224792,0.5807919874787331,0.1273359414190054,2.018909126520157,0.678400531411171,512,3802.572578430176
0.4280550107359886,0.060716867446899414,0.3673381581902504,0.5334718972444534,0.20095214620232582,3.6733814477920532,0.8215413987636566,513,3810.0323889255524
-3.4167705103754997,-3.618069604039192,0.2012989823706448,0.565786749124527,0.1721789836883545,2.0129897706210613,0.6369042247533798,514,3817.5796048641205
-0.7455073893070221,-0.8481601551175117,0.10265273693948984,0.3647540472447872,0.19603818282485008,1.0265273377299309,0.6718872040510178,515,3824.8843438625336
-0.08177761733531952,-0.9286817163228989,0.8469041083008051,0.46797847002744675,0.18923036567866802,8.469040840864182,0.7674625068902969,516,3831.9930052757263
-2.076944962143898,-2.2286543920636177,0.15170940943062305,0.3808327168226242,0.2645089030265808,1.5170940458774567,0.6718871742486954,517,3839.302702188492
-0.41363484412431717,-0.5231054313480854,0.10947057232260704,0.4917348166927695,0.15772912465035915,1.0947056859731674,0.7674624472856522,518,3846.5861620903015
-0.6257074475288391,-0.8447257727384567,0.219018267467618,0.6842651888728142,0.19653079099953175,2.1901825964450836,0.8630377501249313,519,3853.964260339737
-0.8748095482587814,-1.0019029080867767,0.1270933235064149,0.41147611290216446,0.22212458029389381,1.2709332033991814,0.7800451666116714,520,3861.276038169861
-1.3772460222244263,-1.516661286354065,0.13941523618996143,0.5559645816683769,0.21060972660779953,1.3941523730754852,0.7800452262163162,521,3868.780391931534
-1.1442282497882843,-1.2980008721351624,0.15377267077565193,0.70005102455616,0.1750054806470871,1.537726640701294,0.821541428565979,522,3876.2688241004944
-1.4335647225379944,-1.6171871423721313,0.18362248502671719,0.6436965689063072,0.23989776149392128,1.836224839091301,0.863037720322609,523,3883.790397167206
-2.311785712838173,-2.544469431042671,0.2326835747808218,0.41401495784521103,0.2560925967991352,2.3268356919288635,0.6844699084758759,524,3891.0737175941467
0.9825149476528168,0.6146821081638336,0.36783285066485405,0.48061399441212416,0.1765377577394247,3.678328514099121,0.7259662300348282,525,3898.436756134033
-2.225181072950363,-2.3987890034914017,0.17360789608210325,0.4311653599143028,0.21745474264025688,1.7360789477825165,0.5954079627990723,526,3905.94495344162
-1.275079071521759,-1.4494710713624954,0.17439202591776848,0.5241554081439972,0.24188793078064919,1.743920236825943,0.8215414434671402,527,3913.5594375133514
1.8331348896026611,1.7462250590324402,0.08690989390015602,0.37134987115859985,0.23254681751132011,0.8690989166498184,0.7800451815128326,528,3920.7021622657776
-0.28103578090667725,-0.5548756420612335,0.273839857429266,0.7683319002389908,0.29586727172136307,2.738398551940918,0.7674624621868134,529,3928.4279742240906
-2.2494042217731476,-2.407652586698532,0.15824841521680355,0.551484115421772,0.21111048385500908,1.5824841260910034,0.7259661108255386,530,3935.8621649742126
-0.2884138263761997,-0.5073668397963047,0.21895300224423409,0.4410456195473671,0.25770653784275055,2.1895300149917603,0.7800450772047043,531,3943.0467019081116
-6.013555526733398,-6.255568742752075,0.24201324954628944,0.5141681917011738,0.2620268277823925,2.4201324582099915,0.8215414434671402,532,3950.998621702194
0.33484089747071266,0.129934873431921,0.20490603148937225,0.3245558934286237,0.14065190590918064,2.0490603297948837,0.7259662002325058,533,3958.4928114414215
-2.1098540984094143,-2.283195447176695,0.1733412817120552,0.5063221892341971,0.17416527681052685,1.7334127724170685,0.6844699531793594,534,3965.6339678764343
-2.1310115456581116,-2.4765075147151947,0.3454959914088249,0.5281838737428188,0.23143794760107994,3.4549598544836044,0.8215415328741074,535,3973.315464258194
-1.1781055256724358,-1.571515440940857,0.3934098482131958,0.7246402651071548,0.22196572925895452,3.9340983629226685,0.863037720322609,536,3980.9368245601654
-1.90328224375844,-2.274281919002533,0.37099967524409294,0.6747487485408783,0.05642679240554571,3.7099967002868652,0.6784005612134933,537,3988.2982573509216
-3.9324969053268433,-4.244969457387924,0.31247248128056526,0.6273772716522217,0.18276508711278439,3.1247247457504272,0.8630377352237701,538,3995.7215898036957
-0.7225708365440369,-0.8054941296577454,0.08292328659445047,0.37091900035738945,0.2788510173559189,0.829232856631279,0.7800451666116714,539,4003.2459292411804
0.5181600600481033,0.07451529800891876,0.4436446400359273,0.6244279965758324,0.2742598243057728,4.436446249485016,0.8630375862121582,540,4010.5728435516357
-3.1652105152606964,-3.284357786178589,0.11914729792624712,0.6997667141258717,0.24301395565271378,1.1914729699492455,0.7259659618139267,541,4018.1463482379913
2.8254898339509964,2.5056919753551483,0.31979777477681637,0.366127141751349,0.1679823398590088,3.197977766394615,0.7259662002325058,542,4026.9723448753357
-1.6042616069316864,-1.7847775220870972,0.18051593471318483,0.5019664745777845,0.20848499238491058,1.805159293115139,0.7674624770879745,543,4034.433047771454
-2.277240414172411,-2.498276948928833,0.2210365254431963,0.680931031703949,0.1623168382793665,2.210365206003189,0.8630377799272537,544,4041.8614320755005
-0.19483143091201782,-1.0759015679359436,0.8810701631009579,0.7683692276477814,0.3419358842074871,8.810701251029968,0.9045339971780777,545,4049.081585407257
0.4488179385662079,0.31670181453227997,0.13211612030863762,0.3448993628844619,0.18242605403065681,1.3211612105369568,0.725966140627861,546,4056.7495324611664
-4.0496115535497665,-4.320464015007019,0.2708524614572525,0.7313325256109238,0.1337048327550292,2.7085245847702026,0.9045340269804001,547,4064.0957148075104
-7.161989778280258,-7.378369450569153,0.21637964062392712,0.48405943159013987,0.2724245563149452,2.1637963578104973,0.671887218952179,548,4071.61639547348
-3.2284365110099316,-3.371899086982012,0.1434626579284668,0.46635986119508743,0.24368897452950478,1.434626579284668,0.8215414434671402,549,4079.061671733856
-2.6429386362433434,-2.9165626615285873,0.2736240979284048,0.6335977399721742,0.1613038070499897,2.7362410128116608,0.8089587539434433,550,4086.7161593437195
0.16092407703399658,-0.07208949327468872,0.2330135703086853,0.5254006758332253,0.21478625759482384,2.330135613679886,0.8215414583683014,551,4094.1935720443726
-0.40041446685791016,-0.664440855383873,0.26402637362480164,0.3023835439234972,0.2400287576019764,2.640263646841049,0.7259662300348282,552,4101.439364910126
-5.749468699097633,-6.175169471651316,0.425700806081295,0.387858834117651,0.2802470028400421,4.257007896900177,0.7800451666116714,553,4108.9102528095245
-0.6499327570199966,-1.0386374443769455,0.388704814016819,0.49722321704030037,0.24876294285058975,3.8870480060577393,0.7674625366926193,554,4116.568208694458
-0.60175621509552,-0.7555840164422989,0.1538278181105852,0.5061895856633782,0.17136145010590553,1.538278192281723,0.7674624174833298,555,4124.021789312363
-2.83411180973053,-3.0141025483608246,0.17999080009758472,0.4436858482658863,0.3051758036017418,1.7999079525470734,0.6718872040510178,556,4131.581634759903
-1.943499207496643,-2.1721359491348267,0.2286366932094097,0.49375140480697155,0.1642320677638054,2.286366879940033,0.7674625217914581,557,4138.988748788834
-4.2778439819812775,-4.469754904508591,0.19191093370318413,0.5435545369982719,0.28941134363412857,1.9191092550754547,0.7800452262163162,558,4146.484666824341
-0.5825098752975464,-0.7987768352031708,0.2162669626995921,0.6895452104508877,0.20904737152159214,2.1626695841550827,0.8630377352237701,559,4153.930387735367
-2.7728019058704376,-2.9152976274490356,0.14249573927372694,0.3762102546170354,0.1660557985305786,1.4249573796987534,0.725966215133667,560,4161.373009681702
0.07943767309188843,-0.025526732206344604,0.1049644062295556,0.7070269584655762,0.18547451868653297,1.0496440529823303,0.8630377352237701,561,4168.60098695755
-2.064305603504181,-2.256220757961273,0.19191520102322102,0.3750537186861038,0.19145290553569794,1.919151946902275,0.7259662002325058,562,4176.081959486008
1.2458747327327728,1.1389353275299072,0.10693938937038183,0.5340104214847088,0.23344789445400238,1.0693938955664635,0.8215414136648178,563,4183.571449041367
-1.1546928733587265,-1.7815913334488869,0.6268985383212566,0.7981885671615601,0.23486557975411415,6.268985271453857,0.9045339971780777,564,4190.9127287864685
1.5777473896741867,1.4116490632295609,0.16609839163720608,0.7243377417325974,0.19875815510749817,1.6609838977456093,0.8630377352237701,565,4198.437280893326
33.78013110905886,-4.124057702720165,37.90418807789683,0.6583674252033234,0.23471336252987385,379.0418730676174,0.7800451368093491,566,4205.960866212845
-3.061587393283844,-3.3130816519260406,0.25149430707097054,0.8665351122617722,0.21401868760585785,2.51494300365448,0.8630377501249313,567,4213.457057714462
0.322099681943655,0.08826909959316254,0.23383057862520218,0.6617828235030174,0.19597856886684895,2.3383057713508606,0.8630377352237701,568,4220.938555955887
-1.3671447038650513,-1.6072143614292145,0.2400696873664856,0.3707434982061386,0.23022763431072235,2.400696784257889,0.7800451815128326,569,4228.337196588516
-3.0331164598464966,-3.2583210468292236,0.22520464845001698,0.4842436285689473,0.18863497488200665,2.252046436071396,0.7674624472856522,570,4235.773770570755
-0.44951655715703964,-0.7049879431724548,0.25547135062515736,0.5544493235647678,0.1849607490003109,2.5547135174274445,0.8215414881706238,571,4243.340553045273
-1.6473720073699951,-1.8133417665958405,0.16596979461610317,0.7153101414442062,0.1636641062796116,1.6596979051828384,0.7800451666116714,572,4250.511758089066
-1.953924521803856,-2.4073199331760406,0.45339538529515266,0.3888418786227703,0.2385289929807186,4.533953666687012,0.7259661555290222,573,4258.265949964523
-2.007803753018379,-2.103994458913803,0.09619073197245598,0.5279883109033108,0.20861531421542168,0.9619073197245598,0.8215413242578506,574,4265.5474989414215
-2.5551319122314453,-2.7527429163455963,0.19761106185615063,0.4697697376832366,0.24084980227053165,1.976110577583313,0.7674623876810074,575,4273.064969778061
-3.4956776164472103,-3.642143447883427,0.14646587893366814,0.39536326099187136,0.28909128345549107,1.464658796787262,0.7259661257266998,576,4280.531062364578
-3.795389473438263,-3.9703288078308105,0.17493928968906403,0.4996136762201786,0.20216217450797558,1.7493928670883179,0.8215414732694626,577,4288.106534004211
-0.7968490719795227,-0.9955562353134155,0.19870719639584422,0.6416897848248482,0.30165766924619675,1.9870718866586685,0.8630374521017075,578,4296.171831130981
1.018997609615326,-1.2977995425462723,2.316797159612179,0.5749564692378044,0.18809472024440765,23.167972058057785,0.8215414434671402,579,4303.461947441101
0.662077508866787,0.5591071434319019,0.10297040152363479,0.5601005014032125,0.21519381739199162,1.029704000800848,0.725966215133667,580,4310.821541309357
-1.993487648665905,-2.182960882782936,0.18947320617735386,0.40594927221536636,0.24730628728866577,1.894732043147087,0.7259661257266998,581,4318.115272283554
-1.3849523663520813,-1.4880295991897583,0.10307723330333829,0.35883548203855753,0.20440497063100338,1.0307723134756088,0.6718872040510178,582,4325.337065219879
-3.981964349746704,-4.186768412590027,0.20480414107441902,0.805044949054718,0.21500510163605213,2.0480413734912872,0.9045340269804001,583,4333.015315771103
-9.019309908151627,-9.20200565457344,0.18269590102136135,0.5358655042946339,0.21641827374696732,1.8269590139389038,0.7259662002325058,584,4340.671030521393
-1.2934409049339592,-1.4034607410430908,0.11001982213929296,0.3461947552859783,0.14712188765406609,1.1001982018351555,0.4998326897621155,585,4347.725513458252
-0.04761124774813652,-0.21782994270324707,0.17021870659664273,0.44389641657471657,0.21096870675683022,1.702187042683363,0.8215414583683014,586,4354.95808839798
12.585760585963726,-1.445695921778679,14.031457029283047,0.40530261397361755,0.1705555859953165,140.31456834077835,0.7133834362030029,587,4362.520989179611
6.095780521631241,-4.866649180650711,10.962429739534855,0.5894383266568184,0.2915461156517267,109.62429362535477,0.7674624621868134,588,4369.99799323082
3.358262114226818,3.1426622048020363,0.21560008078813553,0.8175784349441528,0.14997081831097603,2.1560007631778717,0.8630377650260925,589,4377.499541044235
2.6989742815494537,1.2990834712982178,1.3998908456414938,0.28442284278571606,0.18821045011281967,13.998907953500748,0.4872499704360962,590,4384.551471948624
-0.7855486646294594,-0.8803083524107933,0.09475972037762403,0.4818855607882142,0.13082991540431976,0.9475971758365631,0.6718872338533401,591,4391.893668889999
-1.3986427038908005,-1.5603067874908447,0.16166399233043194,0.5654111541807652,0.2380678541958332,1.616639882326126,0.7800451964139938,592,4399.0864610672
-1.4874339401721954,-1.5596196055412292,0.07218565884977579,0.37977366521954536,0.2563900910317898,0.7218565717339516,0.7800451964139938,593,4406.474627971649
-4.371610879898071,-4.65646368265152,0.28485284047201276,0.6816969029605389,0.19647005945444107,2.848528426140547,0.7674624472856522,594,4413.7722063064575
-3.458002358675003,-3.643846035003662,0.1858436744660139,0.7663062959909439,0.26691071316599846,1.8584367334842682,0.9045340120792389,595,4421.456163883209
-3.830216556787491,-4.068606078624725,0.23838949762284756,0.6860081404447556,0.26531271263957024,2.3838949501514435,0.8630378395318985,596,4428.914615154266
-1.1135697662830353,-1.2467736303806305,0.13320384453982115,0.3090480687096715,0.25090893916785717,1.3320384621620178,0.7259661257266998,597,4436.568646192551
-2.569492906332016,-2.719290480017662,0.14979748986661434,0.4794134655967355,0.2134330403059721,1.4979748278856277,0.7259662002325058,598,4444.025558233261
-3.288313180208206,-3.4875636845827103,0.19925055094063282,0.8121444284915924,0.2218815702944994,1.9925054907798767,0.8630377799272537,599,4451.372614145279
-1.8089549541473389,-2.040961503982544,0.23200652562081814,0.5137401819229126,0.24496209248900414,2.320065200328827,0.8215414434671402,600,4458.90323805809
-1.6952444016933441,-1.8566828817129135,0.16143844556063414,0.7092486172914505,0.19834696501493454,1.6143843829631805,0.8630377054214478,601,4467.181287288666
-0.5647280216217041,-0.7278081625699997,0.16308016702532768,0.5745288077741861,0.1971791796386242,1.630801647901535,0.8089587092399597,602,4474.457123756409
-4.7618747651577,-4.998149771243334,0.23627510480582714,0.48680947348475456,0.28134141117334366,2.362750992178917,0.780045211315155,603,4481.781212091446
-0.16561254858970642,-0.46446093916893005,0.29884836450219154,0.443878305144608,0.23150459304451942,2.9884836077690125,0.7674624472856522,604,4489.227748155594
-0.3556041121482849,-0.47943466901779175,0.12383055500686169,0.44681677781045437,0.10167579352855682,1.2383055537939072,0.7133835107088089,605,4496.529408454895
-0.3612406253814697,-0.5517560839653015,0.19051542086526752,0.44525765627622604,0.2546956427395344,1.9051541611552238,0.6718871742486954,606,4503.983745336533
-0.6908535361289978,-0.7630011439323425,0.07214765762910247,0.48302289843559265,0.23026438057422638,0.7214765623211861,0.8215414434671402,607,4511.571339845657
-2.6827707067131996,-3.0520408153533936,0.36927011236548424,0.43201542645692825,0.2715461403131485,3.6927009969949722,0.725966140627861,608,4518.843643665314
-1.7946986556053162,-1.9506874084472656,0.15598876401782036,0.5173454284667969,0.18661215901374817,1.5598875731229782,0.8215414434671402,609,4526.453005075455
2.342147096991539,0.6544535458087921,1.6876935716718435,0.6787532903254032,0.18010738492012024,16.876935929059982,0.8215414434671402,610,4533.957845926285
-0.5468718856573105,-0.9713041037321091,0.42443220783025026,0.41773924231529236,0.2436678446829319,4.244322031736374,0.7385488450527191,611,4541.057393789291
-0.6955466568470001,-0.7832591533660889,0.08771244483068585,0.7135805562138557,0.23432040587067604,0.8771244548261166,0.8215414434671402,612,4548.407523393631
-0.8590315878391266,-0.9557382464408875,0.09670670796185732,0.5872227214276791,0.20135076344013214,0.9670670330524445,0.7800451964139938,613,4556.051098585129
-3.9063121378421783,-4.649715960025787,0.7434037886559963,0.429977566935122,0.12573852203786373,7.434037506580353,0.7674624919891357,614,4564.1428191661835
-4.758132338523865,-5.028409659862518,0.2702772989869118,0.45478907600045204,0.19554490968585014,2.702773004770279,0.8215414136648178,615,4571.723173856735
-0.4000518172979355,-0.5279614925384521,0.127909735776484,0.4897228330373764,0.28374550119042397,1.2790973484516144,0.8215413689613342,616,4579.171109199524
1.9050298929214478,1.634977102279663,0.27005278319120407,0.6449102647602558,0.26146824285387993,2.700527787208557,0.8630377352237701,617,4586.637865304947
-0.4785064458847046,-0.6081277579069138,0.12962131388485432,0.7530520036816597,0.13560594618320465,1.2962130904197693,0.8630377799272537,618,4594.143546819687
-2.234538108110428,-2.371366858482361,0.1368286795914173,0.6401183046400547,0.2753072567284107,1.3682867735624313,0.8630377352237701,619,4601.639362812042
-0.9140208289027214,-1.0563652915880084,0.142344543710351,0.5311245694756508,0.19625463895499706,1.4234454333782196,0.7674625068902969,620,4609.305214643478
1.95585747808218,1.7509452104568481,0.20491217635571957,0.47500187158584595,0.29456334188580513,2.049121767282486,0.8215414732694626,621,4616.629319667816
-0.1535014808177948,-0.32436420023441315,0.17086268216371536,0.5490093156695366,0.23122396133840084,1.7086267471313477,0.8215414434671402,622,4623.8756403923035
0.14025798439979553,-0.04207789897918701,0.18233591690659523,0.5958140790462494,0.25992412120103836,1.823359102010727,0.8630377501249313,623,4631.022274017334
0.12340430915355682,-0.03977251052856445,0.1631768513470888,0.670049250125885,0.182580029591918,1.6317684799432755,0.8630377650260925,624,4638.215545654297
0.0971762165427208,-0.07749979197978973,0.17467601411044598,0.4164775721728802,0.22280031070113182,1.7467601150274277,0.7800451964139938,625,4645.580348968506
-1.164023220539093,-1.2846867144107819,0.12066352041438222,0.5301628485321999,0.2560956720262766,1.2066351771354675,0.8215415179729462,626,4652.903886318207
-4.603809356689453,-5.029086709022522,0.42527739331126213,0.5172060243785381,0.2579689994454384,4.252773880958557,0.8215414732694626,627,4660.366749048233
0.14725610613822937,-4.5198201686143875,4.667076397687197,0.21745514124631882,0.2311835065484047,46.670761093497276,0.6844699084758759,628,4667.749290943146
-0.2904437184333801,-0.43549758195877075,0.14505380671471357,0.6135000996291637,0.25389402732253075,1.450538009405136,0.8630377650260925,629,4675.118275880814
-1.8391073346138,-2.1863981038331985,0.34729078225791454,0.5362636595964432,0.2077123410999775,3.4729077368974686,0.7800451070070267,630,4682.598774194717
-4.41865149140358,-4.621511340141296,0.20285981195047498,0.5011907890439034,0.32989785447716713,2.028598081320524,0.8215414434671402,631,4689.9527451992035
-1.8463414385914803,-2.1032988019287586,0.25695736054331064,0.5702276192605495,0.2422899529337883,2.5695735067129135,0.8215414583683014,632,4697.4623692035675
-3.565551459789276,-4.090752720832825,0.5252011921256781,0.354856725782156,0.17877076007425785,5.252011880278587,0.684469923377037,633,4704.806418657303
-2.80104261636734,-2.915881961584091,0.11483933753333986,0.3662965605035424,0.19278320483863354,1.1483933329582214,0.725966215133667,634,4712.408389091492
-2.964052528142929,-3.0936908423900604,0.12963837897405028,0.6374506922438741,0.23502809554338455,1.296383760869503,0.8089587688446045,635,4719.714612960815
-1.625163048505783,-1.7811626195907593,0.15599958784878254,0.5579889230430126,0.20817406475543976,1.5599959045648575,0.8215414583683014,636,4727.2242732048035
-2.459313243627548,-2.7381306886672974,0.27881744503974915,0.5311143919825554,0.23888497799634933,2.7881743907928467,0.7800451517105103,637,4734.599589109421
0.05264681577682495,-0.2389189600944519,0.29156577959656715,0.4465135866776109,0.23678165301680565,2.9156576693058014,0.7259662002325058,638,4742.172957420349
-1.143601717427373,-1.338463306427002,0.19486157596111298,0.45765114203095436,0.2291400320827961,1.9486156851053238,0.8215413689613342,639,4749.637579917908
0.7232436239719391,0.5958182513713837,0.12742537911981344,0.658333919942379,0.2769007831811905,1.2742537707090378,0.8215413838624954,640,4756.939037322998
-0.3042740635573864,-0.4400092773139477,0.13573519326746464,0.20178067591041327,0.19061259925365448,1.357351928949356,0.6844697892665863,641,4764.448390483856
-0.42566749826073647,-0.4876885302364826,0.062021044082939625,0.1827000342309475,0.16859840415418148,0.6202104389667511,0.684469923377037,642,4771.5795109272
0.8496062513440847,0.5310323629528284,0.3185739330947399,0.5055952779948711,0.2427075281739235,3.1857393085956573,0.8215414434671402,643,4778.844026327133
-4.401857793331146,-4.501793920993805,0.09993612580001354,0.8220330625772476,0.2883419245481491,0.9993612170219421,0.863037720322609,644,4786.161347866058
-3.397937148809433,-4.007235288619995,0.6092981258407235,0.6167820589616895,0.1728812362998724,6.092981278896332,0.8089587390422821,645,4793.530379533768
-1.3714247178286314,-1.4965507686138153,0.125126076862216,0.5289655001834035,0.16203425265848637,1.2512607723474503,0.7674624770879745,646,4801.046889543533
-2.9863364845514297,-3.1886647194623947,0.202328247949481,0.5464592054486275,0.25818290561437607,2.023282453417778,0.7674624919891357,647,4808.502059221268
3.322317834943533,3.162194326519966,0.16012344136834145,0.8278159946203232,0.13906225562095642,1.6012343764305115,0.9045340269804001,648,4815.954027175903
0.25661573465913534,-0.002156570553779602,0.2587723059114069,0.27205966552719474,0.13480593729764223,2.5877229496836662,0.5413289666175842,649,4823.165781021118
-2.787900894880295,-3.0364105701446533,0.24850969668477774,0.3729897364974022,0.23500429093837738,2.485096886754036,0.7800451517105103,650,4830.497913122177
2.3900529742240906,-1.2507036924362183,3.640756655484438,0.43382280971854925,0.13067477941513062,36.40756702423096,0.5828252285718918,651,4837.866263389587
-2.2806636840105057,-2.4199472293257713,0.1392835546284914,0.23661638051271439,0.2084389254450798,1.3928355425596237,0.684469923377037,652,4845.235380411148
-1.215798556804657,-1.3209931552410126,0.1051946016959846,0.6580783054232597,0.32456566393375397,1.0519459806382656,0.8215414136648178,653,4852.599022626877
-2.7846082150936127,-2.965802103281021,0.18119389191269875,0.5903439074754715,0.2222306588664651,1.8119388818740845,0.8215413391590118,654,4859.776162862778
-0.34548222832381725,-0.4993252959102392,0.153843080624938,0.3573158923536539,0.1759890504181385,1.5384307652711868,0.5954079777002335,655,4867.322807312012
-4.061014115810394,-4.2848095297813416,0.22379537858068943,0.5311672203242779,0.25371045246720314,2.237953782081604,0.8215414583683014,656,4874.50337767601
-3.63898041844368,-3.8174819350242615,0.1785015102941543,0.48930868227034807,0.19204795360565186,1.7850150130689144,0.7674624621868134,657,4882.055408000946
-3.2870748043060303,-3.447765290737152,0.1606905832886696,0.5216373354196548,0.2385923434048891,1.606905810534954,0.7800451219081879,658,4889.471280574799
-3.497340108733624,-3.624066392891109,0.12672637728974223,0.5257583484053612,0.23447048291563988,1.2672637328505516,0.821541428565979,659,4897.061768531799
-2.3504839539527893,-2.4387894570827484,0.08830549195408821,0.5205022487789392,0.17435381188988686,0.8830548971891403,0.725966215133667,660,4904.8665091991425
-1.205419268924743,-1.323479250073433,0.11805999604985118,0.27232592552900314,0.10108396783471107,1.1805999279022217,0.541328951716423,661,4911.89660358429
-1.3006278350949287,-1.4741060435771942,0.17347820661962032,0.48532576113939285,0.1441554892808199,1.7347819954156876,0.6369042843580246,662,4919.096142053604
-1.3727032244205475,-1.5644119083881378,0.19170867279171944,0.3618887700140476,0.20086151733994484,1.9170866906642914,0.7800451517105103,663,4926.498003959656
-1.339320495724678,-1.631363421678543,0.29204295109957457,0.20015452336519957,0.17944657243788242,2.920429453253746,0.6303909420967102,664,4933.663165807724
-0.41499078273773193,-0.6403020322322845,0.22531126253306866,0.3524782098829746,0.27895745635032654,2.2531126141548157,0.7800452262163162,665,4940.861412525177
-0.10871160868555307,-0.20661115646362305,0.09789954079315066,0.501278237439692,0.12255127727985382,0.978995393961668,0.4998327046632767,666,4948.18226146698
-4.129077538847923,-4.214169669896364,0.08509209426119924,0.46546588465571404,0.13386118598282337,0.8509209416806698,0.7800452262163162,667,4955.489228487015
-3.4957676231861115,-3.5992547273635864,0.10348705668002367,0.3884004168212414,0.2421746626496315,1.0348705425858498,0.780045211315155,668,4963.002081155777
-1.3726156055927277,-1.5155668258666992,0.14295124169439077,0.42274004500359297,0.1416392382234335,1.4295123927295208,0.7133834809064865,669,4970.387884378433
-2.3379006776958704,-2.451225081924349,0.11332442762795836,0.6425141021609306,0.21550625376403332,1.1332442462444305,0.8215414434671402,670,4977.5772540569305
-0.2600349485874176,-0.43912047147750854,0.17908556200563908,0.22046697046607733,0.18354891426861286,1.7908555716276169,0.684469923377037,671,4985.544759988785
-1.5472210347652435,-1.8130269348621368,0.2658059005625546,0.39324626326560974,0.1991155557334423,2.658059000968933,0.7259661853313446,672,4992.900793552399
0.49935394525527954,-0.11367672681808472,0.6130306906998158,0.5361394137144089,0.2802250310778618,6.130306884646416,0.7800451517105103,673,5000.133748292923
-1.5990314746741205,-1.8072887063026428,0.20825723162852228,0.49464296735823154,0.23557420633733273,2.082572229206562,0.636904239654541,674,5007.440251588821
-0.011987537145614624,-0.5991636216640472,0.5871760305017233,0.3285609632730484,0.2064436487853527,5.871760278940201,0.5954079926013947,675,5014.5822875499725
-2.5162237733602524,-2.5984554514288902,0.08223163429647684,0.2544576432555914,0.14901398681104183,0.8223163336515427,0.671887218952179,676,5022.400769233704
-0.38451971113681793,-0.6350776553153992,0.25055789947509766,0.8212196528911591,0.1819409467279911,2.505578964948654,0.9045339971780777,677,5030.169722080231
-0.44805726408958435,-0.5352984368801117,0.08724119840189815,0.20563700050115585,0.18131586723029613,0.8724119812250137,0.6844698488712311,678,5037.342710494995
1.4442674927413464,1.1373642571270466,0.3069032356142998,0.8111427575349808,0.20179970934987068,3.069032311439514,0.9045339971780777,679,5045.427245616913
-0.337194463936612,-0.41848376765847206,0.0812892981339246,0.1469900831580162,0.13350145891308784,0.8128929547965527,0.44575366377830505,680,5052.522431850433
-5.6162543296813965,-5.668347001075745,0.05209269933402538,0.5349228829145432,0.272458728402853,0.5209269821643829,0.8215414583683014,681,5059.978986978531
-1.144594967365265,-1.4135078638792038,0.26891287975013256,0.6945124417543411,0.24228242225944996,2.68912872672081,0.8089587241411209,682,5067.372788667679
-0.9728480875492096,-1.184070959687233,0.21122290566563606,0.5637938231229782,0.24784982204437256,2.1122290194034576,0.7800450474023819,683,5074.725898265839
-0.7488828897476196,-0.8996160328388214,0.1507331244647503,0.6813384667038918,0.21665773168206215,1.507331222295761,0.8630377352237701,684,5082.273811340332
-2.4247461929917336,-2.6328907012939453,0.20814458839595318,0.6062375465407968,0.17591671086847782,2.081445887684822,0.8089587688446045,685,5089.76930475235
-1.770025011152029,-2.148034054785967,0.3780090846121311,0.38691893219947815,0.24311251565814018,3.780090682208538,0.7800451219081879,686,5097.048493862152
-0.41621866822242737,-0.5901658535003662,0.1739471722394228,0.3796561509370804,0.20703207701444626,1.7394717037677765,0.7800451964139938,687,5104.551069498062
-3.224010020494461,-3.475169837474823,0.2511598030105233,0.5459520258009434,0.2087392769753933,2.5115980058908463,0.7674624770879745,688,5111.846924543381
0.336993969976902,0.1608697846531868,0.17612419743090868,0.44451225362718105,0.11233548074960709,1.7612419426441193,0.7133834809064865,689,5119.046565771103
-4.6434937715530396,-4.734799027442932,0.09130527870729566,0.5027420595288277,0.18540162220597267,0.9130527600646019,0.7259662002325058,690,5126.371513128281
1.5581914186477661,1.343183159828186,0.2150082942098379,0.5726379603147507,0.19027815014123917,2.1500828862190247,0.8215414881706238,691,5133.809883356094
-2.1021493673324585,-4.102047801017761,1.9998983703553677,0.45477350428700447,0.21807407960295677,19.998983949422836,0.7800451070070267,692,5141.121967792511
0.7465652525424957,0.5391957759857178,0.20736945234239101,0.35505450796335936,0.14928997308015823,2.073694497346878,0.6844699382781982,693,5148.868601560593
-1.0365629643201828,-1.1216808184981346,0.08511793380603194,0.19180871825665236,0.22638020664453506,0.8511793240904808,0.6303908824920654,694,5156.100790977478
-0.7072316706180573,-0.7906424254179001,0.08341074828058481,0.6063124490901828,0.23609083145856857,0.8341074436903,0.8089587390422821,695,5163.8386759758
-2.4935019612312317,-2.609312057495117,0.11581012140959501,0.3333050226792693,0.17693009041249752,1.158101201057434,0.7259661704301834,696,5171.006635189056
-0.5307404473423958,-0.6029428243637085,0.07220238074660301,0.27171938121318817,0.21406054496765137,0.7220238000154495,0.7385489344596863,697,5178.400450706482
-4.715871453285217,-4.867979526519775,0.15210805437527597,0.3556156512349844,0.21124735847115517,1.5210804753005505,0.7259661853313446,698,5185.518434286118
-2.5790878012776375,-2.707123577594757,0.12803581822663546,0.4738035313785076,0.2244613952934742,1.2803581357002258,0.821541428565979,699,5192.7365210056305
-1.8057556748390198,-1.922454595565796,0.11669894633814692,0.3519609831273556,0.27219391986727715,1.1669894643127918,0.6718872934579849,700,5200.074938058853
-1.7868237644433975,-1.857786238193512,0.07096241833642125,0.3065266413614154,0.18718096055090427,0.7096241898834705,0.7259661704301834,701,5207.7464056015015
1.220610722899437,0.7921089828014374,0.4285017363727093,0.36010365933179855,0.1762653961777687,4.285017311573029,0.725966215133667,702,5215.293988466263
-1.2410140559077263,-1.3516999892890453,0.11068589426577091,0.518566407263279,0.17556786630302668,1.1068589091300964,0.8215413987636566,703,5222.500204324722
-2.721362203359604,-2.8843478113412857,0.1629855427891016,0.36953665874898434,0.18956647254526615,1.6298554241657257,0.7259661853313446,704,5230.1888155937195
-1.6295590698719025,-1.7146176397800446,0.08505857642740011,0.530064657330513,0.2133602574467659,0.8505857586860657,0.7259662300348282,705,5237.397847890854
-1.1884793788194656,-1.312267780303955,0.12378842011094093,0.2666039867326617,0.1566995307803154,1.2378841936588287,0.6178082078695297,706,5245.042948722839
-2.5518542677164078,-2.8163717538118362,0.26451754942536354,0.4858393296599388,0.16595267318189144,2.6451754420995712,0.7133834809064865,707,5252.370339155197
-2.2567029744386673,-2.347279869019985,0.09057682519778609,0.3352721482515335,0.24083836190402508,0.9057682454586029,0.6303908973932266,708,5259.791716337204
-2.089022794738412,-2.3978097047656775,0.30878690630197525,0.516965676099062,0.16766970045864582,3.087869018316269,0.8215414583683014,709,5267.06263422966
-3.4814880788326263,-3.6500574499368668,0.1685692872852087,0.5051584346219897,0.1934911161661148,1.685692846775055,0.7674624770879745,710,5274.452779054642
-1.2194917052984238,-1.3065431714057922,0.08705148752778769,0.8642764985561371,0.23128511756658554,0.8705148547887802,0.8089587092399597,711,5281.859190225601
0.2564806714653969,-0.4489591717720032,0.7054398059844971,0.5137391835451126,0.24507443234324455,7.054397940635681,0.767462432384491,712,5289.011102676392
-1.644835889339447,-1.7828759253025055,0.1380400573834777,0.5191112384200096,0.28387919440865517,1.380400538444519,0.8215414136648178,713,5296.155133485794
-0.9836603403091431,-1.1705171167850494,0.186856709420681,0.6508834883570671,0.1496370965614915,1.8685670495033264,0.8630376905202866,714,5303.606406211853
0.7742806077003479,0.20887643098831177,0.565404174849391,0.3762539466843009,0.18434249609708786,5.6540417522192,0.6303909122943878,715,5310.798901319504
-0.9157812893390656,-1.0942915678024292,0.17851028591394424,0.572659820318222,0.2866016514599323,1.7851028144359589,0.8215412497520447,716,5318.5806221961975
-2.7095073461532593,-2.9082348346710205,0.19872749596834183,0.6570616215467453,0.19908311776816845,1.9872748851776123,0.8630377352237701,717,5326.0724630355835
-5.03476956486702,-5.145203948020935,0.11043447349220514,0.5942202657461166,0.26721470430493355,1.104344718158245,0.8215414583683014,718,5333.2817442417145
-3.038053300231695,-3.2469872422516346,0.20893394947052002,0.5106278629973531,0.20492117293179035,2.0893394351005554,0.7674624770879745,719,5340.982310771942
0.21915894746780396,0.07394333742558956,0.1452154666185379,0.5409055203199387,0.30696655437350273,1.452154628932476,0.8215414136648178,720,5348.65016913414
-1.7898591384291649,-2.2864422500133514,0.4965831432491541,0.33102183043956757,0.1445455700159073,4.965831369161606,0.6718872487545013,721,5356.372210025787
0.7121685966849327,0.49814923852682114,0.21401933766901493,0.5495186895132065,0.20621062442660332,2.1401933431625366,0.8215414434671402,722,5364.004949331284
-3.8804000932723284,-4.018578216433525,0.13817815482616425,0.48094075359404087,0.22151918709278107,1.38178151845932,0.6369042545557022,723,5371.260509252548
2.0281213894486427,-1.9870941489934921,4.015215561725199,0.43262109998613596,0.2960780020803213,40.15215610712767,0.7674624770879745,724,5378.351962566376
-2.750669948756695,-2.9056528508663177,0.1549829440191388,0.6532625071704388,0.24885213002562523,1.5498293787240982,0.8089587688446045,725,5385.802156925201
0.41837963461875916,0.33717918395996094,0.08120059128850698,0.6110012270510197,0.23617259413003922,0.8120058923959732,0.8630375564098358,726,5393.613984823227
0.6195599026978016,0.5136785520007834,0.1058813314884901,0.6440424993634224,0.1669027842581272,1.0588133111596107,0.767462432384491,727,5401.215698480606
0.2811597138643265,0.0625247210264206,0.21863501332700253,0.4819488115608692,0.20852662809193134,2.1863500624895096,0.7674624770879745,728,5408.441173315048
-3.5857908949255943,-3.8424137979745865,0.256622901186347,0.5541410967707634,0.16162566281855106,2.566228985786438,0.8215414583683014,729,5415.672022819519
-1.3315516710281372,-1.7396461367607117,0.40809448435902596,0.40652933344244957,0.2129121534526348,4.080944821238518,0.7385488599538803,730,5422.880709886551
-2.815248504281044,-2.9559206813573837,0.14067218080163002,0.6726870648562908,0.20546722784638405,1.4067217707633972,0.8215413987636566,731,5430.544974803925
0.4401968540623784,0.3757009506225586,0.06449593277648091,0.5191559214144945,0.2778745014220476,0.6449593156576157,0.7674624025821686,732,5437.6523587703705
-5.8787413239479065,-8.1602783203125,2.281536977738142,0.7689566910266876,0.27042315900325775,22.815368324518204,0.9045339822769165,733,5444.960951805115
-2.033069282770157,-2.12594972550869,0.09288040641695261,0.2506987676024437,0.231398556381464,0.9288040548563004,0.7800451219081879,734,5452.781983375549
-0.8133983984589577,-0.9141098856925964,0.10071149631403387,0.4107522778213024,0.20531762763857841,1.007114939391613,0.630390927195549,735,5459.86484503746
0.9944662414491177,0.8425598219037056,0.1519064214080572,0.7263486981391907,0.14072925178334117,1.5190641731023788,0.8215414583683014,736,5467.350113153458
-1.4981510154902935,-1.6196254985406995,0.1214744932949543,0.4314550422132015,0.1739637516438961,1.2147449254989624,0.7674625366926193,737,5474.728665113449
-2.5552247017621994,-2.7259823866188526,0.17075767926871777,0.5779229225590825,0.18131974898278713,1.7075767666101456,0.8089587539434433,738,5482.074614286423
-2.216375984251499,-2.3122930377721786,0.09591698087751865,0.5176185928285122,0.19721558690071106,0.9591697715222836,0.7133834809064865,739,5489.3041162490845
1.2579005658626556,1.1829655766487122,0.0749349994584918,0.7190154194831848,0.16863594762980938,0.7493499889969826,0.8630376756191254,740,5496.7492134571075
-7.638384163379669,-7.777434706687927,0.1390504240989685,0.7752078026533127,0.2736980877816677,1.3905041962862015,0.9045340120792389,741,5504.452720165253
0.4749327003955841,0.3612801432609558,0.1136525571346283,0.3448807056993246,0.19242271967232227,1.13652553409338,0.6844699382781982,742,5511.682514429092
-2.1418447047472,-3.4378374814987183,1.2959927949123085,0.4898464120924473,0.2576894909143448,12.959928147494793,0.8215414583683014,743,5519.639034509659
-1.5467272140085697,-1.6919461488723755,0.14521892904303968,0.6701679080724716,0.2030759211629629,1.4521892592310905,0.8630377352237701,744,5527.462081193924
-1.0905014127492905,-2.290730893611908,1.200229486450553,0.5023731291294098,0.224520955234766,12.002295091748238,0.725966215133667,745,5534.869519948959
-1.1198308169841766,-1.3144121766090393,0.1945813475176692,0.5114557072520256,0.20783861726522446,1.9458134323358536,0.7674623429775238,746,5542.483358383179
38.199449583888054,-1.1379174590110779,39.33736637793481,0.6248013898730278,0.20761490985751152,393.3736561536789,0.7800452262163162,747,5549.874407529831
-0.41881006956100464,-0.6844160705804825,0.2656059917062521,0.582345224916935,0.20860751904547215,2.6560598015785217,0.8215414732694626,748,5557.191223859787
-3.8832523226737976,-3.980650782585144,0.09739849902689457,0.6033119410276413,0.24007321149110794,0.9739849530160427,0.8215414732694626,749,5564.57998585701
7.917506664991379,-0.5797512158751488,8.49725803732872,0.689821720123291,0.11977015621960163,84.9725746512413,0.8215414732694626,750,5572.030460357666
-5.4486396089196205,-5.643386274576187,0.19474675878882408,0.2411428540945053,0.21742937341332436,1.947467565536499,0.6844699084758759,751,5580.474538564682
-2.7669644951820374,-3.0432442128658295,0.2762796897441149,0.3972940109670162,0.24064789339900017,2.762796923518181,0.6844698935747147,752,5587.693581104279
-2.053463239222765,-2.248599048703909,0.19513588212430477,0.6797045767307281,0.23546311631798744,1.951358824968338,0.8089587688446045,753,5595.030530691147
-1.348176747560501,-1.6370646357536316,0.288887906819582,0.5302285775542259,0.18922596983611584,2.888878971338272,0.821541428565979,754,5602.234308958054
-1.5420015156269073,-1.7725230753421783,0.2305214386433363,0.5876235067844391,0.314457343891263,2.3052144050598145,0.8215412944555283,755,5609.87203168869
-3.7006595046259463,-3.8765602111816406,0.17590062087401748,0.41308406740427017,0.19633059203624725,1.7590061407536268,0.6369042098522186,756,5617.020090818405
1.5621535331010818,1.3715698681771755,0.19058362022042274,0.31970009952783585,0.22581359557807446,1.9058361649513245,0.7259662002325058,757,5624.383815050125
-2.977461576461792,-3.244211882352829,0.2667503245174885,0.7987130582332611,0.16547509655356407,2.667503148317337,0.8630377650260925,758,5631.996561765671
-0.1727331578731537,-0.2940495712682605,0.12131641712039709,0.6223395615816116,0.22799992188811302,1.2131641507148743,0.863037720322609,759,5639.530555486679
-1.2112024202942848,-1.4888906870037317,0.27768824622035027,0.8544521182775497,0.1889890544116497,2.7768824696540833,0.8215414583683014,760,5647.137223005295
-3.188227415084839,-3.355080246925354,0.16685274615883827,0.6778403520584106,0.2531431317329407,1.6685274541378021,0.863037720322609,761,5654.437360048294
-2.3155261874198914,-2.494096040725708,0.1785698039457202,0.5731663517653942,0.19306228682398796,1.7856979817152023,0.8215414583683014,762,5662.00883769989
1.1075779125094414,0.8965032771229744,0.21107467077672482,0.5985073819756508,0.343609482049942,2.1107467114925385,0.8089587688446045,763,5669.332497119904
-3.12024587392807,-3.5578632056713104,0.4376172684133053,0.578926065005362,0.23540689796209335,4.376172661781311,0.8089587390422821,764,5676.79391336441
-3.123342663049698,-3.312254458665848,0.18891185522079468,0.4889298975467682,0.2839838080108166,1.8891185224056244,0.8215414881706238,765,5684.0473001003265
-1.0612646639347076,-1.1771404147148132,0.11587576754391193,0.4695450132712722,0.17081083916127682,1.1587576419115067,0.6718871891498566,766,5691.248893976212
-0.31030754931271076,-0.41739342734217644,0.10708599723875523,0.4000033400952816,0.23175612464547157,1.070859968662262,0.780045211315155,767,5698.701292276382
-5.202217400074005,-5.409630119800568,0.20741259306669235,0.6782885268330574,0.20536337979137897,2.0741259157657623,0.8215414136648178,768,5706.30549454689
-1.0683070831000805,-1.2082846984267235,0.13997759809717536,0.4940035818144679,0.12178484909236431,1.3997759632766247,0.7674624919891357,769,5713.542592048645
-2.0556570887565613,-2.2646415531635284,0.20898445881903172,0.5380833204835653,0.18447584100067616,2.0898445546627045,0.7674625217914581,770,5720.9091601371765
-1.9727292992174625,-2.0844796299934387,0.11175028327852488,0.355209075845778,0.2067323699593544,1.1175028085708618,0.671887218952179,771,5728.099412202835
-0.6289207488298416,-0.8903279602527618,0.2614072021096945,0.4323238357901573,0.25200479105114937,2.6140719652175903,0.7259660810232162,772,5735.689844369888
-3.8689327873289585,-4.294410387519747,0.42547765374183655,0.5171852558851242,0.24660002812743187,4.254776477813721,0.8215414881706238,773,5743.024453163147
-1.5062308609485626,-1.775529384613037,0.2692984752357006,0.3984878584742546,0.2135455645620823,2.6929846704006195,0.684469923377037,774,5750.392461061478
-2.5403943359851837,-2.6938467426225543,0.15345247089862823,0.8169999271631241,0.2365686632692814,1.53452467918396,0.8630377054214478,775,5757.612347602844
-0.012718787416815758,-0.3193175094202161,0.30659874342381954,0.5152968037873507,0.15314319916069508,3.0659873336553574,0.6369042247533798,776,5765.006744623184
-0.3982609324157238,-0.6457610093057156,0.24750003591179848,0.4204568825662136,0.22433312982320786,2.4750003814697266,0.7259662002325058,777,5772.529024600983
-1.7409624233841896,-1.974238371476531,0.23327596113085747,0.5622280687093735,0.28189151361584663,2.3327596113085747,0.8215414732694626,778,5779.919805049896
-1.1139701902866364,-1.4991135001182556,0.3851432837545872,0.34556674491614103,0.16053244657814503,3.8514327704906464,0.7259661853313446,779,5787.301817417145
2.5474172830581665,1.9865904599428177,0.5608268976211548,0.6396068707108498,0.2790439911186695,5.608268857002258,0.8215414136648178,780,5794.568088293076
-6.110592365264893,-6.395871043205261,0.285278744995594,0.8253331035375595,0.21395285800099373,2.8527873754501343,0.9045340120792389,781,5801.9878470897675
1.4331894218921661,1.2543631494045258,0.1788263013586402,0.22893980145454407,0.22056325525045395,1.788262978196144,0.7385489046573639,782,5809.281492948532
-1.796224718913436,-1.9393882751464844,0.14316353108733892,0.6278695091605186,0.35821591690182686,1.431635245680809,0.8215413689613342,783,5816.4916203022
0.9054650962352753,0.7035823464393616,0.2018827311694622,0.7432917952537537,0.18520845472812653,2.0188272893428802,0.9045339971780777,784,5824.073760032654
0.2782434169203043,0.19279764965176582,0.08544576214626431,0.3705637790262699,0.29239362105727196,0.8544576317071915,0.684469923377037,785,5831.442427635193
-5.428460896015167,-5.790155410766602,0.36169467121362686,0.425187349319458,0.2117447517812252,3.6169466376304626,0.7800451964139938,786,5839.27535367012
-3.383893847465515,-3.8268429823219776,0.44294925779104233,0.6701263412833214,0.17608254496008158,4.429492473602295,0.8215413987636566,787,5846.710152626038
2.5333828926086426,2.109370570629835,0.4240122251212597,0.6253732293844223,0.19068246707320213,4.240122139453888,0.8630377501249313,788,5854.408779621124
-1.0136877000331879,-1.2970082387328148,0.2833205312490463,0.3554363548755646,0.17144060507416725,2.8332053124904633,0.725966215133667,789,5861.722429513931
-0.953413650393486,-1.2988872453570366,0.34547359216958284,0.6248789727687836,0.20556848496198654,3.454735815525055,0.8089587539434433,790,5869.361141204834
0.3977714106440544,0.14484699070453644,0.25292441062629223,0.2189102666452527,0.19564332254230976,2.529244065284729,0.6844698339700699,791,5876.612971067429
-2.213024362921715,-2.7735026627779007,0.5604783240705729,0.5012642536312342,0.17975008115172386,5.6047831028699875,0.6369041800498962,792,5884.272796630859
-1.878530204296112,-2.225601404905319,0.34707120433449745,0.6471354439854622,0.2100230511277914,3.470711976289749,0.7674624621868134,793,5891.758492469788
-2.8878074437379837,-3.34461610019207,0.4568086676299572,0.6622945070266724,0.21799923107028008,4.568086624145508,0.8630377352237701,794,5899.272181510925
-1.2490416169166565,-1.449575424194336,0.2005339185707271,0.6111977063119411,0.17686552181839943,2.0053391456604004,0.8630377352237701,795,5906.581382274628
-4.512444131076336,-4.665130624547601,0.15268662571907043,0.7146834023296833,0.16617629118263721,1.5268662720918655,0.8630377352237701,796,5914.038530826569
0.583257406949997,0.36821651458740234,0.2150409067980945,0.27451637014746666,0.23917683959007263,2.150409013032913,0.7385488599538803,797,5921.476843595505
-1.2240312695503235,-1.3794109225273132,0.15537962689995766,0.3432871177792549,0.2443322390317917,1.5537962019443512,0.7259661555290222,798,5928.924172878265
-0.5805047899484634,-0.8640431389212608,0.28353829495608807,0.5241977004334331,0.12447200901806355,2.835382878780365,0.7259661853313446,799,5936.2543156147
-1.3360657095909119,-1.5537624210119247,0.2176966816186905,0.2435628715902567,0.10417876951396465,2.1769667863845825,0.6178082078695297,800,5943.753813028336
-2.7847893238067627,-4.2682084441185,1.4834191342815757,0.35143960639834404,0.22914109006524086,14.83419156074524,0.7800451666116714,801,5951.427941322327
-1.412954717874527,-1.8858130872249603,0.47285839915275574,0.2966712163761258,0.21140328608453274,4.728583872318268,0.725966215133667,802,5958.912075519562
-4.844016969203949,-4.997207015752792,0.15319005586206913,0.3692040778696537,0.2509831562638283,1.5319005399942398,0.780045211315155,803,5966.4381647109985
0.12409802060574293,-0.03421132266521454,0.15830933582037687,0.6193521041423082,0.1814938560128212,1.5830933079123497,0.6784004718065262,804,5973.826102018356
-2.8743925392627716,-3.021774560213089,0.14738203305751085,0.4472690522670746,0.25129597820341587,1.473820298910141,0.7674624174833298,805,5981.624793052673
-2.576136700809002,-2.843408429995179,0.2672717310488224,0.40136908181011677,0.24153085611760616,2.6727173030376434,0.7133834809064865,806,5988.873363733292
-3.8881616294384003,-4.199396848678589,0.31123512610793114,0.6429723501205444,0.21127928793430328,3.1123512387275696,0.863037720322609,807,5996.215209007263
-0.4930374324321747,-0.6520887911319733,0.1590513503178954,0.7145905792713165,0.23136187717318535,1.590513437986374,0.8630377501249313,808,6003.751560926437
-2.6595802307128906,-2.7614760994911194,0.10189588321372867,0.6464439556002617,0.25656956247985363,1.018958829343319,0.8215414881706238,809,6010.9086718559265
-1.0805814266204834,-1.1932212114334106,0.11263980297371745,0.4132476672530174,0.19405465573072433,1.1263980232179165,0.6718872040510178,810,6017.935261726379
-1.2064897725358605,-1.4331218786537647,0.2266321200877428,0.43710668478161097,0.16709899995476007,2.2663211822509766,0.7674624174833298,811,6025.428664922714
-3.7057999074459076,-3.9124346375465393,0.20663461461663246,0.48458078131079674,0.15137754194438457,2.0663461089134216,0.7674624770879745,812,6032.706310510635
-1.4390413165092468,-1.6494958102703094,0.2104545347392559,0.5247175619006157,0.23155202716588974,2.1045452654361725,0.8215414881706238,813,6040.050878047943
-1.2425642609596252,-1.4983237087726593,0.2557593798264861,0.40130629763007164,0.1974752526730299,2.5575937628746033,0.7800451815128326,814,6047.462832689285
27.94328010082245,1.0537702143192291,26.88950950279832,0.7254380583763123,0.25768230110406876,268.8950910270214,0.9045340269804001,815,6054.957616329193
-0.24405306577682495,-0.46470093727111816,0.22064784541726112,0.5866894517093897,0.27651926688849926,2.206478387117386,0.8089587390422821,816,6062.414345264435
-3.6875991225242615,-3.8607443273067474,0.17314516752958298,0.3404938466846943,0.2846774533390999,1.7314516752958298,0.7800452709197998,817,6070.021642446518
-1.8624746650457382,-2.01747989654541,0.15500523336231709,0.4762180894613266,0.1824601422995329,1.5500523149967194,0.7133834660053253,818,6077.6897938251495
1.2098009884357452,0.9607002139091492,0.24910077452659607,0.650400847196579,0.2291255109012127,2.491007685661316,0.8215414434671402,819,6085.222948551178
-2.056150108575821,-2.222636193037033,0.16648613661527634,0.8618967533111572,0.2063990868628025,1.6648613512516022,0.8215415477752686,820,6092.573909044266
-2.9464603066444397,-3.090675175189972,0.14421496097929776,0.5480939634144306,0.23485777527093887,1.4421495757997036,0.8215414434671402,821,6099.9264397621155
-0.3240051567554474,-0.599240779876709,0.27523562498390675,0.7228365018963814,0.21499730087816715,2.752356141805649,0.8630377799272537,822,6107.139891624451
-2.4971901793032885,-2.695681393146515,0.19849122501909733,0.583464041352272,0.21559391357004642,1.9849122315645218,0.8215414881706238,823,6114.70445728302
-1.1639532372355461,-1.3296462893486023,0.16569305956363678,0.37782331742346287,0.16382299177348614,1.6569305509328842,0.5954079777002335,824,6122.174430131912
-0.8483082056045532,-1.200203001499176,0.3518948368728161,0.626501128077507,0.2888965755701065,3.5189482867717743,0.8215415179729462,825,6129.563873767853
-0.14688917994499207,-3.4613056778907776,3.3144164755940437,0.3833666332066059,0.2585953325033188,33.144164741039276,0.7800451666116714,826,6137.008657217026
-1.739035427570343,-2.126660257577896,0.38762475550174713,0.5004357555881143,0.24716562777757645,3.876247465610504,0.8089587390422821,827,6144.363423109055
-1.4688687026500702,-1.754556030035019,0.28568730130791664,0.6569690629839897,0.19697776716202497,2.8568729758262634,0.8630376905202866,828,6151.836006641388
0.3542262613773346,0.015175193548202515,0.3390510231256485,0.4599827378988266,0.22431634180247784,3.39051017165184,0.6844698786735535,829,6159.285097360611
-1.5728537142276764,-1.8419220447540283,0.26906827557832,0.7107292339205742,0.20480074360966682,2.690682739019394,0.8215414434671402,830,6166.507086992264
-0.31504417955875397,-0.5025000721216202,0.1874559186398983,0.5541913658380508,0.2434784397482872,1.8745591640472412,0.821541503071785,831,6173.8282470703125
-4.380569815635681,-4.69820636510849,0.317636476829648,0.49074481055140495,0.18871253356337547,3.1763647496700287,0.8215415179729462,832,6181.250376462936
-3.412641428411007,-3.7450776398181915,0.3324362188577652,0.68001389503479,0.17004437185823917,3.324362099170685,0.8630376756191254,833,6188.782954931259
-3.2331336736679077,-3.545922100543976,0.3127883970737457,0.7066520377993584,0.20705225132405758,3.1278839111328125,0.8215414434671402,834,6196.132909536362
2.0930031836032867,1.872001975774765,0.22100112214684486,0.5390198975801468,0.25497009977698326,2.210011214017868,0.7800451666116714,835,6203.6602692604065
-3.5910978987812996,-4.015818297863007,0.42472050711512566,0.702384814620018,0.3125315457582474,4.247204899787903,0.8215413093566895,836,6211.300278902054
-3.798762857913971,-4.086466133594513,0.28770323283970356,0.5725520253181458,0.20735185965895653,2.8770322799682617,0.821541428565979,837,6219.030719280243
-5.416264072060585,-5.719244100153446,0.30298007652163506,0.6806395165622234,0.21300003305077553,3.029800683259964,0.8630377501249313,838,6226.692967414856
-2.7610301822423935,-2.9671318158507347,0.20610163547098637,0.5596487000584602,0.16754987835884094,2.06101630628109,0.7674624770879745,839,6234.02170085907
-1.0067868009209633,-1.4919840302318335,0.4851972279138863,0.6116792163811624,0.2351379869505763,4.851972114294767,0.8089586943387985,840,6241.40872836113
-2.3140865564346313,-2.519602119922638,0.205515518784523,0.48984027560800314,0.14379775524139404,2.05515518784523,0.7259662002325058,841,6248.773517608643
26.52247804403305,-1.9184120893478394,28.44089095108211,0.5434255972504616,0.27189435437321663,284.408901900053,0.8215414434671402,842,6256.842365503311
1.8493877351284027,-1.3648299872875214,3.21421779692173,0.6975589729845524,0.17387038469314575,32.1421765089035,0.863037720322609,843,6263.945894002914
-0.5443293452262878,-0.7662854120135307,0.22195609286427498,0.3736455012112856,0.1658397875726223,2.219560906291008,0.725966215133667,844,6271.836519002914
0.3956097885966301,0.22698521614074707,0.16862464509904385,0.35083002503961325,0.21298501640558243,1.6862463653087616,0.7259662300348282,845,6279.203082084656
-4.1204352378845215,-4.326143771409988,0.2057086117565632,0.6611051112413406,0.2876000180840492,2.0570860505104065,0.863037720322609,846,6286.53680062294
-1.8780361711978912,-2.2855931222438812,0.4075568951666355,0.7006922513246536,0.25182873010635376,4.07556888461113,0.8630377352237701,847,6294.080557823181
-1.172058254480362,-1.4680653512477875,0.29600714333355427,0.6228958368301392,0.2873362898826599,2.9600714594125748,0.7800451219081879,848,6301.497856616974
-0.24134308099746704,-0.4597814977169037,0.21843845397233963,0.35025446116924286,0.12407151237130165,2.1843844950199127,0.5539116412401199,849,6308.856011390686
-3.11759552359581,-3.8480069637298584,0.7304113861173391,0.7554569989442825,0.28993306308984756,7.304113507270813,0.8630377054214478,850,6316.458192825317
-0.3254012633115053,-0.4387960508465767,0.11339481454342604,0.6564872115850449,0.19107076153159142,1.1339481323957443,0.8630377352237701,851,6323.993810892105
-1.646463543176651,-1.9436291828751564,0.29716566018760204,0.5034359432756901,0.3580041117966175,2.9716565907001495,0.8215414732694626,852,6331.290359020233
-0.3628249764442444,-0.5479273200035095,0.1851024329662323,0.5301895113661885,0.1082125473767519,1.8510242998600006,0.7133834809064865,853,6338.6096160411835
-2.432934433221817,-2.561562716960907,0.128628296777606,0.5061290375888348,0.22300822101533413,1.2862829715013504,0.7674625068902969,854,6345.771103858948
-0.5654107928276062,-0.7885406240820885,0.2231298452243209,0.35970112308859825,0.27662497758865356,2.2312984094023705,0.7800451517105103,855,6353.078204154968
-1.5506544411182404,-1.756395399570465,0.20574092492461205,0.5340737253427505,0.17396165058016777,2.057409167289734,0.8215413987636566,856,6360.793500423431
113.17299044132233,-0.6077054142951965,113.78069616761059,0.7839434742927551,0.27244216576218605,1137.806943550706,0.9045339822769165,857,6368.086385011673
-1.373168557882309,-1.5606626719236374,0.18749414384365082,0.5071458853781223,0.26433832198381424,1.8749414086341858,0.8215414136648178,858,6375.6367819309235
-0.8065767884254456,-0.9979756623506546,0.1913988869637251,0.24313048645853996,0.20876945555210114,1.9139888286590576,0.7385488897562027,859,6383.086191892624
-0.7158261761069298,-0.898308277130127,0.18248212337493896,0.862779900431633,0.18548274040222168,1.8248211592435837,0.8630377501249313,860,6390.670465230942
-0.2819541096687317,-0.9503684639930725,0.6684143804013729,0.7071772366762161,0.21742907166481018,6.684143751859665,0.7259662002325058,861,6398.145196676254
-1.4480784684419632,-1.5435865819454193,0.09550814423710108,0.39462876226752996,0.1986565887928009,0.9550814479589462,0.6844698190689087,862,6405.547103404999
-1.100874423980713,-1.384163111448288,0.28328865952789783,0.15043791197240353,0.14978351071476936,2.8328864872455597,0.5763119012117386,863,6412.81499505043
-1.1027953885495663,-1.7068700790405273,0.6040747035294771,0.825614795088768,0.25313984230160713,6.04074701666832,0.9045339822769165,864,6420.113415718079
-0.5597429480403662,-0.7097856402397156,0.1500427033752203,0.4164777360856533,0.2217096909880638,1.500427007675171,0.582825243473053,865,6427.28769993782
-2.75617353618145,-3.0157784074544907,0.25960493087768555,0.5549157150089741,0.1654657768085599,2.5960492342710495,0.7385488897562027,866,6434.831489801407
-0.8078323900699615,-1.1783382445573807,0.37050584331154823,0.6287230430170894,0.1305147111415863,3.7050584256649017,0.8089587688446045,867,6442.097607851028
0.48898641020059586,0.2821749746799469,0.2068114597350359,0.5241115875542164,0.20683648064732552,2.068114548921585,0.7800451219081879,868,6449.521451473236
0.004773493856191635,-0.15869096852838993,0.163464467972517,0.5070226266980171,0.1302450392395258,1.634644627571106,0.6369042247533798,869,6456.92444729805
6.807982832193375,1.279884859919548,5.528098225593567,0.48033673502504826,0.20580873638391495,55.28098317980766,0.7674624919891357,870,6464.199763774872
-2.112266927957535,-2.2586564123630524,0.14638940710574389,0.32417407911270857,0.24368754401803017,1.4638940542936325,0.725966215133667,871,6471.266558885574
-0.9845442324876785,-1.15224190056324,0.16769762709736824,0.5279919728636742,0.2427416704595089,1.6769762486219406,0.780045211315155,872,6478.679297447205
-1.4117413759231567,-1.567667305469513,0.15592593140900135,0.4143473468720913,0.21110805496573448,1.5592593252658844,0.7800451368093491,873,6486.135261774063
0.9851202368736267,0.8031945824623108,0.18192562460899353,0.5178117519244552,0.1945545095950365,1.819256216287613,0.7674622535705566,874,6493.492325544357
-1.8032266944646835,-1.9625676572322845,0.15934091806411743,0.5117694735527039,0.1952541433274746,1.5934091359376907,0.8215414881706238,875,6500.870730638504
-3.851872183382511,-3.9776504039764404,0.1257783453911543,0.32422229181975126,0.14519777707755566,1.2577834203839302,0.725966215133667,876,6508.298212528229
-1.0124021545052528,-1.10308528970927,0.09068318735808134,0.3608167842030525,0.14975405111908913,0.9068318530917168,0.7259661853313446,877,6515.764932155609
4.249960839748383,4.151814550161362,0.09814626257866621,0.38592371344566345,0.2303301990032196,0.9814625978469849,0.6303908824920654,878,6523.377117395401
485.71066396217793,-2.3853246718645096,488.0959758576937,0.598548075184226,0.17477208748459816,4880.959636472166,0.7674624472856522,879,6530.527703523636
2.506582498550415,2.1328279078006744,0.3737546484917402,0.30737145245075226,0.2555374689400196,3.737546384334564,0.7385488748550415,880,6537.734522819519
-2.284649521112442,-2.683222472667694,0.3985729683190584,0.6381637752056122,0.33500228449702263,3.9857297539711,0.780045211315155,881,6545.141753196716
-2.0062735229730606,-2.233033239841461,0.22675972431898117,0.6713542900979519,0.17604365199804306,2.2675972282886505,0.7259661704301834,882,6552.63169670105
1.7741046845912933,1.5033408403396606,0.2707638293504715,0.4096201919019222,0.20195826888084412,2.7076381891965866,0.6844699382781982,883,6559.734666585922
-1.6166406348347664,-1.7851658463478088,0.1685251947492361,0.3189847618341446,0.19826039113104343,1.685251921415329,0.725966215133667,884,6567.1385996341705
1.4712445139884949,0.8891816437244415,0.5820628441870213,0.4053734103217721,0.22620994225144386,5.82062840461731,0.7674624025821686,885,6574.744533538818
6.519864916801453,-7.423585385084152,13.94345079548657,0.5465735048055649,0.3706408962607384,139.4345060288906,0.8215414583683014,886,6582.286377668381
-2.947055645287037,-3.000693917274475,0.05363828409463167,0.4702818104997277,0.21085813641548157,0.5363828390836716,0.7674624621868134,887,6589.652624130249
-0.5068572387099266,-0.6645558923482895,0.15769868926145136,0.6575049385428429,0.29102179408073425,1.5769868474453688,0.821541428565979,888,6596.855491876602
-2.572866588830948,-2.737565904855728,0.16469939704984426,0.8326566517353058,0.17843161895871162,1.6469939351081848,0.9045340418815613,889,6604.0132739543915
0.21667488291859627,-0.06506075710058212,0.28173561580479145,0.26662186346948147,0.195469805970788,2.8173561692237854,0.5413289219141006,890,6611.349258422852
-1.159897930920124,-1.3114919513463974,0.15159407816827297,0.6899351701140404,0.31845034658908844,1.51594078540802,0.8630376905202866,891,6618.70663690567
-2.01695204526186,-2.142194092273712,0.12524201814085245,0.7000955184921622,0.1346907950937748,1.2524201571941376,0.7674624919891357,892,6625.999965429306
-1.2234573885798454,-1.5695244371891022,0.34606701508164406,0.403701089322567,0.21583469957113266,3.4606701731681824,0.7385489046573639,893,6633.407770872116
-2.6512573063373566,-2.708273857831955,0.05701651982963085,0.2138403793796897,0.18269523233175278,0.5701651945710182,0.6844699382781982,894,6640.866783618927
-1.954820491373539,-2.1622913256287575,0.20747094228863716,0.3889931309968233,0.21808872371912003,2.074709340929985,0.7259661555290222,895,6648.150349140167
-2.2050801813602448,-2.4423980191349983,0.23731784522533417,0.7365749850869179,0.2501136139035225,2.3731784373521805,0.8215412646532059,896,6655.4232494831085
-2.0584983825683594,-2.439755141735077,0.3812567703425884,0.5508244782686234,0.27124444022774696,3.81256765127182,0.8215414434671402,897,6663.385004520416
2.780267685651779,2.6341772973537445,0.14609037106856704,0.541922215372324,0.2131507322192192,1.4609036967158318,0.7800451517105103,898,6670.565084934235
-5.451438307762146,-5.851083219051361,0.3996448591351509,0.5080528585240245,0.2008287962526083,3.9964484572410583,0.7674624770879745,899,6677.961867570877
-2.441726967692375,-2.527476727962494,0.0857497719116509,0.42879365384578705,0.22427507489919662,0.8574977070093155,0.7800451815128326,900,6685.543801546097
-1.2782935723662376,-1.5757459923624992,0.29745249450206757,0.6980667263269424,0.2604569345712662,2.9745249152183533,0.8630376905202866,901,6694.2220005989075
-4.154714286327362,-4.491473853588104,0.3367596175521612,0.8540344387292862,0.24893688317388296,3.3675960898399353,0.9045339524745941,902,6701.7150683403015
-0.4048173576593399,-0.6358977854251862,0.23108044546097517,0.6710058376193047,0.25309396907687187,2.3108043894171715,0.8630377501249313,903,6709.113923072815
-1.4705503471195698,-1.6394609808921814,0.16891060210764408,0.5319542996585369,0.14544345624744892,1.689106047153473,0.8215414583683014,904,6716.604378938675
-2.7796123921871185,-3.3144253492355347,0.5348129794001579,0.7815745323896408,0.22947018034756184,5.348129689693451,0.9045340269804001,905,6724.081595659256
-1.1880232989788055,-1.314710058271885,0.12668677791953087,0.4512509824708104,0.17582477629184723,1.2668677419424057,0.767462432384491,906,6731.701409578323
-4.440834254026413,-4.743462353944778,0.3026280179619789,0.6908772364258766,0.2927594594657421,3.0262800753116608,0.8630377352237701,907,6738.9064955711365
-4.6770724058151245,-4.926406800746918,0.24933446571230888,0.4086502566933632,0.2248740829527378,2.493344619870186,0.7800451815128326,908,6746.423116207123
-1.0734431594610214,-1.443454086780548,0.3700109273195267,0.5677433032542467,0.21745264902710915,3.700109153985977,0.5954079180955887,909,6753.877733230591
-3.169884502887726,-3.421506553888321,0.2516220435500145,0.6520223096013069,0.1946633867919445,2.5162204056978226,0.8630377054214478,910,6761.228274106979
-0.6016619205474854,-0.959743894636631,0.35808197781443596,0.5591439418494701,0.20710160955786705,3.580819696187973,0.8630378246307373,911,6768.895273923874
-1.1829599738121033,-1.6144190728664398,0.43145910650491714,0.5761665627360344,0.2591437082737684,4.314590930938721,0.863037720322609,912,6776.630512237549
-1.3501784801483154,-1.7631272673606873,0.41294872760772705,0.21967045962810516,0.17765329405665398,4.129487156867981,0.6844699531793594,913,6784.0071222782135
0.21302957832813263,-0.06928953528404236,0.28231915831565857,0.3964008940383792,0.20038027316331863,2.823191463947296,0.7259661853313446,914,6791.13241648674
1.5412982404232025,0.9661193192005157,0.575178898870945,0.5323985256254673,0.16850311495363712,5.751788854598999,0.7800451815128326,915,6798.399752378464
-2.1614641342312098,-2.3915263637900352,0.23006225191056728,0.535450890660286,0.1828971952199936,2.3006225265562534,0.678400456905365,916,6805.663158655167
-1.2805736660957336,-1.7839694321155548,0.5033958256244659,0.3085658811032772,0.2677603103220463,5.033958196640015,0.7800451815128326,917,6812.856140375137
-5.696951713413,-6.104616820812225,0.40766507713124156,0.541757769882679,0.2527965195477009,4.076650690287352,0.8630377352237701,918,6820.209926843643
-5.121512830257416,-5.582162082195282,0.4606492854654789,0.6640194840729237,0.20931205339729786,4.606492727994919,0.8630377352237701,919,6827.476334095001
-2.6875186786055565,-3.0911898711929098,0.40367117151618004,0.49866483733057976,0.20840438827872276,4.036711573600769,0.8215414732694626,920,6834.900230646133
-2.2305502742528915,-2.624610736966133,0.3940604291856289,0.4398552291095257,0.19550974294543266,3.9406042098999023,0.7674625068902969,921,6842.304207801819
-1.0523476004600525,-1.255767047405243,0.20341944880783558,0.4866531752049923,0.18596858531236649,2.0341944694519043,0.8215414136648178,922,6849.715733289719
-1.979659778997302,-2.1928246915340424,0.2131648901849985,0.42976452969014645,0.19309427961707115,2.1316488534212112,0.6369042545557022,923,6857.102956533432
-3.856889009475708,-4.175576150417328,0.3186870738863945,0.6765192560851574,0.20335889980196953,3.186870723962784,0.8215414434671402,924,6864.942259788513
-3.403020143508911,-3.6553096771240234,0.2522894889116287,0.8587397336959839,0.23611683398485184,2.52289479970932,0.8630377352237701,925,6872.195056676865
-4.170816391706467,-4.306855946779251,0.13603957276791334,0.7726154774427414,0.30083217471838,1.3603956922888756,0.9045340418815613,926,6879.976394891739
-2.4191940054297447,-2.596238300204277,0.17704426683485508,0.33840701449662447,0.21347717195749283,1.77044265717268,0.7259661555290222,927,6887.25111913681
0.5075209587812424,0.41812002658843994,0.08940096292644739,0.14712702296674252,0.1595809254795313,0.8940096199512482,0.6303909569978714,928,6894.446738004684
1.2699969112873077,1.0953878909349442,0.17460905574262142,0.6291370308026671,0.14918893948197365,1.7460905313491821,0.7674624621868134,929,6901.659361124039
-0.5430707335472107,-0.6960147023200989,0.1529440227895975,0.665510818362236,0.25690699368715286,1.5294401943683624,0.8215414732694626,930,6909.083487272263
2.5404482781887054,2.269574075937271,0.2708742804825306,0.6798487231135368,0.18722183257341385,2.708742767572403,0.8630377054214478,931,6916.797605037689
-0.7684826552867889,-1.2986206710338593,0.5301380045711994,0.49999039340764284,0.19312997162342072,5.301379889249802,0.7259661257266998,932,6924.440170049667
-1.2033028602600098,-1.5196182131767273,0.31631535291671753,0.7229273617267609,0.17473242618143559,3.1631534695625305,0.8630377650260925,933,6932.0515875816345
1.7292929291725159,1.4811124205589294,0.2481805058196187,0.6718093827366829,0.25346786342561245,2.481805056333542,0.8630376756191254,934,6939.502720355988
-1.480161800980568,-1.8816050589084625,0.4014432691037655,0.749955378472805,0.1540970727801323,4.014432519674301,0.7800452262163162,935,6947.186400175095
-2.043369807302952,-2.1998195750638843,0.15644977521151304,0.4336581318639219,0.08674094174057245,1.5644977390766144,0.7133835107088089,936,6954.475633144379
-0.18066038936376572,-0.35625289380550385,0.17559250677004457,0.5288812853395939,0.2214292474091053,1.755925066769123,0.7674624621868134,937,6962.086436986923
-1.3992427065968513,-2.148042246699333,0.748799555003643,0.5825975351035595,0.19518113136291504,7.487995147705078,0.8215414583683014,938,6969.615821123123
-2.3957456946372986,-2.5137994438409805,0.11805375525727868,0.2460336796939373,0.21423916146159172,1.1805375330150127,0.7385489493608475,939,6976.842126131058
2.4826757311820984,-0.5996252596378326,3.0823009442538023,0.5511265881359577,0.22611149586737156,30.823007971048355,0.8215414732694626,940,6984.184951305389
-0.35884593427181244,-0.9464991986751556,0.5876532010734081,0.6294769123196602,0.2686788737773895,5.876532077789307,0.8215414136648178,941,6991.714451789856
-3.704868294298649,-3.873747408390045,0.16887912526726723,0.8858841061592102,0.16021772474050522,1.688791185617447,0.9045340418815613,942,6998.976131916046
-3.04915489256382,-3.258188098669052,0.20903320237994194,0.5721150487661362,0.19505166448652744,2.0903319716453552,0.8089587688446045,943,7006.2479519844055
-2.642685364931822,-2.73130202293396,0.08861660677939653,0.5265463925898075,0.1852321531623602,0.886166051030159,0.8215413987636566,944,7013.523848772049
-3.62868070602417,-3.72289776802063,0.09421718493103981,0.46014007832854986,0.2348492629826069,0.9421718269586563,0.7674624770879745,945,7020.685654640198
-2.9935909658670425,-3.101910814642906,0.10831983108073473,0.8419787436723709,0.2536123637109995,1.0831983089447021,0.863037720322609,946,7027.888790845871
-2.847965717315674,-2.948051929473877,0.10008621821179986,0.6466605961322784,0.2531118765473366,1.0008621662855148,0.8630377650260925,947,7035.170231819153
1.5655971504747868,1.3796809986233711,0.18591622076928616,0.4944046586751938,0.14972710236907005,1.8591621220111847,0.7674624770879745,948,7042.771376848221
-3.5771118253469467,-3.709551066160202,0.13243934232741594,0.42981257289648056,0.28866197168827057,1.3243934288620949,0.725966140627861,949,7050.085934877396
-0.9050934016704559,-1.16717629134655,0.26208291947841644,0.545795876532793,0.23574400693178177,2.6208291053771973,0.8215414732694626,950,7057.524569272995
-0.4284111261367798,-0.5619339942932129,0.13352284207940102,0.7752542942762375,0.13538507372140884,1.3352284133434296,0.8630377352237701,951,7064.736015319824
-5.741944909095764,-6.1382646560668945,0.39631975442171097,0.7274563312530518,0.40387585759162903,3.9631974175572395,0.8630377352237701,952,7072.428340911865
0.7760088890790939,0.6030254065990448,0.1729834545403719,0.6342583745718002,0.21585672721266747,1.7298345267772675,0.8630377650260925,953,7080.014400720596
-4.416003167629242,-4.567634224891663,0.1516311732120812,0.6870098523795605,0.299226563423872,1.5163116864860058,0.8630376309156418,954,7087.579882860184
-1.2975230477750301,-1.5650709979236126,0.2675479641184211,0.6165509028360248,0.14257504604756832,2.675479620695114,0.7674624472856522,955,7094.979938745499
2.2951109558343887,2.1164595372974873,0.17865142412483692,0.34435853362083435,0.23703018203377724,1.7865142077207565,0.7800451815128326,956,7102.20258641243
-3.5043733716011047,-3.7307883501052856,0.22641497664153576,0.4688791036605835,0.2003004029393196,2.2641497552394867,0.8215414881706238,957,7109.54983830452
0.8204314708709717,-0.7894273004494607,1.6098587661981583,0.8358298689126968,0.24827732145786285,16.098587572574615,0.9045338928699493,958,7117.276314496994
-0.9445693865418434,-1.098931446671486,0.15436206385493279,0.5958779528737068,0.2587742581963539,1.5436206310987473,0.8630377501249313,959,7124.697599172592
-0.5284360945224762,-0.8686895370483398,0.3402534588240087,0.4961993210017681,0.2505214214324951,3.402534604072571,0.767462432384491,960,7132.0587322711945
-1.580535739660263,-2.2460841238498688,0.6655484428629279,0.5499807447195053,0.2600932661443949,6.655484288930893,0.8215414136648178,961,7139.426684379578
-2.9723656475543976,-3.1268493086099625,0.15448365733027458,0.3134199306368828,0.18847442045807838,1.5448365807533264,0.7800451666116714,962,7146.767806768417
-3.448154989629984,-3.5806749872863293,0.13251998461782932,0.6337092071771622,0.21418681368231773,1.3251998126506805,0.8089587986469269,963,7154.170354604721
-5.386328339576721,-5.516002595424652,0.12967441510409117,0.3924527205526829,0.32326552644371986,1.2967441007494926,0.7259661704301834,964,7161.533942222595
0.4748327136039734,0.262489914894104,0.21234285458922386,0.5451567880809307,0.20375952310860157,2.1234284937381744,0.7800451666116714,965,7168.714306592941
1.0390933752059937,0.8592601418495178,0.17983328737318516,0.16554986964911222,0.15781411156058311,1.7983328104019165,0.5763119608163834,966,7176.025825977325
2.725705936551094,2.57900969684124,0.14669624250382185,0.5440217703580856,0.21344535797834396,1.4669623896479607,0.8215414583683014,967,7183.254702091217
-1.0733807794749737,-1.3089323043823242,0.23555158451199532,0.47804874926805496,0.15576080046594143,2.355515778064728,0.6369042098522186,968,7190.561767816544
-0.34042324125766754,-0.5637060403823853,0.22328281216323376,0.584612276405096,0.24305248633027077,2.2328280359506607,0.8215414434671402,969,7198.117970466614
-0.9870187267661095,-1.1236645579338074,0.13664581440389156,0.5033157467842102,0.23603584989905357,1.3664581179618835,0.821541428565979,970,7205.735564947128
-0.4873085618019104,-0.5786129608750343,0.09130438277497888,0.21839618403464556,0.19271808117628098,0.9130438268184662,0.6303909420967102,971,7213.382343053818
-3.062521451152861,-3.240727663040161,0.17820624355226755,0.6530078686773777,0.2761201784014702,1.7820623815059662,0.7674625068902969,972,7220.644986867905
-2.9952095299959183,-3.1235233545303345,0.12831378541886806,0.37403240986168385,0.21803400479257107,1.2831378281116486,0.7259662002325058,973,7227.798619508743
-4.218099415302277,-4.403870165348053,0.18577080499380827,0.6592778265476227,0.2514194902032614,1.8577079623937607,0.8089586645364761,974,7235.527939796448
-1.5784295052289963,-1.7314688563346863,0.15303932619281113,0.3103687884286046,0.1445699129253626,1.5303932204842567,0.6178081929683685,975,7242.764956235886
0.7832136750221252,0.5436917990446091,0.23952187970280647,0.3561798147857189,0.15781194902956486,2.3952187597751617,0.6844699382781982,976,7250.268754482269
-0.16701531410217285,-0.30597031116485596,0.13895506877452135,0.4961051009595394,0.2301679104566574,1.3895506858825684,0.7259662002325058,977,7257.548177957535
0.2613040767610073,0.03780199121683836,0.22350208275020123,0.5079620815813541,0.1619324404746294,2.2350208163261414,0.7674624919891357,978,7264.891708850861
-1.5042056515812874,-1.729471892118454,0.2252662219107151,0.5163593292236328,0.1617888230830431,2.2526621520519257,0.8215414881706238,979,7272.426078081131
-3.9616960883140564,-4.198749542236328,0.23705333843827248,0.6585982628166676,0.2004239670932293,2.370533376932144,0.8630377650260925,980,7279.748674631119
-2.6045050993561745,-2.883310914039612,0.2788058053702116,0.35874906461685896,0.1914447546005249,2.788058042526245,0.7259661704301834,981,7287.1194360256195
5.700717315077782,0.5505765676498413,5.1501407220494,0.49503626581281424,0.14004824310541153,51.501406505703926,0.671887218952179,982,7294.974061965942
-4.616568639874458,-4.912980735301971,0.2964121140539646,0.5522222593426704,0.2610344737768173,2.9641210474073887,0.8215414136648178,983,7302.084573507309
1.737932175397873,1.5506092309951782,0.18732304126024246,0.5175937153398991,0.2700941897928715,1.8732303380966187,0.8215414881706238,984,7309.310038328171
0.3348937928676605,0.1700555831193924,0.16483817063272,0.2859797002747655,0.20105777867138386,1.6483816653490067,0.671887218952179,985,7316.8039457798
1.3099649548530579,1.1952746994793415,0.11469026654958725,0.6727262511849403,0.2154362667351961,1.14690263569355,0.8630376607179642,986,7324.342672109604
-0.9118169844150543,-1.1333959884941578,0.22157907858490944,0.6265227645635605,0.21433974988758564,2.215790793299675,0.8630377352237701,987,7331.854466676712
-1.6181363463401794,-2.587296575307846,0.9691602708771825,0.6296220794320107,0.16168579272925854,9.691602393984795,0.8215414583683014,988,7339.254656791687
0.4041340798139572,0.21439647674560547,0.18973759282380342,0.6990103498101234,0.19736206531524658,1.8973758891224861,0.8630377501249313,989,7346.704550981522
-1.7022248874418437,-1.8804008960723877,0.1781760728918016,0.4176864791661501,0.22279301285743713,1.7817607410252094,0.5954078733921051,990,7354.514761924744
-2.213890992105007,-2.4032163196243346,0.18932537082582712,0.830819845199585,0.14202319644391537,1.893253654241562,0.8630377650260925,991,7362.173888206482
-4.719954580068588,-5.282569348812103,0.5626148525625467,0.3697080910205841,0.22491883113980293,5.62614843249321,0.7800451368093491,992,7369.605172395706
-2.828617423772812,-3.0381576269865036,0.20954027585685253,0.3575252965092659,0.18212804198265076,2.0954027883708477,0.7800451964139938,993,7376.977146863937
0.2511119842529297,-0.25688170827925205,0.5079936753027141,0.5627890154719353,0.21452925354242325,5.0799365639686584,0.7674624174833298,994,7384.44594335556
-0.8185869753360748,-0.8966606110334396,0.07807357609272003,0.3547710254788399,0.2628726698458195,0.7807357311248779,0.7259660512208939,995,7391.902646064758
-1.4283373057842255,-1.576223462820053,0.14788609463721514,0.5242995135486126,0.175649618729949,1.4788609594106674,0.8215414136648178,996,7399.213004350662
-2.357698440551758,-2.441859781742096,0.08416139287874103,0.5136121995747089,0.2685050591826439,0.8416139036417007,0.7800451219081879,997,7406.31036567688
1.3207332640886307,1.0295321941375732,0.2912011817097664,0.6615175902843475,0.2995896190404892,2.9120117872953415,0.8215414434671402,998,7413.642720937729
-2.7839898467063904,-3.01662015914917,0.23263035994023085,0.6446107923984528,0.2711700275540352,2.3263035267591476,0.8630378097295761,999,7421.273137807846
-2.415610134601593,-2.6272486746311188,0.21163856983184814,0.7533542513847351,0.181161817163229,2.1163857132196426,0.8215414583683014,1000,7428.670417070389
-2.6435158252716064,-2.866244651377201,0.22272886149585247,0.5149246081709862,0.2912355251610279,2.2272885143756866,0.821541503071785,1001,7436.29315495491
-1.429712638258934,-2.1493715047836304,0.7196588348597288,0.7147336564958096,0.19831905234605074,7.19658836722374,0.8215414881706238,1002,7443.73820066452
1.3006888031959534,1.184864193201065,0.11582465469837189,0.4965163730084896,0.23337410390377045,1.1582465469837189,0.8215413987636566,1003,7451.0103080272675
-1.8800326995551586,-1.9930800795555115,0.11304740235209465,0.4091374799609184,0.22201533429324627,1.1304740011692047,0.7800450623035431,1004,7458.271907091141
0.6650909967720509,-0.28741180896759033,0.9525027759373188,0.764815166592598,0.23439392633736134,9.525027871131897,0.8630377352237701,1005,7465.545782089233
-3.4225036948919296,-3.528421938419342,0.10591818392276764,0.1736427480354905,0.18399458192288876,1.059181809425354,0.630390927195549,1006,7472.698834657669
-3.2528923749923706,-3.3889079689979553,0.1360154952853918,0.6308550015091896,0.37512558698654175,1.3601549565792084,0.8215414732694626,1007,7479.946620225906
0.34845154732465744,-0.91798435151577,1.2664358876645565,0.7061231359839439,0.16832312755286694,12.664359092712402,0.8630377501249313,1008,7487.293370246887
-1.508431858383119,-1.806184509769082,0.2977527463808656,0.6378568774089217,0.17783264815807343,2.977527402341366,0.636904239654541,1009,7494.4947872161865
-2.6920350827276707,-2.8711586259305477,0.17912356927990913,0.6471286984160542,0.14111292269080877,1.7912356704473495,0.7133834958076477,1010,7502.490714073181
-0.34551210701465607,-0.6401310116052628,0.29461886920034885,0.6691828295588493,0.19902202859520912,2.9461886882781982,0.8630377352237701,1011,7509.699815273285
0.16494205594062805,0.02695755660533905,0.13798447512090206,0.21024677902460098,0.2038965355604887,1.3798446953296661,0.6844698786735535,1012,7516.948484182358
-1.9591187797486782,-2.1195518374443054,0.16043305210769176,0.35661232843995094,0.16864706948399544,1.6043305099010468,0.5954079180955887,1013,7524.372553825378
-2.011847684159875,-2.090841233730316,0.07899358030408621,0.7271961160004139,0.11306472308933735,0.7899357974529266,0.821541428565979,1014,7531.734740972519
-4.669552147388458,-4.824876844882965,0.15532465279102325,0.6340444684028625,0.2872910648584366,1.5532465279102325,0.863037645816803,1015,7539.291917085648
0.19051389396190643,-0.03242698311805725,0.22294087801128626,0.2149101309478283,0.21124402061104774,2.2294087037444115,0.684469923377037,1016,7546.433380842209
-1.6141715049743652,-1.8635729551315308,0.2494015209376812,0.7807090729475021,0.1882266029715538,2.4940151274204254,0.9045340716838837,1017,7553.865618228912
-1.7886944189667702,-2.0101761743426323,0.22148169577121735,0.6912509053945541,0.21782974898815155,2.2148168832063675,0.8215414583683014,1018,7561.301114797592
-1.0342266783118248,-1.22234208881855,0.1881153779104352,0.5884062051773071,0.31996090710163116,1.8811537772417068,0.8215411454439163,1019,7569.271789550781
-2.343504548072815,-2.554951012134552,0.21144651994109154,0.8185285478830338,0.1631896123290062,2.1144651770591736,0.9045340269804001,1020,7576.696083068848
-5.706082284450531,-6.029440879821777,0.323358491063118,0.7793325185775757,0.20989737287163734,3.233584940433502,0.8215414732694626,1021,7584.031836986542
-1.3658127337694168,-1.5558839635923505,0.19007124193012714,0.4236532524228096,0.2970902882516384,1.9007124155759811,0.7259661555290222,1022,7591.203639268875
-3.696753740310669,-4.068015322089195,0.37126147747039795,0.6746184602379799,0.3005170188844204,3.712614595890045,0.767462432384491,1023,7598.732153892517
-0.6860324889421463,-0.8577243089675903,0.1716917883604765,0.7722155153751373,0.1817893236875534,1.7169178128242493,0.9045339822769165,1024,7606.155956745148
-3.389495685696602,-3.5762065649032593,0.18671087734401226,0.8432705402374268,0.22848746925592422,1.8671087324619293,0.8630376905202866,1025,7613.606004476547
-3.5474378168582916,-3.771078199148178,0.22364047542214394,0.5224755890667439,0.25827307626605034,2.236404687166214,0.8215414583683014,1026,7621.070712804794
-3.9078192710876465,-4.719535827636719,0.8117166296578944,0.4021828770637512,0.19592852890491486,8.11716616153717,0.7800451219081879,1027,7628.636887073517
-1.917611189186573,-2.0731206834316254,0.15550949983298779,0.6874060556292534,0.17553678154945374,1.5550949722528458,0.8630377352237701,1028,7636.178854465485
12.958941906690598,1.475387454032898,11.483554193284363,0.25316316029056907,0.17950068600475788,114.83554382622242,0.6718872040510178,1029,7643.712291955948
-3.240478277206421,-3.3907938599586487,0.1503156367689371,0.42038061656057835,0.14876402914524078,1.5031563639640808,0.7133835554122925,1030,7651.066298723221
-1.0108774304389954,-1.1657819747924805,0.15490453224629164,0.6551543707028031,0.2067033164203167,1.5490453243255615,0.7674624770879745,1031,7658.144708156586
0.620745949447155,0.4541590213775635,0.16658695274963975,0.5277258902788162,0.2558533698320389,1.6658695042133331,0.8215414136648178,1032,7665.6148319244385
-2.9209946990013123,-3.081317663192749,0.1603230256587267,0.6070715337991714,0.30991489067673683,1.6032302230596542,0.863037720322609,1033,7672.906622409821
-4.740783601999283,-4.832321763038635,0.0915381284430623,0.8507225960493088,0.21182478591799736,0.9153812527656555,0.8630377650260925,1034,7680.2370529174805
-0.6265347003936768,-0.7389654815196991,0.11243077367544174,0.5193555653095245,0.25821326300501823,1.124307706952095,0.7259662002325058,1035,7687.344779729843
-3.466367192566395,-3.768638178706169,0.30227094050496817,0.5205128565430641,0.21144950576126575,3.0227093920111656,0.8215414881706238,1036,7694.83155632019
0.229153573513031,0.06424587965011597,0.16490771993994713,0.6804478839039803,0.2547787595540285,1.6490771770477295,0.8630377799272537,1037,7702.402329683304
-0.9932062700390816,-1.1695469692349434,0.1763407103717327,0.41972269117832184,0.256306666880846,1.7634070813655853,0.6844698041677475,1038,7709.65168428421
-4.681587964296341,-5.041758939623833,0.3601710684597492,0.4858092814683914,0.3473244234919548,3.601710617542267,0.8215412795543671,1039,7717.459662437439
-2.017212450504303,-2.1696798279881477,0.15246734116226435,0.3516102619469166,0.21188075840473175,1.5246733948588371,0.7259661108255386,1040,7725.018124818802
-5.023038595914841,-5.159850060939789,0.13681134209036827,0.36399011593312025,0.19722270965576172,1.368113398551941,0.7259661704301834,1041,7732.235349416733
-0.061079591512680054,-0.2465294748544693,0.1854498777538538,0.357790544629097,0.22720706090331078,1.8544987738132477,0.7800451815128326,1042,7739.289883375168
-1.5812614299356937,-1.7387698590755463,0.15750838536769152,0.4964558882638812,0.19485503062605858,1.5750838071107864,0.7259662449359894,1043,7746.6068959236145
-3.4506012238562107,-3.533017337322235,0.08241609064862132,0.5191933140158653,0.20131085813045502,0.8241608813405037,0.7800451517105103,1044,7754.049222946167
-0.05970960855484009,-5.524510443210602,5.464800778776407,0.6309507116675377,0.25017918460071087,54.64800772070885,0.8630377799272537,1045,7761.731764554977
0.011647272855043411,-0.18615484237670898,0.19780216738581657,0.347969226539135,0.3328337073326111,1.9780216813087463,0.5954079031944275,1046,7769.068567276001
-4.198937892913818,-4.407045245170593,0.20810730010271072,0.4907405339181423,0.2726491689682007,2.0810729563236237,0.8215413987636566,1047,7776.5956563949585
-0.9885759651660919,-1.1618908941745758,0.17331498861312866,0.6737323105335236,0.2695792131125927,1.7331498712301254,0.8089587390422821,1048,7784.061279535294
-2.111008107662201,-2.3081301748752594,0.19712204299867153,0.8009604960680008,0.22715377993881702,1.9712204337120056,0.8089587688446045,1049,7791.320694446564
-2.0814356803894043,-2.187842585146427,0.10640690289437771,0.471231197938323,0.20949105359613895,1.064069002866745,0.7674624770879745,1050,7798.491720914841
-1.6004365952685475,-1.7437102403491735,0.143273641820997,0.24080464709550142,0.23075495101511478,1.4327363893389702,0.4998326897621155,1051,7806.232468366623
-3.732302665710449,-3.8831971511244774,0.1508944295346737,0.755288228392601,0.28963780030608177,1.5089442729949951,0.9045339673757553,1052,7813.534912824631
21.522302836179733,-1.5952699184417725,23.117572370916605,0.8639784306287766,0.14618319738656282,231.1757274866104,0.8215414583683014,1053,7820.780725955963
-1.7089310474693775,-1.7831735387444496,0.0742424433119595,0.7746472954750061,0.251322440803051,0.7424244284629822,0.8630377501249313,1054,7828.036853790283
-2.0866225212812424,-2.328456997871399,0.24183450639247894,0.5808163210749626,0.24130772054195404,2.418345093727112,0.8215410858392715,1055,7835.305122613907
-0.9883216507732868,-1.3040050081908703,0.315683389082551,0.39335447177290916,0.2985885478556156,3.1568339094519615,0.7800450176000595,1056,7842.84468793869
1.3607555627822876,1.1163578629493713,0.24439780414104462,0.5340316072106361,0.2933131493628025,2.4439779818058014,0.821541428565979,1057,7850.106795549393
5.755166297778487,2.815906723262742,2.9392596185207367,0.5489526754245162,0.1862206570804119,29.392596185207367,0.7674623876810074,1058,7857.441875934601
-4.169701397418976,-4.630425155162811,0.4607236497104168,0.5073512345552444,0.23464420065283775,4.607236370444298,0.7800451815128326,1059,7864.829780340195
301.49764382559806,0.7127673029899597,300.78486606571823,0.3977430462837219,0.16508565098047256,3007.8487216234207,0.636904239654541,1060,7871.999143600464
-3.824174851179123,-3.975354552268982,0.15117982309311628,0.5221375152468681,0.24555569514632225,1.5117982029914856,0.8215414881706238,1061,7879.432731866837
-2.8816368132829666,-3.1555749475955963,0.2739381641149521,0.47148067876696587,0.19909307174384594,2.7393816113471985,0.7674624919891357,1062,7886.760715484619
-1.5881805159151554,-1.683645526645705,0.09546500165015459,0.5396808534860611,0.2532421424984932,0.9546500146389008,0.8215414136648178,1063,7893.962512731552
-1.2308970391750336,-1.3878093510866165,0.15691234357655048,0.4717485196888447,0.1499068234115839,1.5691234171390533,0.7674625217914581,1064,7901.088947057724
-0.9690333623439074,-1.2187669575214386,0.24973363149911165,0.33689642511308193,0.17007429152727127,2.4973363131284714,0.671887069940567,1065,7908.419309139252
-5.549586355686188,-5.753707647323608,0.20412120036780834,0.6397635713219643,0.24927093461155891,2.04121196269989,0.863037720322609,1066,7915.8420753479
-2.3992212011944503,-2.5270855128765106,0.12786441226489842,0.35369230806827545,0.17566866427659988,1.2786440998315811,0.5954079777002335,1067,7923.285278081894
-0.03924349695444107,-0.3024471290409565,0.26320360600948334,0.6486861519515514,0.24851879850029945,2.632035970687866,0.8630377501249313,1068,7930.92437005043
0.5851740166544914,0.17751973867416382,0.4076542854309082,0.6597091183066368,0.2895086109638214,4.076542764902115,0.8215414136648178,1069,7938.369471311569
-0.9961594939231873,-1.2439391016960144,0.2477795914746821,0.3379223486408591,0.2062169909477234,2.4777958020567894,0.6718871146440506,1070,7945.37481212616
-3.3135249614715576,-3.409690499305725,0.0961655187420547,0.6632943889126182,0.1520161535590887,0.9616551771759987,0.7674624770879745,1071,7952.476999998093
-4.104820281267166,-4.346380352973938,0.2415599450469017,0.37235088739544153,0.1733134314417839,2.415599375963211,0.7259661853313446,1072,7960.138434171677
-1.6778793334960938,-2.272592306137085,0.5947131013963372,0.790416419506073,0.28611690551042557,5.94713100604713,0.9045339822769165,1073,7967.471160411835
-1.5337662994861603,-1.7403236627578735,0.20655736327171326,0.48571958392858505,0.2054465189576149,2.06557360291481,0.7674624174833298,1074,7974.7199285030365
-4.186605513095856,-4.457264989614487,0.27065932750701904,0.8380899280309677,0.11243950203061104,2.7065932154655457,0.9045340120792389,1075,7982.764098405838
-1.6913960576057434,-1.9055490046739578,0.21415290236473083,0.49795135483145714,0.18115250393748283,2.1415289640426636,0.7674624919891357,1076,7990.210318565369
-1.1189526617527008,-1.3216145634651184,0.20266192499548197,0.48626801650971174,0.13556864112615585,2.0266191959381104,0.7133834362030029,1077,7997.639044046402
-1.6483477465808392,-1.8117510788142681,0.16340332757681608,0.6950498968362808,0.2515083737671375,1.6340332441031933,0.863037720322609,1078,8004.865206956863
0.13280920684337616,-0.06623237207531929,0.1990415807813406,0.663043387234211,0.1872110851109028,1.990415796637535,0.8630377650260925,1079,8012.82395195961
-1.874662920832634,-2.0694683641195297,0.19480545725673437,0.45654959976673126,0.18259716220200062,1.9480545446276665,0.7674624770879745,1080,8020.2008810043335
-0.9066609144210815,-1.0207420885562897,0.11408110614866018,0.5310829989612103,0.24216315522789955,1.1408110409975052,0.8215414434671402,1081,8027.442312717438
-1.073778748512268,-1.258774422109127,0.1849956763908267,0.4675614610314369,0.2663374301046133,1.8499567657709122,0.7674624919891357,1082,8034.730357170105
-1.797144889831543,-1.9434382915496826,0.14629344828426838,0.6780237974599004,0.15334038063883781,1.46293443441391,0.8089587986469269,1083,8042.106774091721
-5.2834572196006775,-5.391771674156189,0.10831457749009132,0.6546366363763809,0.2785782255232334,1.0831457674503326,0.863037720322609,1084,8049.6331923007965
-0.8242135532200336,-0.9547118842601776,0.13049834920093417,0.18480120971798897,0.1752866990864277,1.304983478039503,0.6303909122943878,1085,8056.695299386978
-3.33468821644783,-3.6316362619400024,0.2969479486346245,0.5225396119058132,0.25925901532173157,2.9694794714450836,0.7800451964139938,1086,8064.389776468277
-3.604185089468956,-4.922433584928513,1.3182484079152346,0.46644142735749483,0.3171584792435169,13.182483345270157,0.7259662300348282,1087,8071.727306604385
-0.3735302463173866,-3.2194050028920174,2.845874736085534,0.5406175218522549,0.15368841588497162,28.45874683558941,0.7259662002325058,1088,8078.956634759903
-1.5359565019607544,-1.6476795077323914,0.11172295128926635,0.5320365317165852,0.2200028970837593,1.117229513823986,0.8215415179729462,1089,8086.171643733978
-0.7070384621620178,-0.7715293765068054,0.0644909618422389,0.36322379019111395,0.1810940019786358,0.644909605383873,0.6718872487545013,1090,8093.223550319672
-7.889086723327637,-7.992087006568909,0.10300039872527122,0.6835345104336739,0.28075578436255455,1.0300039947032928,0.8215414583683014,1091,8100.503304719925
-2.499435745179653,-2.621619902551174,0.12218421138823032,0.4169664531946182,0.23670291528105736,1.221842110157013,0.7674624770879745,1092,8107.918535232544
22.527491599321365,-1.3785352259874344,23.906027441844344,0.5226313322782516,0.22680221870541573,239.0602744370699,0.8215414136648178,1093,8115.21538233757
-3.045907735824585,-4.6364299058914185,1.5905222073197365,0.4407113790512085,0.29110853001475334,15.905222296714783,0.7259661853313446,1094,8122.594251871109
-3.056721782311797,-3.879211977124214,0.82249023206532,0.5010562753304839,0.19281708635389805,8.224902331829071,0.5413289666175842,1095,8130.098119974136
0.27613973524421453,0.09856796264648438,0.17757185269147158,0.5584553573280573,0.2247479222714901,1.7757185399532318,0.6784004271030426,1096,8137.348526000977
-0.5440929383039474,-0.635962963104248,0.09187006391584873,0.509636428207159,0.2931964173913002,0.9187006056308746,0.7674624025821686,1097,8144.712291717529
-1.2695435881614685,-1.5790985524654388,0.3095548525452614,0.6576773300766945,0.16795528680086136,3.0955485105514526,0.8630377501249313,1098,8152.136344194412
-0.45396215468645096,-0.7162216752767563,0.2622595187276602,0.5388924852013588,0.21773847378790379,2.622595191001892,0.7800451666116714,1099,8159.527919054031
0.7037701606750488,0.47684673219919205,0.22692340519279242,0.756469339132309,0.3279926646500826,2.269233986735344,0.8630376905202866,1100,8166.992646694183
-1.6493168324232101,-1.8062830343842506,0.15696615632623434,0.8677170276641846,0.18409916944801807,1.569661557674408,0.8630377501249313,1101,8174.510851860046
0.5540647804737091,0.38510986417531967,0.16895492374897003,0.3837836803868413,0.21174003183841705,1.6895492002367973,0.7674624770879745,1102,8181.726863861084
-1.5884835571050644,-1.8014795035123825,0.21299594268202782,0.7344244197010994,0.18842107616364956,2.1299594342708588,0.7800451964139938,1103,8189.009260892868
-2.8251004815101624,-3.135554164648056,0.3104536719620228,0.7163986898958683,0.2221749033778906,3.1045366525650024,0.8630377501249313,1104,8196.682917118073
0.16255231201648712,-0.2815770898014307,0.44412945583462715,0.480513546615839,0.2048641685396433,4.441294491291046,0.7674623727798462,1105,8204.00560593605
-1.9018698930740356,-2.05510351061821,0.15323364827781916,0.6147050289437175,0.14244584552943707,1.5323364734649658,0.8089587539434433,1106,8211.241800546646
-0.19611787796020508,-0.4439873695373535,0.24786953162401915,0.46864322759211063,0.2722293846309185,2.4786952435970306,0.7259661853313446,1107,8218.838636159897
0.029034100472927094,-0.1441927943378687,0.17322693765163422,0.6760775595903397,0.2173784077167511,1.732269361615181,0.8089587241411209,1108,8226.491295337677
-3.113869696855545,-3.307949662208557,0.19407992251217365,0.6198467537760735,0.18367192521691322,1.940799206495285,0.7800451666116714,1109,8234.053923368454
0.4137438237667084,0.21284401416778564,0.20089985709637403,0.34607806243002415,0.16378134489059448,2.0089985728263855,0.7259661704301834,1110,8241.261026144028
-3.459191769361496,-3.6110703200101852,0.15187848545610905,0.6250044256448746,0.2327286135405302,1.5187848508358002,0.767462432384491,1111,8248.842418193817
-3.0634833201766014,-3.2138238325715065,0.1503406036645174,0.5522428713738918,0.202674712985754,1.503405973315239,0.821541503071785,1112,8256.273367643356
-0.7537041902542114,-1.9097622632980347,1.1560580004006624,0.370341744273901,0.2079600989818573,11.56058007478714,0.780045211315155,1113,8263.783828496933
-5.007921040058136,-5.2920458018779755,0.28412463515996933,0.530768234282732,0.2698257602751255,2.8412463068962097,0.821541428565979,1114,8271.342071294785
-3.907433807849884,-3.9860642850399017,0.07863044273108244,0.5843695923686028,0.1755502917803824,0.7863043993711472,0.8215414583683014,1115,8278.651643753052
-0.5703051127493382,-0.7702366709709167,0.1999315321445465,0.630898455157876,0.21205643191933632,1.9993152916431427,0.7674624770879745,1116,8286.136863946915
-0.8301640450954437,-2.2161128036677837,1.3859486989676952,0.39903906360268593,0.1762699857354164,13.859486490488052,0.7133834958076477,1117,8293.502358198166
0.2972487770020962,0.07246162742376328,0.22478713653981686,0.6816013902425766,0.16190604958683252,2.2478713393211365,0.780045211315155,1118,8300.712562799454
-0.3865458369255066,-0.8527751341462135,0.46622930467128754,0.5457909964025021,0.25013449043035507,4.662293002009392,0.767462432384491,1119,8308.188861370087
-2.695831373333931,-2.816359758377075,0.12052839063107967,0.2922878637909889,0.21103063225746155,1.2052838951349258,0.725966215133667,1120,8315.279004096985
-2.3523290511220694,-2.560388695448637,0.20805969461798668,0.47835758328437805,0.2696019485592842,2.080596923828125,0.7674624472856522,1121,8322.961846351624
0.5323219150304794,0.1966327801346779,0.33568915724754333,0.4907131646759808,0.1388907702639699,3.3568915128707886,0.7674624472856522,1122,8330.424023628235
-2.887173116207123,-3.0551695227622986,0.16799644194543362,0.6857290044426918,0.20133227482438087,1.6799643635749817,0.8630377352237701,1123,8338.024921655655
-0.7838560715317726,-0.9514124840497971,0.16755643673241138,0.3959589973092079,0.21042648516595364,1.6755643337965012,0.7385488450527191,1124,8345.42461180687
1.1835646741092205,0.8916501589119434,0.2919144257903099,0.3232817994430661,0.163810471072793,2.9191441386938095,0.6718872338533401,1125,8352.75516295433
-1.7908740639686584,-2.127833664417267,0.3369594179093838,0.6160786971449852,0.23118387907743454,3.369594097137451,0.8630377501249313,1126,8360.108076810837
-2.3753404319286346,-2.7463981807231903,0.37105773016810417,0.6332511827349663,0.26928965002298355,3.7105773091316223,0.8215414583683014,1127,8367.393956661224
1.16927108168602,0.9151314198970795,0.254139669239521,0.8286465257406235,0.1998903639614582,2.5413966178894043,0.8215414583683014,1128,8374.654200077057
-1.1533398628234863,-1.2895734310150146,0.13623358495533466,0.27567481622099876,0.13751975819468498,1.362335816025734,0.6303908973932266,1129,8381.883647918701
-2.8603795170783997,-3.213836818933487,0.35345736891031265,0.7945185303688049,0.2807048633694649,3.534573554992676,0.8630377650260925,1130,8389.37239933014
-2.2852028608322144,-2.687491536140442,0.40228860825300217,0.7150967791676521,0.24344896525144577,4.022885978221893,0.863037720322609,1131,8396.871336460114
-3.318863123655319,-3.5985829830169678,0.27971984446048737,0.4222993887960911,0.25644858554005623,2.7971984148025513,0.725966140627861,1132,8404.22929406166
-2.9424605667591095,-3.2784672379493713,0.33600662648677826,0.5456945262849331,0.24408572539687157,3.360066145658493,0.7674624025821686,1133,8411.667482614517
0.9155452996492386,0.6406331956386566,0.2749121803790331,0.5191957475617528,0.14272014796733856,2.749121814966202,0.7674624621868134,1134,8419.265615224838
-0.5311927944421768,-0.6688864380121231,0.13769363798201084,0.5949540473520756,0.2755226194858551,1.3769363462924957,0.8089587390422821,1135,8426.376818180084
-0.23852252960205078,-0.5105433166027069,0.2720208093523979,0.43344829604029655,0.2412738874554634,2.720208078622818,0.7800451517105103,1136,8433.706481218338
-2.4405149668455124,-2.6951876133680344,0.2546727582812309,0.32287034671753645,0.18575231358408928,2.5467274487018585,0.6844698637723923,1137,8441.155719041824
-1.1586868464946747,-1.304016299545765,0.14532949216663837,0.561745323240757,0.2257591262459755,1.4532949179410934,0.7674624770879745,1138,8448.526495218277
-2.0572848320007324,-2.2181246876716614,0.16083988081663847,0.6872789636254311,0.2701885849237442,1.608398750424385,0.8630376905202866,1139,8455.892769575119
0.6265901029109955,0.4104507267475128,0.21613935939967632,0.47021852899342775,0.18563199043273926,2.161393493413925,0.7674624621868134,1140,8463.298578500748
-0.2789960205554962,-0.48028406128287315,0.2012880425900221,0.33494076132774353,0.1881196442991495,2.01288041472435,0.7259661853313446,1141,8470.634767532349
-0.5161917991936207,-0.6540342420339584,0.13784239254891872,0.36683200765401125,0.20962773263454437,1.3784238994121552,0.7259662002325058,1142,8478.127952337265
-1.1760039329528809,-1.2669938206672668,0.0909899240359664,0.3584052240476012,0.15656139887869358,0.9098992347717285,0.6844699531793594,1143,8485.632233381271
-1.4049979746341705,-2.696457624435425,1.2914596665650606,0.5583019629120827,0.19144886918365955,12.914596438407898,0.7800451964139938,1144,8493.07704782486
-3.156850278377533,-3.4195070266723633,0.2626567166298628,0.6563392765820026,0.2105475626885891,2.6265671253204346,0.8630377352237701,1145,8500.422527074814
3.4726529866456985,0.37766871601343155,3.0949843004345894,0.6750031150877476,0.15714624151587486,30.94984346628189,0.8630376905202866,1146,8507.693723201752
-2.3648841381073,-2.5561710968613625,0.19128694012761116,0.5757283419370651,0.23907610774040222,1.9128693640232086,0.8215414434671402,1147,8515.124218463898
2.6287030279636383,-1.3210254162549973,3.9497284460812807,0.5316459350287914,0.27228041365742683,39.497284948825836,0.8215414434671402,1148,8522.523499011993
-0.03568539023399353,-0.23755429685115814,0.2018689587712288,0.5547137521207333,0.23469486832618713,2.0186895728111267,0.7800450921058655,1149,8529.766407728195
-2.7868948578834534,-2.966752350330353,0.17985760606825352,0.5085163712501526,0.24181024357676506,1.7985760420560837,0.7800448685884476,1150,8537.711440086365
-0.6215855181217194,-0.9181532263755798,0.29656771197915077,0.5197351165115833,0.2985328398644924,2.9656770825386047,0.821541503071785,1151,8544.838262081146
-2.175955578684807,-2.413511237129569,0.23755561746656895,0.3993172273039818,0.22729245014488697,2.3755562007427216,0.7800451517105103,1152,8552.318437814713
-1.952998548746109,-2.3360028713941574,0.38300430681556463,0.41764701902866364,0.2811060957610607,3.8300431296229362,0.7800450921058655,1153,8559.335810422897
-2.547904208302498,-2.779042400419712,0.2311382032930851,0.401201281696558,0.17939884401857853,2.311382010579109,0.7800451815128326,1154,8566.473914861679
-2.8023434579372406,-3.0515763759613037,0.24923300184309483,0.4372647600248456,0.2401175368577242,2.492330029606819,0.7133834362030029,1155,8574.028092861176
-1.7614902406930923,-2.1376529037952423,0.37616266310214996,0.5606909170746803,0.2891131564974785,3.7616264522075653,0.8630377650260925,1156,8581.41775226593
-0.024268783628940582,-0.3953748047351837,0.3711060434579849,0.7503790110349655,0.14405445381999016,3.711060404777527,0.8089587390422821,1157,8588.85269331932
-0.9663062691688538,-1.2119887173175812,0.24568245746195316,0.23610897362232208,0.22372104786336422,2.4568245708942413,0.6844699084758759,1158,8596.289275169373
-2.6663916260004044,-3.0168591141700745,0.3504674807190895,0.7223499938845634,0.17118107341229916,3.504674732685089,0.8630377501249313,1159,8603.610328435898
-1.3705121278762817,-1.5650026202201843,0.19449053891003132,0.4234645366668701,0.207482248544693,1.9449053332209587,0.7259662002325058,1160,8610.815165758133
2.0889696702361107,-1.8243007957935333,3.91327054053545,0.44492108281701803,0.1280046794563532,39.13270488381386,0.7133835107088089,1161,8618.177308797836
1.3138784766197205,1.0824620127677917,0.2314164899289608,0.5236716866493225,0.2622106298804283,2.314164876937866,0.7800451219081879,1162,8625.457563400269
1.0270860344171524,0.7508514672517776,0.2762344628572464,0.38907401636242867,0.24013275280594826,2.7623445987701416,0.7800451815128326,1163,8632.89091515541
-1.99236398935318,-2.3753083646297455,0.3829443082213402,0.5909149488434196,0.21811676025390625,3.829443037509918,0.8089587837457657,1164,8640.803555250168
-1.6145042926073074,-1.8780283518135548,0.26352404057979584,0.5355565845966339,0.29433197155594826,2.6352404057979584,0.7800451666116714,1165,8648.291231155396
0.9358017295598984,0.49055565893650055,0.44524614978581667,0.5702039878815413,0.24210278876125813,4.452461406588554,0.8089587390422821,1166,8655.566435098648
1.5122729539871216,1.1926298439502716,0.3196430839598179,0.5711079090833664,0.20673341304063797,3.196430802345276,0.8215414583683014,1167,8662.822206020355
0.5690262913703918,-0.12626152113080025,0.695287823677063,0.3910753121599555,0.17204738035798073,6.95287811756134,0.7259663194417953,1168,8670.268018245697
-0.4564032256603241,-0.6631901860237122,0.20678697153925896,0.8181045800447464,0.1905533168464899,2.0678696632385254,0.8215414732694626,1169,8677.617449522018
0.6876988261938095,-0.14630986750125885,0.8340086862444878,0.39307931065559387,0.18211307749152184,8.340086489915848,0.7133834809064865,1170,8685.112743377686
0.041524043306708336,-0.20675782361649908,0.24828185141086578,0.6014130264520645,0.1710306629538536,2.482818454504013,0.725966215133667,1171,8692.418937921524
-0.5452869758009911,-0.9065703134983778,0.3612833432853222,0.8135797828435898,0.215009905397892,3.6128333508968353,0.8630377352237701,1172,8699.59379863739
-2.6217709854245186,-3.0679870694875717,0.4462161362171173,0.5203270735219121,0.20905627124011517,4.4621612429618835,0.7674624472856522,1173,8706.867998123169
-0.8260616660118103,-1.0749589577317238,0.24889731034636497,0.38319552317261696,0.2478940188884735,2.4889731109142303,0.7800451666116714,1174,8714.326823472977
-0.43614140897989273,-0.6339352652430534,0.19779383949935436,0.3862375244498253,0.23605366051197052,1.9779383540153503,0.7259661853313446,1175,8721.703530311584
-0.8324834406375885,-1.1234867870807648,0.2910033520311117,0.21552427392452955,0.18791729025542736,2.9100334644317627,0.6844699531793594,1176,8729.056555509567
-0.7002806216478348,-0.8896872699260712,0.18940660171210766,0.44415542110800743,0.2407415397465229,1.8940660059452057,0.7674624621868134,1177,8736.073127985
-2.5133161544799805,-2.658280372619629,0.1449642525985837,0.39823463186621666,0.21372166648507118,1.4496424794197083,0.7800451815128326,1178,8743.343137741089
-1.112765982747078,-2.840719446539879,1.7279534805566072,0.3801548667252064,0.19739381223917007,17.279534727334976,0.7800451517105103,1179,8750.561068534851
2.0160004906356335,1.262175291776657,0.7538251839578152,0.47901513800024986,0.20980996824800968,7.5382513999938965,0.7259661853313446,1180,8757.848906993866
-1.525971457362175,-1.707240343093872,0.18126888014376163,0.33612770307809114,0.19483255967497826,1.812688797712326,0.7259661853313446,1181,8765.183557987213
-3.5334657728672028,-3.7791049033403397,0.24563909694552422,0.40595047920942307,0.257355697453022,2.4563909769058228,0.7800451815128326,1182,8772.351091384888
1.968922220170498,1.8077800646424294,0.16114222817122936,0.5012683691456914,0.17744520492851734,1.6114222556352615,0.6178082078695297,1183,8779.679594039917
1.0265081226825714,0.8158790282905102,0.21062908601015806,0.24966637045145035,0.2130507156252861,2.106290839612484,0.7385489195585251,1184,8786.848913192749
-0.9595466554164886,-1.2280143797397614,0.2684677317738533,0.5391528010368347,0.3280894570052624,2.684677302837372,0.8215413242578506,1185,8794.287324666977
-0.6220152825117111,-0.842462956905365,0.22044767439365387,0.5164280273020267,0.16998821310698986,2.2044767439365387,0.8215414434671402,1186,8801.566839694977
-3.3189104795455933,-3.626481205224991,0.3075707145035267,0.7130541801452637,0.12671403028070927,3.0757070779800415,0.8089587539434433,1187,8808.779965639114
-1.5533942431211472,-1.904543086886406,0.3511488363146782,0.7967636734247208,0.19759869761765003,3.511488199234009,0.9045339822769165,1188,8816.383998394012
-0.8658339232206345,-1.127223365008831,0.26138944923877716,0.6789443232119083,0.1723211072385311,2.6138944923877716,0.8089587688446045,1189,8824.072593927383
-1.9660056233406067,-2.2232179939746857,0.25721234269440174,0.5697900019586086,0.2400350421667099,2.572123348712921,0.780045211315155,1190,8831.40045595169
-0.1417909860610962,-0.4655161201953888,0.3237251713871956,0.3469410613179207,0.2116665542125702,3.2372516989707947,0.684469923377037,1191,8838.630469083786
-3.3097330182790756,-3.6609147787094116,0.35118165519088507,0.6525223106145859,0.23819438368082047,3.5118164867162704,0.821541428565979,1192,8846.248111963272
-0.9334493651986122,-1.0824165120720863,0.14896715618669987,0.7433515042066574,0.20411401614546776,1.489671528339386,0.863037645816803,1193,8853.553960323334
-0.25280672311782837,-0.5157656967639923,0.26295899599790573,0.40254170447587967,0.24920084699988365,2.6295899748802185,0.7259662002325058,1194,8860.7525908947
-1.1911903321743011,-1.4458256363868713,0.25463529489934444,0.6267646923661232,0.25574374198913574,2.5463528633117676,0.8630377501249313,1195,8868.57501578331
-0.22629202902317047,-0.4104372262954712,0.18414521217346191,0.5591829046607018,0.24654525890946388,1.8414520621299744,0.7800451666116714,1196,8875.914075374603
-0.36032139882445335,-0.4555582795292139,0.09523689281195402,0.6409887103363872,0.26290668174624443,0.9523689076304436,0.7674624621868134,1197,8882.961212873459
-1.9377201199531555,-2.1848209500312805,0.24710079189389944,0.5355812907218933,0.3159489370882511,2.4710078686475754,0.8215412795543671,1198,8890.355223178864
-1.1068000383675098,-1.240916445851326,0.1341163655743003,0.7121282890439034,0.21961107105016708,1.3411636501550674,0.7674624621868134,1199,8897.740823745728
-0.08552410453557968,-0.7762493789196014,0.6907252464443445,0.5729995220899582,0.2606459930539131,6.907252535223961,0.8215413242578506,1200,8904.981637239456
-3.3530519530177116,-3.636660546064377,0.2836086507886648,0.7910850644111633,0.3331446200609207,2.8360864371061325,0.9045340120792389,1201,8913.516197443008
-2.239476442337036,-2.4682875871658325,0.22881113644689322,0.3767651664093137,0.25827473402023315,2.2881113290786743,0.7259661853313446,1202,8920.668524980545
-1.4660963267087936,-1.7012290991842747,0.23513281298801303,0.352083214558661,0.13890647143125534,2.3513280153274536,0.7259662002325058,1203,8927.852059364319
1.2658837214112282,-1.0453122481703758,2.311195938847959,0.5933488681912422,0.18685466796159744,23.111958414316177,0.8215414732694626,1204,8935.033076524734
-0.7570808231830597,-0.9801216423511505,0.22304081730544567,0.42380276694893837,0.19667064771056175,2.2304081320762634,0.6844699382781982,1205,8942.243327140808
-2.4675394892692566,-2.6691872030496597,0.20164777990430593,0.570046603679657,0.23540111631155014,2.0164777636528015,0.8215414434671402,1206,8949.558642148972
-2.8037721514701843,-2.9099554419517517,0.10618323739618063,0.3593430295586586,0.22001482173800468,1.0618323683738708,0.6718872040510178,1207,8956.700052499771
-2.722795605659485,-2.9331607818603516,0.21036530286073685,0.5644855797290802,0.30259742960333824,2.1036530137062073,0.8215414434671402,1208,8964.187662124634
-1.019307553768158,-1.417040377855301,0.39773282036185265,0.2992067886516452,0.22727441042661667,3.9773280918598175,0.7259661704301834,1209,8971.496916532516
-1.9939671866595745,-2.2882983684539795,0.2943311035633087,0.5183356702327728,0.28115691244602203,2.9433110803365707,0.8215414434671402,1210,8978.723638772964
0.36006955802440643,0.1719079464673996,0.18816162459552288,0.1081080511212349,0.1493838094174862,1.8816162198781967,0.5763119459152222,1211,8986.128872871399
-2.9871788918972015,-3.1808466017246246,0.19366775266826153,0.47783154994249344,0.24410001747310162,1.936677485704422,0.6718871891498566,1212,8993.43877696991
9.812782853841782,0.28582701086997986,9.52695556730032,0.6054737446829677,0.1882332619279623,95.26955181360245,0.8089586943387985,1213,9000.881123781204
-1.5994223952293396,-1.7963764518499374,0.19695403426885605,0.4805244505405426,0.21231549978256226,1.969540297985077,0.7674624621868134,1214,9008.212298870087
-0.620473600924015,-0.8347546756267548,0.21428110264241695,0.5207188352942467,0.2631949111819267,2.142810970544815,0.7674624919891357,1215,9015.281312704086
-2.62387378513813,-2.8940416276454926,0.270167825743556,0.42658650130033493,0.24809867143630981,2.7016782462596893,0.7800451964139938,1216,9022.329228878021
-3.5148497223854065,-3.8715219497680664,0.356672216206789,0.8507821559906006,0.1365455025807023,3.566722124814987,0.9045340269804001,1217,9030.041122436523
-0.8026677519083023,-0.9911881685256958,0.1885204054415226,0.5731434971094131,0.2045508436858654,1.885204017162323,0.7674624174833298,1218,9037.492914915085
-0.8011456727981567,-0.9449389576911926,0.143793273717165,0.45511484146118164,0.2951775286346674,1.4379327297210693,0.7800450176000595,1219,9044.91877412796
-3.2409582287073135,-3.376575857400894,0.13561758305877447,0.5894396677613258,0.24281741864979267,1.3561757802963257,0.8215413987636566,1220,9052.63043475151
-1.9864979274570942,-2.2801145911216736,0.2936166040599346,0.693418730981648,0.14521933905780315,2.9361660480499268,0.8089587837457657,1221,9060.265716075897
-1.5845567882061005,-1.7187582552433014,0.1342014828696847,0.5286185266450047,0.30881180614233017,1.3420148193836212,0.767462432384491,1222,9067.472490787506
-1.2026727795600891,-1.3226426038891077,0.1199698206037283,0.3481073724105954,0.15173576772212982,1.1996981501579285,0.7259661853313446,1223,9074.595590114594
-4.907023847103119,-5.191980242729187,0.2849564887583256,0.5214353464543819,0.2852374389767647,2.849564865231514,0.821541503071785,1224,9082.088983297348
2.06398556381464,1.769178368151188,0.2948071979917586,0.5237867347896099,0.20977714285254478,2.948071889579296,0.7674624919891357,1225,9089.461551427841
0.43149299174547195,0.2906464636325836,0.140846474096179,0.845058873295784,0.22141768969595432,1.408464714884758,0.8630376905202866,1226,9097.176050186157
2.423339530825615,0.998894214630127,1.424445316195488,0.699255995452404,0.24275778606534004,14.244453132152557,0.8630376756191254,1227,9104.80270576477
1.2408773601055145,1.0609696917235851,0.1799076423048973,0.47347899060696363,0.23690357990562916,1.7990763634443283,0.7674624621868134,1228,9112.17950963974
-2.645722456276417,-2.899028979241848,0.2533065266907215,0.48052740283310413,0.14183908514678478,2.5330651849508286,0.7674624919891357,1229,9119.448754310608
-1.7972488701343536,-2.2992493510246277,0.5020004846155643,0.4484310671687126,0.19623626675456762,5.020004868507385,0.7800451815128326,1230,9127.026288509369
-2.997325450181961,-3.3713096231222153,0.37398418225347996,0.5210735388100147,0.31928112730383873,3.7398417592048645,0.8215413987636566,1231,9134.431967258453
-2.34994225949049,-2.6111620888113976,0.2612198684364557,0.3896742910146713,0.24681330099701881,2.612198680639267,0.7259660959243774,1232,9142.491852283478
-3.092488169670105,-3.3085182905197144,0.21603008173406124,0.5595645755529404,0.2732095569372177,2.1603007838129997,0.8215414881706238,1233,9149.83941602707
-0.07711103558540344,-0.2629068046808243,0.18579575791954994,0.5397372022271156,0.22988107427954674,1.8579575717449188,0.8215414881706238,1234,9157.02151298523
-2.0851664021611214,-2.5313164591789246,0.44615002535283566,0.5583112230524421,0.127883642911911,4.461500212550163,0.7674625068902969,1235,9164.406773090363
-5.1719993352890015,-5.594089388847351,0.4220901243388653,0.6215161979198456,0.2323872372508049,4.220901250839233,0.8630377799272537,1236,9171.804745435715
-0.8245996534824371,-1.0120372474193573,0.18743757903575897,0.24938539788126945,0.21748129650950432,1.8743757605552673,0.684469923377037,1237,9179.058187007904
-1.8544634953141212,-2.1622961461544037,0.30783266574144363,0.6907434165477753,0.2197149470448494,3.078326642513275,0.8089586347341537,1238,9186.833332300186
-2.434215523302555,-2.6670814901590347,0.23286601155996323,0.21760178543627262,0.20146621391177177,2.3286601305007935,0.630390852689743,1239,9194.052070617676
1.9975548386573792,-1.164009302854538,3.1615641936659813,0.3649219796061516,0.18682819977402687,31.615641951560974,0.7800451815128326,1240,9201.371424913406
-2.3279376924037933,-2.586054265499115,0.25811658799648285,0.36762166395783424,0.24270127713680267,2.581165850162506,0.7800451815128326,1241,9209.18679022789
14.37121069431305,-3.0192158222198486,17.390426453202963,0.7581636160612106,0.2317224144935608,173.90426069498062,0.8630377650260925,1242,9216.58280658722
0.24396003037691116,-0.02877278160303831,0.272732931189239,0.5722751878201962,0.1560904085636139,2.7273292243480682,0.7674625068902969,1243,9223.732189416885
0.4381851702928543,0.276106595993042,0.16207859106361866,0.5261481516063213,0.2433725707232952,1.6207858622074127,0.8215414583683014,1244,9231.356433153152
-3.177031621336937,-3.3087585866451263,0.13172708544880152,0.39334186539053917,0.3377400431782007,1.3172708451747894,0.7259661555290222,1245,9238.849153518677
-0.8045444786548615,-1.1395282745361328,0.33498377352952957,0.4353670962154865,0.22960255295038223,3.3498376309871674,0.7800450921058655,1246,9246.418682336807
-3.090961769223213,-3.4110012650489807,0.32003938406705856,0.5589634589850903,0.18912652134895325,3.2003937363624573,0.767462432384491,1247,9253.929240942001
-3.0603970885276794,-3.325821965932846,0.26542492816224694,0.6260812282562256,0.22820920310914516,2.6542492359876633,0.7674624025821686,1248,9261.056818008423
-1.3310406357049942,-1.6449365019798279,0.3138958588242531,0.5323764756321907,0.2605607844889164,3.1389585733413696,0.8215414583683014,1249,9268.204029798508
-3.1413780003786087,-3.3184019327163696,0.17702388390898705,0.3104013279080391,0.2291874922811985,1.7702388167381287,0.7259662002325058,1250,9275.732131004333
1.3409831896424294,1.1292867753654718,0.21169643849134445,0.5712020359933376,0.17738931439816952,2.1169643104076385,0.7800451666116714,1251,9283.259853124619
-1.241730622947216,-1.5457051917910576,0.30397456511855125,0.5671606250107288,0.21853115409612656,3.0397456139326096,0.8215414136648178,1252,9290.493636131287
-1.1841963529586792,-1.431056633591652,0.24686030857264996,0.3983006030321121,0.22093742340803146,2.4686030745506287,0.7385489195585251,1253,9297.701481580734
-2.300298511981964,-2.6560326516628265,0.35573410615324974,0.630793571472168,0.12946048565208912,3.5573410093784332,0.7674623727798462,1254,9304.984912633896
-2.936422199010849,-3.124569982290268,0.18814782984554768,0.362392894923687,0.15784797072410583,1.8814782798290253,0.7259661257266998,1255,9312.455070972443
-1.6670564413070679,-1.9703611731529236,0.30330468714237213,0.7278990894556046,0.2535870634019375,3.033046782016754,0.8215414583683014,1256,9320.16314959526
-1.2661402523517609,-1.6548433899879456,0.3887031152844429,0.5443397834897041,0.206258375197649,3.887031137943268,0.7800452262163162,1257,9327.76661324501
-0.05191773176193237,-0.2385563850402832,0.1866386397741735,0.48395854141563177,0.24998962134122849,1.8663863465189934,0.7259662002325058,1258,9334.811734199524
-1.4566125720739365,-1.704437792301178,0.2478252314031124,0.5217290148139,0.2239951267838478,2.4782522320747375,0.8215414732694626,1259,9341.980610370636
-0.07323813438415527,-0.8474318385124207,0.7741936929523945,0.31483529321849346,0.18135425075888634,7.741936564445496,0.6718872487545013,1260,9349.546236038208
-3.0069522336125374,-3.2991360127925873,0.29218367487192154,0.7704426199197769,0.2295052669942379,2.921836718916893,0.8215414732694626,1261,9356.850602149963
-6.097699463367462,-6.2715389132499695,0.17383937537670135,0.36512478068470955,0.27569636702537537,1.7383937239646912,0.7800451815128326,1262,9364.597609519958
-1.5886601861566305,-1.7407889353344217,0.15212873183190823,0.470529324375093,0.21968813613057137,1.5212872922420502,0.7133834809064865,1263,9371.751335382462
2.7202315032482147,2.5532571375370026,0.16697424836456776,0.4964011646807194,0.23530758917331696,1.669742465019226,0.7674623280763626,1264,9379.371437311172
-0.4237344190478325,-1.14354407787323,0.71980962716043,0.5270620351657271,0.19766205921769142,7.198096334934235,0.767462432384491,1265,9386.605502605438
4.287757970392704,-1.381763443350792,5.6695214211940765,0.1593074770644307,0.17709305509924889,56.695213198661804,0.4998326450586319,1266,9393.877613067627
-0.5985369086265564,-0.767312228679657,0.16877529956400394,0.47973519191145897,0.3127764705568552,1.687752977013588,0.684469923377037,1267,9400.987578630447
0.6151186749339104,0.31235748529434204,0.3027611803263426,0.576356515288353,0.17927021719515324,3.0276117026805878,0.7800451666116714,1268,9408.368006706238
0.3645581305027008,-2.9851621985435486,3.349720299243927,0.38671435602009296,0.20748674497008324,33.497201561927795,0.5413289815187454,1269,9415.608259916306
4.674342796206474,4.479859501123428,0.19448328018188477,0.5719546377658844,0.23009967058897018,1.9448327422142029,0.8630375564098358,1270,9422.86231136322
-2.0730078667402267,-2.2822112143039703,0.2092033913359046,0.7844707816839218,0.22832263633608818,2.092033863067627,0.9045339971780777,1271,9430.360437393188
-2.808065190911293,-3.072211407124996,0.26414620131254196,0.5747955404222012,0.23037848249077797,2.641462028026581,0.821541503071785,1272,9437.525473356247
-1.6527086347341537,-2.00521657243371,0.35250789672136307,0.6280224584043026,0.1959545575082302,3.5250788629055023,0.8089587837457657,1273,9445.129682064056
-5.564432471990585,-5.917091742157936,0.35265929251909256,0.6191417276859283,0.30783067643642426,3.5265929102897644,0.7674622982740402,1274,9452.778343439102
-1.7968225479125977,-2.0977803170681,0.30095773190259933,0.7071665972471237,0.2133358269929886,3.0095771849155426,0.8215414434671402,1275,9460.177806854248
-0.8930211365222931,-1.1699813306331635,0.27696022018790245,0.6655505374073982,0.281076118350029,2.769602119922638,0.767462432384491,1276,9467.818551301956
-1.9703194200992584,-2.2719117254018784,0.30159225314855576,0.5176126062870026,0.19349614903330803,3.0159225463867188,0.7800451517105103,1277,9474.978214979172
-2.443754702806473,-2.6179653704166412,0.17421060986816883,0.7015784261748195,0.12331209145486355,1.7421060502529144,0.8089587688446045,1278,9482.069647550583
-0.49582885950803757,-0.6888073263689876,0.19297848269343376,0.3799125477671623,0.2303299494087696,1.9297847747802734,0.725966140627861,1279,9489.35389471054
-2.342670127749443,-2.791392110288143,0.4487219974398613,0.5531570762395859,0.24496088922023773,4.487219929695129,0.8215414583683014,1280,9496.939504861832
-1.4610555768013,-1.6856334209442139,0.22457786090672016,0.18358114641159773,0.16259968094527721,2.24577859044075,0.6844698935747147,1281,9504.494750261307
-0.9385359454900026,-1.1913921050727367,0.2528561297804117,0.42825730238109827,0.1970162820070982,2.5285612642765045,0.7133833914995193,1282,9511.937300920486
-1.166030615568161,-1.571844607591629,0.40581400971859694,0.5489026345312595,0.23128551989793777,4.058140069246292,0.7674624621868134,1283,9519.265631437302
-2.4493368566036224,-3.000307619571686,0.550970733165741,0.5760175297036767,0.17616549506783485,5.509707272052765,0.8089587539434433,1284,9526.906681060791
-0.8105038218200207,-2.102353811264038,1.291850008070469,0.3367641270160675,0.1547432281076908,12.918500065803528,0.5954079627990723,1285,9533.943906068802
-3.281949371099472,-3.4958197250962257,0.21387024223804474,0.6918147131800652,0.28913940489292145,2.1387023627758026,0.8630376160144806,1286,9541.353052139282
-1.7832448035478592,-1.9888617545366287,0.20561697520315647,0.4261999949812889,0.122932905331254,2.0561696887016296,0.7133834809064865,1287,9548.735057115555
1.3900805972516537,-0.050719203893095255,1.4407998826354742,0.49381161481142044,0.27926309034228325,14.40799830853939,0.8215414583683014,1288,9556.25615143776
2.5584311187267303,2.3570776879787445,0.20135345496237278,0.6836557425558567,0.2624691016972065,2.013534516096115,0.8630376905202866,1289,9563.748813152313
-0.8010066151618958,-1.1184994578361511,0.31749282218515873,0.4867715798318386,0.29390616342425346,3.1749282479286194,0.8215414583683014,1290,9571.049473285675
-2.3512291312217712,-2.6901728957891464,0.3389437850564718,0.3610852612182498,0.2249148190021515,3.38943774998188,0.7259661108255386,1291,9578.348107337952
0.40878090262413025,0.2163766324520111,0.19240430742502213,0.5351010002195835,0.22244064323604107,1.9240430891513824,0.7800451815128326,1292,9585.503057956696
-1.9204115457832813,-2.2693288326263428,0.34891727939248085,0.650797008536756,0.14110693661496043,3.4891726970672607,0.678400531411171,1293,9593.429816961288
-3.4596723467111588,-3.750570520758629,0.2908981963992119,0.7129015102982521,0.3590640015900135,2.908981889486313,0.8630377054214478,1294,9601.256002902985
0.45225267112255096,0.2835579812526703,0.16869468335062265,0.5255181193351746,0.18215340748429298,1.6869468241930008,0.7259661704301834,1295,9608.450720071793
-5.221564590930939,-5.728071749210358,0.5065071061253548,0.531949408352375,0.26512057334184647,5.065070867538452,0.7800451219081879,1296,9615.712384462357
-1.691873550415039,-1.9646842703223228,0.2728107236325741,0.6965114176273346,0.19347204081714153,2.7281072437763214,0.8630377948284149,1297,9622.985621213913
-2.0178093500435352,-2.289250433444977,0.2714410685002804,0.8132316768169403,0.24434901028871536,2.7144106924533844,0.8215414583683014,1298,9630.572519779205
85.80897269397974,-2.3589436300098896,88.16791972704232,0.582524761557579,0.18428993690758944,881.6791667640209,0.7259662300348282,1299,9638.143713474274
-0.6044338494539261,-0.830399910453707,0.22596602234989405,0.5745016485452652,0.2643929086625576,2.259660206735134,0.7800451517105103,1300,9645.496764421463
-0.949232280254364,-1.625712275505066,0.676479933783412,0.3869696073234081,0.24917668849229813,6.764799118041992,0.7385489344596863,1301,9653.0878636837
-1.1163682490587234,-1.4135929737240076,0.29722469858825207,0.4793087802827358,0.213470671325922,2.9722470194101334,0.7674624770879745,1302,9660.428699970245
-0.8126168772578239,-1.030312716960907,0.21769581362605095,0.4138820320367813,0.22099247574806213,2.1769580841064453,0.7800451666116714,1303,9667.84303689003
-0.5837442278862,-0.8466194458305836,0.2628752328455448,0.1065995953977108,0.11682506091892719,2.6287522315979004,0.5763119757175446,1304,9675.405006885529
-0.9330058097839355,-3.9718549251556396,3.0388491060584784,0.5155185721814632,0.2668779194355011,30.38849103450775,0.7259662002325058,1305,9682.575827121735
-2.933703448623419,-3.169832795858383,0.23612940683960915,0.6339282523840666,0.15260692592710257,2.361294001340866,0.8089587539434433,1306,9689.934466362
-2.391773894429207,-2.546969175338745,0.1551952138543129,0.6869817115366459,0.19886423647403717,1.5519521087408066,0.863037720322609,1307,9697.264382600784
-3.4808855019509792,-3.5732049345970154,0.09231939259916544,0.2230267934501171,0.22127094119787216,0.9231938868761063,0.7385488152503967,1308,9704.876757860184
-2.8324313312768936,-3.0214702039957047,0.18903880193829536,0.5269164144992828,0.24285822920501232,1.890388011932373,0.8215414136648178,1309,9712.190801143646
0.8907679170370102,-0.06737536191940308,0.9581432566046715,0.5533068440854549,0.21170733124017715,9.581432402133942,0.8215414583683014,1310,9719.510586977005
1.8058561645448208,1.5420434130355716,0.26381272077560425,0.5518872961401939,0.22769899852573872,2.6381272077560425,0.7674624621868134,1311,9726.739821910858
-2.359064593911171,-2.562947042286396,0.20388243719935417,0.6878087557852268,0.16609670035541058,2.0388243198394775,0.7674624770879745,1312,9734.202457427979
-1.1161270141601562,-1.5002433806657791,0.38411641865968704,0.5289029330015182,0.21757487952709198,3.8411641716957092,0.7674624174833298,1313,9741.634427309036
-1.8371309489011765,-2.1808202415704727,0.34368927776813507,0.5181752219796181,0.2737068831920624,3.4368926286697388,0.7800451815128326,1314,9749.198105335236
-4.0634297132492065,-4.489642918109894,0.4262132905423641,0.5072803907096386,0.17177587747573853,4.262132823467255,0.8215414732694626,1315,9756.611905813217
-4.247522354125977,-4.413671970367432,0.16614962089806795,0.674975648522377,0.29119118116796017,1.6614961922168732,0.8630377650260925,1316,9763.77731513977
-0.8429480418562889,-1.0761663019657135,0.23321826569736004,0.5257803071290255,0.2380263414233923,2.3321826085448265,0.7674624770879745,1317,9771.145673036575
-3.3519019186496735,-3.5629845447838306,0.21108262613415718,0.7365023046731949,0.22610350139439106,2.1108262836933136,0.8630377948284149,1318,9778.43335556984
-1.1283189579844475,-1.5246831588447094,0.39636425022035837,0.32249195128679276,0.20749523676931858,3.9636423736810684,0.6718872338533401,1319,9785.732643127441
-1.3574942350387573,-1.5112362056970596,0.1537419818341732,0.7118010967969894,0.23276381753385067,1.5374198257923126,0.8630377650260925,1320,9793.097455739975
-3.7557973861694336,-4.099494457244873,0.34369712602347136,0.8040249943733215,0.1839343598112464,3.4369712471961975,0.821541428565979,1321,9800.497411251068
-0.18273089826107025,-0.4286678731441498,0.24593694880604744,0.6993679478764534,0.17610049434006214,2.4593694657087326,0.863037720322609,1322,9807.832429409027
-2.5465358942747116,-2.7926353067159653,0.24609941244125366,0.8225826770067215,0.24758128449320793,2.460994064807892,0.8215414434671402,1323,9815.497388362885
0.8189150840044022,0.5485310554504395,0.2703840248286724,0.7513410225510597,0.18190721422433853,2.70384019613266,0.8215414583683014,1324,9822.7686855793
1.5638332813978195,0.945726496167481,0.6181068494915962,0.4949098005890846,0.21368379518389702,6.181068420410156,0.7259661853313446,1325,9830.219798326492
-2.0428300946950912,-2.110822230577469,0.06799212750047445,0.5008745603263378,0.2529505155980587,0.6799212545156479,0.8215414583683014,1326,9837.574429035187
-0.7971777319908142,-1.0755216479301453,0.27834392338991165,0.7219002917408943,0.23367570992559195,2.7834391444921494,0.8215414881706238,1327,9844.829674959183
0.17127534747123718,0.0020866505801677704,0.16918868944048882,0.3268253020942211,0.236789770424366,1.69188691675663,0.7259660363197327,1328,9852.290170431137
-1.4949886947870255,-1.6918478608131409,0.19685922376811504,0.6650134846568108,0.2778082452714443,1.9685921669006348,0.863037720322609,1329,9859.6502597332
-1.7868175506591797,-1.9314886927604675,0.14467121846973896,0.3379231635481119,0.1935599809512496,1.4467121586203575,0.7259662002325058,1330,9867.025058984756
-1.387668937444687,-1.5733845829963684,0.18571557849645615,0.5416835322976112,0.23387601226568222,1.8571557253599167,0.8215413987636566,1331,9874.472554683685
-1.1435292176902294,-1.363607730716467,0.2200784906744957,0.5499184280633926,0.27945585176348686,2.2007848918437958,0.8215413987636566,1332,9881.657198667526
-0.1131238043308258,-0.39528675377368927,0.28216297551989555,0.5468069538474083,0.1940351314842701,2.8216297328472137,0.7674624621868134,1333,9889.01391339302
-1.2822834998369217,-1.462863564491272,0.18058007210493088,0.23595283925533295,0.2283104583621025,1.8058006837964058,0.7385488450527191,1334,9896.323044776917
3.0225905776023865,2.7173585891723633,0.3052320033311844,0.7845340073108673,0.24918827787041664,3.0523200035095215,0.8215414434671402,1335,9903.71369433403
-4.102668255567551,-4.293320953845978,0.1906527243554592,0.6583303809165955,0.23364157788455486,1.9065272212028503,0.8215413987636566,1336,9911.329850435257
-4.088468462228775,-4.237779468297958,0.1493109818547964,0.5485469289124012,0.18750707991421223,1.4931098222732544,0.7800451815128326,1337,9918.699457406998
-1.7329844683408737,-1.972858726978302,0.23987425956875086,0.7144487425684929,0.17402839474380016,2.3987425565719604,0.7800451368093491,1338,9926.173860788345
-1.8086822628974915,-2.050331234931946,0.24164896085858345,0.5543396435678005,0.17619852721691132,2.416489601135254,0.7800451517105103,1339,9933.48586678505
-4.525722116231918,-4.69239154458046,0.1666692988947034,0.4431608011946082,0.1493830494582653,1.6666929870843887,0.7133834511041641,1340,9940.848010540009
0.9890024960041046,-3.234190821647644,4.223193410784006,0.7104674428701401,0.27264485880732536,42.23193117976189,0.8630377054214478,1341,9948.64726805687
-0.9353219568729401,-1.1173924580216408,0.1820705235004425,0.8462605625391006,0.20427009090781212,1.820705197751522,0.9045340418815613,1342,9956.08772969246
-1.9902468845248222,-2.083229884505272,0.0929830209352076,0.3691997565329075,0.16909407079219818,0.9298301860690117,0.6303909420967102,1343,9963.48447561264
0.5160855352878571,0.20673060417175293,0.3093549534678459,0.6756380200386047,0.24949928373098373,3.0935494899749756,0.8215414732694626,1344,9970.794375181198
-2.490401476621628,-2.6357078552246094,0.14530632831156254,0.5482275635004044,0.19617189839482307,1.4530632495880127,0.7800451815128326,1345,9977.893912315369
-1.905453197658062,-2.027364820241928,0.12191156251356006,0.39723729714751244,0.1974941696971655,1.2191155850887299,0.7800451666116714,1346,9985.229583501816
-1.8805021941661835,-2.4313822984695435,0.5508801229298115,0.4981112591922283,0.22704831883311272,5.508801147341728,0.8215414881706238,1347,9992.592431545258
-0.2880677580833435,-0.4007806181907654,0.11271287128329277,0.5630734302103519,0.20810329541563988,1.1271286755800247,0.7385488897562027,1348,10000.090879201889
1.4816114958375692,1.3947296440601349,0.08688184339553118,0.4784887284040451,0.0732679171487689,0.8688184320926666,0.6369042247533798,1349,10007.468917608261
-1.371370516717434,-1.4853542521595955,0.113983653485775,0.6959234066307545,0.17087978310883045,1.1398365199565887,0.8630376756191254,1350,10015.084768772125
-1.392769068479538,-1.6591139286756516,0.2663448881357908,0.631748653948307,0.28812679275870323,2.6634488105773926,0.8630377352237701,1351,10023.262914657593
-2.638124831020832,-5.267057344317436,2.628932600375265,0.5803542658686638,0.23089276952669024,26.28932597488165,0.8215414583683014,1352,10030.723628997803
-6.401063859462738,-6.841972351074219,0.44090859219431877,0.5556944087147713,0.2497948780655861,4.409085988998413,0.8215414434671402,1353,10038.12375497818
-0.46992302313447,-0.6454058587551117,0.1754829054698348,0.2702787723392248,0.15360141545534134,1.754829041659832,0.6718872040510178,1354,10045.54706954956
-0.996814176440239,-1.1507420241832733,0.15392785286530852,0.5066460585221648,0.13248232752084732,1.5392785146832466,0.7674624770879745,1355,10053.204929590225
-2.729090601205826,-2.884970724582672,0.15588009543716908,0.7316845618188381,0.14127695187926292,1.5588009357452393,0.863037720322609,1356,10061.061405420303
-0.7561379969120026,-1.1122805625200272,0.35614258935675025,0.24393841437995434,0.2452454064041376,3.5614258348941803,0.6844698488712311,1357,10068.352563142776
-0.42517295479774475,-0.5137914614751935,0.08861850388348103,0.3549457462504506,0.17911817505955696,0.88618503510952,0.7259661853313446,1358,10075.687399625778
-2.602008856832981,-2.776285760104656,0.17427685484290123,0.6693945005536079,0.3388061225414276,1.7427684962749481,0.7800450772047043,1359,10083.063520908356
-2.131523869931698,-2.3080869764089584,0.17656313721090555,0.7038343325257301,0.20933802239596844,1.7656313478946686,0.8630377501249313,1360,10090.373831510544
-2.2006710842251778,-2.3316609114408493,0.13098987750709057,0.6364967115223408,0.20767643302679062,1.309898778796196,0.8215414434671402,1361,10097.61426281929
-2.4449847638607025,-2.9564675092697144,0.5114827691577375,0.6997947618365288,0.27993600256741047,5.114827632904053,0.7800451517105103,1362,10104.969860076904
-1.2054508924484253,-4.295502046123147,3.090051170438528,0.8026773929595947,0.29488714039325714,30.900512158870697,0.8630377352237701,1363,10112.315551519394
-0.2903788145631552,-0.6006962563842535,0.31031745858490467,0.5789290554821491,0.2117363028228283,3.1031745076179504,0.8089587241411209,1364,10119.651361227036
0.2438320368528366,0.003408323973417282,0.24042371474206448,0.4929334921762347,0.15356882847845554,2.404237076640129,0.7133835107088089,1365,10126.809826612473
0.8225832022726536,0.4953864701092243,0.32719676196575165,0.7168455049395561,0.24605651199817657,3.271967500448227,0.8215414732694626,1366,10133.974035739899
-2.834425613284111,-2.963768780231476,0.12934321910142899,0.33826927561312914,0.16669744439423084,1.2934321537613869,0.7259661853313446,1367,10141.021941184998
0.3676430284976959,0.11135008931159973,0.25629296712577343,0.6474949270486832,0.23812416940927505,2.562929645180702,0.8630376905202866,1368,10148.341735601425
0.6452769786119461,-2.1079265223816037,2.7532035559415817,0.6202773861587048,0.2056497111916542,27.532035052776337,0.863037720322609,1369,10156.014378786087
-1.743632823228836,-1.9123431146144867,0.16871029511094093,0.33346638083457947,0.2412438876926899,1.6871029138565063,0.7800451964139938,1370,10163.160405635834
-0.8987652007490396,-2.0481504797935486,1.1493852604180574,0.36099396646022797,0.20286453887820244,11.493852823972702,0.5954079478979111,1371,10170.712606668472
-5.104506492614746,-5.323601245880127,0.21909477189183235,0.6375670842826366,0.22466842643916607,2.1909476816654205,0.7800451964139938,1372,10177.999442100525
-4.994438141584396,-5.2117316126823425,0.21729355677962303,0.351013645529747,0.27731794863939285,2.172935500741005,0.7800451666116714,1373,10185.428247213364
-1.887497678399086,-2.1133488714694977,0.2258511334657669,0.8442172408103943,0.17537752352654934,2.258511334657669,0.8089587688446045,1374,10192.916210651398
-3.5068443473428488,-3.7607174329459667,0.2538730073720217,0.49253266397863626,0.3543757386505604,2.538730025291443,0.767462432384491,1375,10200.24321103096
-2.8356036990880966,-2.9817983359098434,0.1461945753544569,0.22077185660600662,0.23520053550601006,1.461945727467537,0.7385489046573639,1376,10207.546383857727
-1.3650369010865688,-1.4649231508374214,0.09988628420978785,0.46310245990753174,0.17907672002911568,0.9988628029823303,0.7133834809064865,1377,10214.816566228867
-0.4568878412246704,-1.5445662438869476,1.08767840731889,0.5751632489264011,0.274331409484148,10.876783967018127,0.7800451219081879,1378,10222.288383722305
-0.6443809270858765,-1.052519977092743,0.40813905000686646,0.3846671134233475,0.21112295240163803,4.081390380859375,0.7259661555290222,1379,10229.722176074982
-0.05916266143321991,-0.2894597053527832,0.23029706254601479,0.5244290493428707,0.16748789697885513,2.302970588207245,0.8215414583683014,1380,10237.490192651749
-0.24861235916614532,-0.37945304065942764,0.130840671248734,0.5215299129486084,0.2739679180085659,1.3084066733717918,0.8215413987636566,1381,10244.955321073532
1.261036854237318,1.0603830562904477,0.20065377466380596,0.6727888658642769,0.2629565419629216,2.006537675857544,0.8215412348508835,1382,10252.11323595047
-4.000930199865252,-4.377566993236542,0.376636837143451,0.49230561405420303,0.19544750079512596,3.7663681730628014,0.6369042247533798,1383,10259.308350086212
-3.844942979514599,-4.326563905924559,0.48162103071808815,0.5833648517727852,0.21567142382264137,4.8162102699279785,0.863037571310997,1384,10266.69906258583
-3.5686114579439163,-3.7736624889075756,0.2050509676337242,0.4490891434252262,0.24953042343258858,2.0505096912384033,0.8215414583683014,1385,10274.074621200562
-4.258952856063843,-4.693295240402222,0.4343423508107662,0.7465787380933762,0.2382865957915783,4.343423366546631,0.9045339822769165,1386,10281.689423799515
-3.3281059116125107,-3.501296542584896,0.17319058813154697,0.4106583446264267,0.26265596225857735,1.7319058328866959,0.7800449877977371,1387,10288.916866064072
1.7818622291088104,1.5485330820083618,0.23332915641367435,0.6606274750083685,0.12922237999737263,2.3332915604114532,0.8089587539434433,1388,10296.585239887238
-0.705399364233017,-0.9182887077331543,0.21288937330245972,0.8044935017824173,0.18539541773498058,2.1288936734199524,0.8630377650260925,1389,10304.304354906082
-0.763610452413559,-0.9620844665914774,0.19847399182617664,0.5770423710346222,0.212694950401783,1.9847399294376373,0.7259660810232162,1390,10311.590294837952
-0.9250850081443787,-1.0681741535663605,0.14308915752917528,0.20960619021207094,0.2198728546500206,1.4308915734291077,0.6844698488712311,1391,10318.837235212326
0.7374124005436897,0.35077352821826935,0.3866388648748398,0.8842475414276123,0.15368439070880413,3.866388499736786,0.8630377501249313,1392,10326.406921386719
-2.386472724378109,-2.6647523939609528,0.2782796584069729,0.5858942419290543,0.22822801396250725,2.782796487212181,0.780045211315155,1393,10333.600645065308
-0.49461139366030693,-0.6714964881539345,0.176885103341192,0.4269590340554714,0.23509537242352962,1.768850989639759,0.7674625068902969,1394,10340.749743700027
2.7194065153598785,2.497396856546402,0.22200961597263813,0.3248749366030097,0.17250355705618858,2.2200961261987686,0.7259662002325058,1395,10348.374510288239
-3.126832753419876,-3.368333175778389,0.2415004000067711,0.4766646372154355,0.2116061020642519,2.4150039106607437,0.7674624770879745,1396,10356.171633958817
-2.508284270763397,-2.900817632675171,0.3925333432853222,0.6349077150225639,0.3267742656171322,3.9253333806991577,0.8630377352237701,1397,10363.432695388794
-0.36886749416589737,-0.5559370517730713,0.18706964328885078,0.5063316272571683,0.19067643582820892,1.8706964552402496,0.7674624621868134,1398,10370.857587814331
-3.3744820952415466,-3.4943522214889526,0.11987006850540638,0.547354843467474,0.2516583241522312,1.198700651526451,0.821541428565979,1399,10378.310756921768
0.18283189833164215,0.03261658549308777,0.15021530352532864,0.5550023689866066,0.203841095790267,1.5021529495716095,0.8215414434671402,1400,10385.643881559372
15.605232372879982,-2.5044476687908173,18.109679892659187,0.601917346008122,0.11159422621130943,181.09679128229618,0.8089587539434433,1401,10393.323707580566
-1.1284800171852112,-2.767874300479889,1.6393942711874843,0.4887882433831692,0.17145507037639618,16.39394249022007,0.7674625068902969,1402,10400.788211584091
0.4094466418027878,0.22117021679878235,0.18827649392187595,0.3992892876267433,0.17351600341498852,1.882764920592308,0.6844699531793594,1403,10408.06562423706
1.0532999634742737,-0.9241132736206055,1.9774132259190083,0.5799503177404404,0.2011671457439661,19.774132251739502,0.7800450921058655,1404,10415.572892665863
1.0941803716123104,0.9127095341682434,0.18147089146077633,0.7311020419001579,0.23213357478380203,1.8147089034318924,0.8630376905202866,1405,10422.994723320007
3.223814733326435,-0.8524403367191553,4.076255232095718,0.3652060879394412,0.21197577752172947,40.76255229115486,0.7259661853313446,1406,10430.1081635952
-2.510995998978615,-2.587151922285557,0.0761559596285224,0.2081060903146863,0.21380299516022205,0.7615595832467079,0.6844697743654251,1407,10437.5990960598
-0.8419947326183319,-1.198598563671112,0.35660379752516747,0.42018352448940277,0.20196889527142048,3.566037893295288,0.7385488301515579,1408,10445.22566652298
-1.0092853754758835,-1.2118180990219116,0.2025327067822218,0.5264889001846313,0.217444839887321,2.0253269970417023,0.7800448536872864,1409,10452.846763372421
0.3340772520750761,0.1450337370260968,0.18904350697994232,0.6919442042708397,0.2062598206102848,1.8904350250959396,0.8630377352237701,1410,10460.338690757751
-0.5618598759174347,-0.729933500289917,0.1680735945701599,0.6169403605163097,0.3043632358312607,1.680735930800438,0.8089587241411209,1411,10467.484078884125
-1.2152722217142582,-1.4469959735870361,0.23172373324632645,0.535062700510025,0.2375149466097355,2.3172373473644257,0.8215414732694626,1412,10475.039068222046
14.847082503139973,-2.5086004436016083,17.35568323172629,0.5849050357937813,0.2153318040072918,173.55682848393917,0.8215414434671402,1413,10482.311805963516
-2.6531882137060165,-2.7355374097824097,0.08234921935945749,0.8155199736356735,0.26116019673645496,0.8234921582043171,0.8215414434671402,1414,10489.771138191223
4.848867133259773,-1.74021268915385,6.589079950004816,0.5337432995438576,0.2730801282450557,65.89079856872559,0.8215411454439163,1415,10497.491627454758
-2.69859978556633,-2.868051588535309,0.169451791793108,0.4853028878569603,0.2967521846294403,1.6945179104804993,0.8215414732694626,1416,10504.863144397736
-2.8004232048988342,-3.0696117877960205,0.26918862760066986,0.5223098769783974,0.2533414866775274,2.691886246204376,0.7133835107088089,1417,10512.119778633118
-2.8406894207000732,-3.0192571878433228,0.17856771312654018,0.712565079331398,0.29854675754904747,1.7856771051883698,0.8630377352237701,1418,10519.476078033447
-2.2374631613492966,-2.909835159778595,0.6723721399903297,0.4152686335146427,0.1831400003284216,6.723721161484718,0.7800451666116714,1419,10526.975474834442
-1.1094514355063438,-1.491043332964182,0.3815918546169996,0.6179721876978874,0.21391457179561257,3.815918445587158,0.7259662002325058,1420,10534.198475837708
-1.9701316505670547,-2.1528799533843994,0.18274833634495735,0.5741521939635277,0.20229459553956985,1.8274833261966705,0.7674625068902969,1421,10541.616746664047
-2.3359864577651024,-2.573662608861923,0.2376760970801115,0.6069110371172428,0.2926488593220711,2.376760870218277,0.7800451964139938,1422,10548.959528207779
-0.24686793610453606,-0.43800779432058334,0.19113981537520885,0.7052140012383461,0.3009874187409878,1.9113981425762177,0.8215413093566895,1423,10556.163958072662
2.0941239558160305,1.823609471321106,0.2705144081264734,0.42229964956641197,0.21695693582296371,2.7051440477371216,0.6844699084758759,1424,10563.426006317139
-3.601429671049118,-3.824385106563568,0.22295542806386948,0.7463750243186951,0.15857738628983498,2.229554235935211,0.9045340418815613,1425,10570.750357627869
3.3828239142894745,2.952214404940605,0.43060941249132156,0.5220377221703529,0.19334936887025833,4.30609405040741,0.821541503071785,1426,10578.191951751709
-1.4518426656723022,-1.676612377166748,0.22476965188980103,0.7851402461528778,0.27003927901387215,2.2476964592933655,0.8630377650260925,1427,10585.739217281342
-3.547487646341324,-3.719459930434823,0.17197228595614433,0.6543949618935585,0.3561506010591984,1.7197228372097015,0.863037720322609,1428,10593.001482248306
0.7129224762320518,0.289683997631073,0.42323856614530087,0.5324477478861809,0.21670260280370712,4.232385545969009,0.821541428565979,1429,10600.599487304688
-0.3580995425581932,-0.4822111912071705,0.12411163048818707,0.4778026258572936,0.15668164566159248,1.241116315126419,0.6178081929683685,1430,10607.633053064346
1.4253483824431896,1.2614308781921864,0.16391740553081036,0.3653147332370281,0.13955064117908478,1.639174073934555,0.7259661853313446,1431,10615.530536651611
-4.709153354167938,-4.926709175109863,0.21755587682127953,0.650363627821207,0.2280236128717661,2.1755586713552475,0.8089587390422821,1432,10622.988204240799
-1.876401960849762,-2.0480098128318787,0.17160779982805252,0.6509010978043079,0.2894919980317354,1.716077983379364,0.8630377650260925,1433,10630.079701423645
0.5976348295807838,0.2646423801779747,0.33299246430397034,0.6631565093994141,0.21230647340416908,3.329924464225769,0.863037720322609,1434,10637.560862541199
35.43024678528309,-2.349425345659256,37.77967020869255,0.6275208853185177,0.23199580423533916,377.79667910933495,0.7800451517105103,1435,10644.817440986633
3.847480431199074,3.27936227619648,0.5681179948151112,0.46963704749941826,0.27124353498220444,5.681180000305176,0.630390927195549,1436,10652.286471128464
-1.242599941790104,-1.5681237131357193,0.32552373595535755,0.45232346653938293,0.22432158887386322,3.2552372440695763,0.7800451964139938,1437,10659.538381099701
-1.5954085811972618,-1.849685713648796,0.2542771687731147,0.48495154827833176,0.16781767643988132,2.5427716821432114,0.7674624770879745,1438,10666.770951509476
-1.6162855178117752,-1.7844683229923248,0.1681827511638403,0.49606385082006454,0.24901731312274933,1.6818274855613708,0.7674625068902969,1439,10674.316637277603
-1.396117776632309,-1.6675575971603394,0.27143980748951435,0.5453774705529213,0.28308394737541676,2.714397966861725,0.8215415179729462,1440,10681.75745177269
-1.6625271812081337,-1.8541990965604782,0.19167189858853817,0.7702339589595795,0.2284913994371891,1.9167189598083496,0.8215414583683014,1441,10688.91452884674
-4.876459121704102,-5.064104795455933,0.18764562159776688,0.7710976004600525,0.28793773241341114,1.8764561414718628,0.9045340120792389,1442,10696.845259189606
-1.2696874290704727,-1.4965631067752838,0.22687569074332714,0.5005257464945316,0.1682521514594555,2.268756866455078,0.7259662002325058,1443,10703.922810554504
-1.4842683225870132,-1.6002406477928162,0.1159723037853837,0.49357427656650543,0.2565514836460352,1.159722987562418,0.7674625068902969,1444,10711.152998447418
-1.2064075469970703,-1.407997488975525,0.20158985815942287,0.537318043410778,0.22856635972857475,2.0158985555171967,0.821541503071785,1445,10718.402581214905
-3.353553354740143,-3.6802902817726135,0.32673695497214794,0.5691150389611721,0.2180764153599739,3.2673695534467697,0.8089587241411209,1446,10725.716150045395
-1.3696451783180237,-1.60028937458992,0.23064416274428368,0.39312561973929405,0.23277593031525612,2.3064415231347084,0.684469923377037,1447,10732.946636199951
-4.400955438613892,-4.66530966758728,0.2643541768193245,0.8294790536165237,0.20332890190184116,2.643541693687439,0.8630377501249313,1448,10740.147745609283
12.432943239808083,-1.0149507597088814,13.447893712669611,0.431144829839468,0.19284366071224213,134.47893711924553,0.6844698935747147,1449,10747.548986911774
-3.213020972907543,-3.7195445373654366,0.5065235979855061,0.4677585568279028,0.2625418193638325,5.06523585319519,0.7674624025821686,1450,10754.869158267975
-2.8246019184589386,-4.325105726718903,1.5005038576200604,0.505746953189373,0.2860260084271431,15.005037665367126,0.8215414136648178,1451,10762.104236364365
-1.9905966371297836,-2.2064282596111298,0.21583156753331423,0.5117157027125359,0.1453518196940422,2.1583156287670135,0.7674624919891357,1452,10769.789039611816
-6.2769713550806046,-6.524967271834612,0.2479960285127163,0.4804196432232857,0.23251041024923325,2.479960173368454,0.780045211315155,1453,10777.14588522911
-2.0677482783794403,-2.1726655662059784,0.10491730365902185,0.6765610724687576,0.24757343158125877,1.049173042178154,0.863037720322609,1454,10784.322251081467
0.35912980884313583,0.1278921365737915,0.2312375996261835,0.5803985232487321,0.15465802885591984,2.312376022338867,0.7674624770879745,1455,10791.64483833313
-2.106460839509964,-2.463572144508362,0.35711128264665604,0.6713226735591888,0.3139931932091713,3.5711128413677216,0.863037645816803,1456,10799.033556461334
-4.252274110913277,-4.370182380080223,0.11790837626904249,0.5469061024487019,0.1698310561478138,1.179083727300167,0.7800452411174774,1457,10806.8850543499
-4.4232204258441925,-4.818875730037689,0.3956553600728512,0.8200807571411133,0.19829552434384823,3.9565533995628357,0.9045340567827225,1458,10814.698264837265
-1.948197826743126,-2.129127901047468,0.18093005660921335,0.2521682195365429,0.22374019771814346,1.8093005418777466,0.6844698190689087,1459,10822.318264961243
-4.006572753190994,-4.265586078166962,0.2590132765471935,0.8395558595657349,0.16595131158828735,2.590132772922516,0.9045340269804001,1460,10829.60926747322
-1.1542827039957047,-1.3849737644195557,0.23069106694310904,0.5006488598883152,0.24291161447763443,2.3069106191396713,0.8215415179729462,1461,10837.037600517273
-3.3749239556491375,-3.5845279507339,0.20960395596921444,0.7138139419257641,0.28280816227197647,2.0960395336151123,0.8215414136648178,1462,10844.385066986084
-0.13977250456809998,-0.6017627418041229,0.46199027448892593,0.5568283721804619,0.15797370579093695,4.619902640581131,0.7259661555290222,1463,10852.142932415009
-0.8171056732535362,-1.2524230107665062,0.43531735986471176,0.24928855523467064,0.20815544202923775,4.3531733751297,0.7385489195585251,1464,10859.466044664383
-3.8213967084884644,-4.043681740760803,0.22228503599762917,0.7067119851708412,0.2588495574891567,2.2228503227233887,0.8215414583683014,1465,10867.098559141159
-4.26781065762043,-4.468639142811298,0.20082849264144897,0.5443155243992805,0.24540890753269196,2.0082848966121674,0.7674624919891357,1466,10874.303597688675
-0.7175917327404022,-0.9498346149921417,0.23224282637238503,0.3653982700780034,0.16031846404075623,2.3224282264709473,0.7259661853313446,1467,10882.070491313934
0.130567267537117,-0.07569538801908493,0.20626268535852432,0.6975013837218285,0.2169173639267683,2.0626267939805984,0.725966215133667,1468,10889.207102537155
-2.0062627345323563,-2.2281543016433716,0.22189148655161262,0.6222064383327961,0.2692737728357315,2.2189148142933846,0.8630377054214478,1469,10896.578402280807
-3.9948204830288887,-4.284446284174919,0.28962577506899834,0.7055362537503242,0.1949966624379158,2.8962576389312744,0.8630376756191254,1470,10904.681881904602
0.3859643489122391,0.22038067877292633,0.16558367386460304,0.21682448778301477,0.19885062612593174,1.655836671590805,0.6178082078695297,1471,10911.797491312027
-2.0846721455454826,-2.224172431975603,0.13950024358928204,0.48420755565166473,0.30672863498330116,1.395002394914627,0.7800451666116714,1472,10918.957473993301
-2.25805950909853,-2.4388256445527077,0.1807661410421133,0.3937055766582489,0.2223675660789013,1.807661384344101,0.7800450325012207,1473,10926.69916677475
-1.3650958836078644,-1.8487638384103775,0.4836679436266422,0.5527233891189098,0.2071334831416607,4.836679473519325,0.8215414732694626,1474,10934.033989667892
-0.6690158843994141,-0.8450595960021019,0.17604369577020407,0.18914838135242462,0.17004997842013836,1.7604369446635246,0.6844698339700699,1475,10941.217120170593
-0.073743537068367,-2.3181234151124954,2.2443799041211605,0.7698689997196198,0.15756745263934135,22.443797558546066,0.9045340269804001,1476,10948.804756879807
-2.5261738561093807,-2.7172876521945,0.19111385196447372,0.4021710678935051,0.2117062732577324,1.9111384749412537,0.7259661704301834,1477,10956.103459358215
-2.8016562163829803,-3.0597376823425293,0.25808138959109783,0.6517917327582836,0.17703100852668285,2.580813840031624,0.821541428565979,1478,10963.632856845856
-1.266875833272934,-1.3864362090826035,0.11956037115305662,0.5081960372626781,0.12380299158394337,1.1956036910414696,0.7674624770879745,1479,10971.225894451141
-2.9808094203472137,-3.1064997762441635,0.12569031585007906,0.6869033500552177,0.23254841193556786,1.2569031417369843,0.8630377352237701,1480,10978.367723703384
-1.1138462536036968,-1.3430339694023132,0.22918768785893917,0.573763657361269,0.17278286069631577,2.2918768376111984,0.8215413987636566,1481,10985.767441511154
-2.882228970527649,-3.1192433834075928,0.23701446503400803,0.23939914628863335,0.24740219116210938,2.3701446056365967,0.7385489046573639,1482,10993.199425458908
-2.270413339138031,-2.517944946885109,0.24753154441714287,0.3706573620438576,0.24000616744160652,2.475315421819687,0.7800451219081879,1483,11000.67603635788
-5.723302453756332,-5.960040410340298,0.23673807084560394,0.6636950708925724,0.3263192307204008,2.3673806488513947,0.8630377054214478,1484,11008.005922317505
-1.856260970234871,-2.20271897315979,0.34645799547433853,0.5528042316436768,0.23119079694151878,3.464579939842224,0.8215414434671402,1485,11015.42223906517
-1.1792997121810913,-1.413329303264618,0.23402956128120422,0.5116777811199427,0.1678767390549183,2.3402955532073975,0.725966215133667,1486,11022.79027724266
-0.992369681596756,-1.1256804764270782,0.13331079855561256,0.6464419541880488,0.1558516025543213,1.333107978105545,0.7674624472856522,1487,11030.208440303802
-0.4518481492996216,-0.695742130279541,0.2438940294086933,0.5488572828471661,0.24801351130008698,2.4389402866363525,0.821541428565979,1488,11037.439589977264
-1.0601094663143158,-1.3825060576200485,0.32239659409970045,0.5552576184272766,0.1975330226123333,3.223965935409069,0.7385488897562027,1489,11044.975249767303
-2.086700014770031,-2.548855483531952,0.4621554482728243,0.7869024276733398,0.34492002800107,4.621554285287857,0.8215413987636566,1490,11052.603352308273
-3.2202176451683044,-3.5985352396965027,0.3783176466822624,0.5250581800937653,0.2031361535191536,3.783176451921463,0.8215414583683014,1491,11059.999783754349
-2.377093255519867,-2.7648167461156845,0.38772352784872055,0.5318767577409744,0.2917330674827099,3.877235174179077,0.8215413689613342,1492,11067.478880643845
-0.45643869042396545,-0.6426805853843689,0.1862419005483389,0.45748064387589693,0.23399686440825462,1.8624189794063568,0.7259662002325058,1493,11074.917608976364
-3.143321707844734,-3.4176020324230194,0.27428025752305984,0.5754782520234585,0.18779216893017292,2.74280247092247,0.767462432384491,1494,11082.272052764893
771.4055560231209,-3.7112613320350647,775.1167906746268,0.7913646996021271,0.25167896039783955,7751.167540490627,0.7800451666116714,1495,11089.600339651108
0.6296986490488052,0.28319963812828064,0.34649901278316975,0.3716430738568306,0.21987918764352798,3.4649901390075684,0.6718871891498566,1496,11096.977400779724
0.14829695969820023,0.017499465495347977,0.13079745136201382,0.43687719106674194,0.31016745790839195,1.307974487543106,0.7800451368093491,1497,11104.254955530167
-2.103784054517746,-2.2505389153957367,0.1467548692598939,0.605320617556572,0.23351464793086052,1.4675486385822296,0.7674623429775238,1498,11111.59216427803
-0.35617904737591743,-0.658097492530942,0.301918423268944,0.4851350858807564,0.1751567628234625,3.019184112548828,0.725966066122055,1499,11119.107652902603
