loss,pg_loss,kl_loss,reward_mean,reward_std,kl_mean,advantage_std,step,elapsed
-1.2321065664291382,-1.2321065664291382,0.0,-0.25042515993118286,0.08527889847755432,0.0,0.9045339822769165,0,2.0210418701171875
-14.28258228302002,-14.282584190368652,1.8119811784345075e-06,-2.341581344604492,0.2252216637134552,1.811981201171875e-05,0.9045339822769165,1,3.806051731109619
-6.148071765899658,-6.148072719573975,1.007318473966734e-06,-0.16150131821632385,0.2474345862865448,1.0073184967041016e-05,0.9045340418815613,2,5.696133375167847
-3.458597421646118,-3.4586105346679688,1.3100108844810165e-05,-0.44376257061958313,0.06031082570552826,0.00013100108481012285,0.9045339822769165,3,7.50920844078064
-4.962564945220947,-4.962569236755371,4.500150680541992e-06,-1.8163057565689087,1.35202157497406,4.500150680541992e-05,0.7385489344596863,4,9.310779571533203
-5.623653411865234,-5.623654365539551,9.477138860347623e-07,-0.6319063901901245,0.1668219268321991,9.47713851928711e-06,0.9045340418815613,5,11.00976300239563
-1.0561060905456543,-1.0561225414276123,1.6413132470916025e-05,-2.3555281162261963,1.74689519405365,0.00016413132834713906,0.7385489344596863,6,12.72821307182312
-1.4015631675720215,-1.4015693664550781,6.193916760821594e-06,-2.034308910369873,1.5099419355392456,6.193916487973183e-05,0.7385488748550415,7,14.442418336868286
-1.0771335363388062,-1.077138900756836,5.335609330359148e-06,-2.5706164836883545,1.899535059928894,5.335609239409678e-05,0.7385489344596863,8,16.14617681503296
-4.03651237487793,-4.036517143249512,4.820029062102549e-06,-1.2259795665740967,0.17800846695899963,4.820029062102549e-05,0.9045339226722717,9,17.847450256347656
-3.509845495223999,-3.5099692344665527,0.00012379388499539346,0.4289112389087677,0.09993821382522583,0.001237938879057765,0.9045339822769165,10,19.59797954559326
-1.3998900651931763,-1.4000015258789062,0.00011140506103402004,-2.0297253131866455,1.50374436378479,0.0011140506248921156,0.7385489344596863,11,21.315559148788452
2.52606463432312,2.525752544403076,0.0003120422479696572,0.15845681726932526,0.13222169876098633,0.00312042236328125,0.9045340418815613,12,23.063745498657227
-5.5981550216674805,-5.598233699798584,7.873475988162681e-05,-0.5926000475883484,0.16556677222251892,0.0007873475551605225,0.9045339822769165,13,24.8422532081604
-1.9143187999725342,-1.9145228862762451,0.0002040853287326172,-1.9832617044448853,1.4864816665649414,0.0020408532582223415,0.7385489344596863,14,26.675135374069214
-5.6557722091674805,-5.655787467956543,1.545846498629544e-05,-2.7069780826568604,2.0189855098724365,0.00015458464622497559,0.7385488748550415,15,28.391502857208252
-12.478811264038086,-12.479162216186523,0.00035137933446094394,-0.08256704360246658,0.22565728425979614,0.0035137932281941175,0.9045340418815613,16,30.184674739837646
5.548994158743881e-05,-0.0,5.548994158743881e-05,-1.25,1.846372365951538,0.0005548993940465152,0.0,17,31.808439254760742
-0.8189650774002075,-0.8193855285644531,0.00042047901661135256,-1.9726719856262207,1.4637558460235596,0.004204790107905865,0.738548994064331,18,33.49362134933472
-1.2458794116973877,-1.2459771633148193,9.779732499737293e-05,-0.4947619140148163,0.7397119402885437,0.0009779732208698988,0.5222329497337341,19,35.14778733253479
-2.1336326599121094,-2.133983612060547,0.00035083593684248626,-1.738173484802246,1.2872943878173828,0.00350835919380188,0.7385489344596863,20,36.966262340545654
2.016735315322876,2.0164878368377686,0.00024746358394622803,-1.7948485612869263,0.1596846729516983,0.0024746358394622803,0.9045340418815613,21,38.71591329574585
-4.819933891296387,-4.820498466491699,0.0005648116930387914,-0.9507749676704407,0.18193311989307404,0.005648116581141949,0.9045339822769165,22,40.3912148475647
-4.326235294342041,-4.326601028442383,0.00036571823875419796,-1.556733250617981,0.14455139636993408,0.003657182212918997,0.9045339822769165,23,42.11773872375488
-0.6642351150512695,-0.6642608642578125,2.5772056687856093e-05,-0.3534049987792969,0.5228269100189209,0.0002577205596026033,0.5222329497337341,24,43.77673840522766
0.8534008264541626,0.8519185781478882,0.0014822374796494842,-1.3618110418319702,1.0067449808120728,0.01482237409800291,0.7385489344596863,25,45.47953176498413
-2.5917019844055176,-2.5923469066619873,0.0006449888460338116,-0.4942634403705597,0.1147320345044136,0.006449888460338116,0.904534101486206,26,47.34980654716492
-6.270260810852051,-6.271544933319092,0.0012842188589274883,-1.5352325439453125,0.21804507076740265,0.012842188589274883,0.9045340418815613,27,49.01626205444336
5.815087795257568,5.802028656005859,0.013059290125966072,-1.691247582435608,1.2689909934997559,0.13059289753437042,0.7385489344596863,28,50.770190477371216
-6.40920877456665,-6.4108428955078125,0.0016342829912900925,-1.3309522867202759,1.9713940620422363,0.016342829912900925,0.5222329497337341,29,52.35973572731018
0.625580906867981,0.6136983633041382,0.011882515624165535,0.3909282684326172,0.34685584902763367,0.11882515251636505,0.7385489344596863,30,54.25278878211975
2.584078073501587,2.5816779136657715,0.0024002771824598312,-1.7854501008987427,1.3218144178390503,0.024002771824598312,0.738548994064331,31,55.95606851577759
-0.854824960231781,-0.8551486730575562,0.00032369696418754756,-2.121227741241455,0.1876988410949707,0.003236969467252493,0.9045339822769165,32,57.72554326057434
-1.9743671417236328,-1.9744508266448975,8.373459422728047e-05,-2.578092336654663,1.9180458784103394,0.0008373459568247199,0.7385489344596863,33,59.36328387260437
2.914010763168335,2.907007932662964,0.007002726197242737,-1.5358914136886597,0.18488110601902008,0.07002726197242737,0.904534101486206,34,61.12166619300842
-6.814385890960693,-6.817277431488037,0.002891315147280693,0.8762802481651306,0.1507941484451294,0.02891315147280693,0.9045340418815613,35,62.850457191467285
-0.005201531108468771,-0.010159492492675781,0.00495796138420701,0.38997113704681396,0.0776902288198471,0.04957961291074753,0.904534101486206,36,64.65269160270691
-9.583765983581543,-9.589462280273438,0.005696481559425592,-0.12136908620595932,0.0917053148150444,0.05696481466293335,0.9045340418815613,37,66.42245554924011
1.82135808467865,1.8127607107162476,0.008597319945693016,-1.9145760536193848,0.22986601293087006,0.08597319573163986,0.9045340418815613,38,68.16795611381531
-1.6135141849517822,-1.6221015453338623,0.008587410673499107,-0.8513097763061523,1.2578012943267822,0.08587410300970078,0.5222329497337341,39,69.84520888328552
-5.391623020172119,-5.393136978149414,0.0015137403970584273,-2.045109510421753,1.5128380060195923,0.015137404203414917,0.7385489344596863,40,71.63881874084473
4.292943477630615,4.2772626876831055,0.015680694952607155,0.6487436890602112,0.26178792119026184,0.15680694580078125,0.9045339226722717,41,73.52845096588135
-3.444035768508911,-3.4531660079956055,0.009130253456532955,-2.610335350036621,1.9341477155685425,0.0913025289773941,0.5222329497337341,42,75.18216133117676
6.30648946762085,6.306392669677734,9.663701348472387e-05,-0.8970568180084229,0.33527490496635437,0.0009663701057434082,0.9045339226722717,43,76.84839344024658
-5.631908893585205,-5.639466762542725,0.007557951845228672,-0.4553898274898529,0.3676612675189972,0.07557951658964157,0.7385489344596863,44,78.53949975967407
-4.912005424499512,-4.916049480438232,0.004043839406222105,-2.261042356491089,0.1832420378923416,0.040438394993543625,0.9045340418815613,45,80.31539583206177
-0.600186288356781,-0.6236809492111206,0.023494670167565346,-2.395559072494507,1.7753121852874756,0.23494669795036316,0.7385489344596863,46,82.0228111743927
-0.18863247334957123,-0.19004058837890625,0.0014081200351938605,0.9303758144378662,0.029920099303126335,0.014081200584769249,0.904534101486206,47,83.73712038993835
1.163124442100525,1.16303288936615,9.15825366973877e-05,-2.7933332920074463,2.1006031036376953,0.000915825366973877,0.7385489344596863,48,85.32722520828247
2.0800440311431885,2.0672411918640137,0.012802809476852417,-2.1499364376068115,1.589173674583435,0.12802809476852417,0.5222328901290894,49,87.07852387428284
1.757895588874817,1.7379443645477295,0.019951241090893745,-2.062291383743286,1.5274038314819336,0.19951240718364716,0.7385488152503967,50,88.86198687553406
-5.181641101837158,-5.185487270355225,0.0038463473320007324,-0.1274116039276123,0.251935213804245,0.038463473320007324,0.9045339822769165,51,90.5294840335846
-4.056246280670166,-4.057685375213623,0.0014392286539077759,-1.994005799293518,1.4820775985717773,0.014392286539077759,0.7385489344596863,52,92.2349443435669
2.317599058151245,2.317595958709717,3.204743279638933e-06,-1.3594017028808594,2.019594430923462,3.204743188689463e-05,0.5222330093383789,53,93.83976984024048
-4.585367202758789,-4.591189384460449,0.005822299048304558,-2.5787007808685303,1.9229706525802612,0.05822299048304558,0.7385489344596863,54,95.60694074630737
-0.8714303970336914,-0.8722330927848816,0.0008027246221899986,-2.7188422679901123,2.036098003387451,0.008027246221899986,0.7385489344596863,55,97.44703125953674
-1.937843918800354,-1.9467341899871826,0.008890296332538128,-0.530930757522583,0.15832053124904633,0.08890296518802643,0.9045340418815613,56,99.20700526237488
-2.6044411659240723,-2.6058764457702637,0.001435228274203837,-2.1876301765441895,1.61630117893219,0.014352282509207726,0.7385489344596863,57,101.09135723114014
4.283645153045654,4.281743049621582,0.0019020050531253219,-1.487059235572815,1.123391032218933,0.019020050764083862,0.7385489344596863,58,102.88702607154846
-2.9567294120788574,-2.958998441696167,0.0022691180929541588,-0.32956060767173767,0.18235056102275848,0.022691180929541588,0.9045339822769165,59,104.69655132293701
3.02494215965271,3.0235583782196045,0.001383839058689773,-2.0521585941314697,0.13402602076530457,0.013838390819728374,0.9045340418815613,60,106.40461254119873
-10.741787910461426,-10.7431640625,0.0013762882445007563,-0.06998411566019058,0.17736676335334778,0.013762881979346275,0.7385489344596863,61,108.131844997406
2.1314339637756348,2.1306216716766357,0.0008122931467369199,0.116116464138031,0.15349902212619781,0.008122931234538555,0.9045340418815613,62,109.80631279945374
0.1565788984298706,0.149627685546875,0.0069512068293988705,-0.27222347259521484,0.07240434736013412,0.06951206922531128,0.9045340418815613,63,111.49137997627258
8.864416122436523,8.862618446350098,0.0017975916853174567,-2.360460042953491,0.27670639753341675,0.01797591708600521,0.9045340418815613,64,113.16532397270203
-3.1804397106170654,-3.1817703247070312,0.0013306578621268272,-2.3234024047851562,0.21491138637065887,0.013306578621268272,0.9045340418815613,65,114.97914481163025
-6.015173435211182,-6.015504360198975,0.00033110976801253855,-2.7006819248199463,2.0215609073638916,0.0033110976219177246,0.7385489344596863,66,116.83694100379944
0.21129721403121948,0.2058309018611908,0.0054663182236254215,-0.684537410736084,0.2898167669773102,0.05466318130493164,0.9045340418815613,67,118.5872950553894
-3.66157865524292,-3.6623916625976562,0.0008130192873068154,-1.0133347511291504,0.2626061737537384,0.008130192756652832,0.9045340418815613,68,120.27717280387878
-0.5514654517173767,-0.5535780787467957,0.0021126449573785067,-2.410353422164917,0.13016055524349213,0.02112644910812378,0.9045340418815613,69,122.09706425666809
-10.214526176452637,-10.217124938964844,0.002598669147118926,-1.6714812517166138,0.2919975817203522,0.025986691936850548,0.9045340418815613,70,123.94331669807434
3.895669937133789,3.8937125205993652,0.0019575348123908043,-0.9049999117851257,1.339066743850708,0.019575348123908043,0.5222330093383789,71,125.6373815536499
-5.733793258666992,-5.737090110778809,0.0032966805156320333,-3.0970427989959717,0.29608699679374695,0.03296680375933647,0.7385489344596863,72,127.34412097930908
-0.03787125274538994,-0.03820037841796875,0.0003291269240435213,-0.484571248292923,0.08305520564317703,0.0032912692986428738,0.9045340418815613,73,129.03593802452087
-8.98721694946289,-8.989477157592773,0.002260141773149371,-2.2731845378875732,0.17548684775829315,0.02260141633450985,0.9045339822769165,74,130.93532299995422
-1.0586622953414917,-1.060338020324707,0.0016757597913965583,-2.5230705738067627,1.8635356426239014,0.016757598146796227,0.738548994064331,75,132.72131752967834
-0.4488229751586914,-0.45497387647628784,0.0061508952639997005,0.10334280878305435,0.16086158156394958,0.06150895357131958,0.9045340418815613,76,134.3638632297516
-2.3898062705993652,-2.3899192810058594,0.0001129090815084055,-2.566199779510498,1.9041600227355957,0.0011290907859802246,0.7385489344596863,77,135.98693990707397
-0.06558562070131302,-0.06880124658346176,0.0032156240195035934,-1.0814188718795776,1.5975065231323242,0.032156240195035934,0.5222330689430237,78,137.6162760257721
2.095121145248413,2.094350576400757,0.0007706175674684346,-0.8026114106178284,0.15178191661834717,0.007706175558269024,0.7385489344596863,79,139.44980311393738
-1.1962202787399292,-1.2006944417953491,0.004474133253097534,-1.1468840837478638,0.09088937193155289,0.04474133253097534,0.9045340418815613,80,141.13998222351074
-0.09637665748596191,-0.09669622033834457,0.00031955938902683556,-0.8635057806968689,1.275871753692627,0.0031955938320606947,0.5222329497337341,81,142.93725419044495
-0.9802407026290894,-0.9832839965820312,0.003043276024982333,-1.7410072088241577,1.287732481956482,0.03043276071548462,0.7385488748550415,82,144.7873134613037
-5.548948764801025,-5.550782203674316,0.0018334310734644532,-1.192685604095459,0.8863950371742249,0.01833431050181389,0.7385489344596863,83,146.55388832092285
-4.063495635986328,-4.065737724304199,0.0022420675959438086,-2.1569278240203857,1.5947933197021484,0.022420674562454224,0.7385489344596863,84,148.44750308990479
-0.7657985091209412,-0.7660764455795288,0.0002779116330202669,-0.794867753982544,1.1851460933685303,0.00277911638841033,0.5222329497337341,85,150.18885588645935
-3.4003424644470215,-3.4031982421875,0.0028558841440826654,-0.3064962327480316,0.0703338086605072,0.028558840975165367,0.9045340418815613,86,152.0969660282135
-6.0158610343933105,-6.016406536102295,0.0005455881473608315,-1.4906173944473267,0.1485195904970169,0.005455881357192993,0.7385488748550415,87,153.74004983901978
3.542384624481201,3.5419299602508545,0.00045458480599336326,-1.6825971603393555,1.2605507373809814,0.00454584788531065,0.7385489344596863,88,155.48741626739502
-5.08911657333374,-5.090617656707764,0.0015012871008366346,-0.9545906186103821,0.2098464071750641,0.015012870542705059,0.904534101486206,89,157.2104434967041
-3.6576595306396484,-3.6582489013671875,0.0005893310299143195,-0.8340767025947571,0.2092640995979309,0.0058933100663125515,0.904534101486206,90,159.07980251312256
-0.2250693291425705,-0.22609202563762665,0.0010226995218545198,0.2664113938808441,0.09309285134077072,0.010226994752883911,0.904534101486206,91,160.83913612365723
-3.6369309425354004,-3.637399673461914,0.0004687329346779734,-0.991378128528595,0.2883111834526062,0.004687329288572073,0.7385490536689758,92,162.49920797348022
-4.62540340423584,-4.627265453338623,0.0018620651680976152,-2.608621835708618,1.931504726409912,0.018620651215314865,0.7385489344596863,93,164.57704377174377
-9.015939712524414,-9.019491195678711,0.003551407949998975,-0.5981937050819397,0.13505777716636658,0.03551407903432846,0.9045340418815613,94,166.5545632839203
-0.08789081871509552,-0.08838653564453125,0.0004957198980264366,-0.69231778383255,0.10349656641483307,0.0049571990966796875,0.9045339822769165,95,168.25713324546814
-1.509517788887024,-1.5100778341293335,0.0005600482109002769,-1.0785713195800781,1.5955488681793213,0.005600482225418091,0.5222330093383789,96,169.94761967658997
-6.617397308349609,-6.617881774902344,0.00048461658298037946,0.3904934823513031,0.2673625648021698,0.0048461658880114555,0.9045339822769165,97,171.67458963394165
-4.868553638458252,-4.869243144989014,0.0006894509424455464,-2.722222089767456,2.0191049575805664,0.006894509308040142,0.7385489344596863,98,173.29949474334717
2.198280096054077,2.1969547271728516,0.0013253113720566034,-2.196021795272827,1.629257321357727,0.013253113254904747,0.7385489344596863,99,174.98430943489075
-6.927932262420654,-6.928407192230225,0.0004748116189148277,-1.6681441068649292,1.237844467163086,0.004748116247355938,0.7385489344596863,100,176.73611569404602
-0.053855542093515396,-0.0544179305434227,0.0005623867618851364,0.24661757051944733,0.07182560861110687,0.005623867269605398,0.9045339822769165,101,178.5195870399475
-9.820948600769043,-9.821479797363281,0.0005312442663125694,-1.0249906778335571,0.2791632413864136,0.005312442779541016,0.9045339822769165,102,180.4668755531311
1.0128750801086426,1.0107641220092773,0.0021109830122441053,-1.0245137214660645,1.5145087242126465,0.02110983058810234,0.5222329497337341,103,182.1512062549591
2.467358112335205,2.46211314201355,0.005245022010058165,0.7301454544067383,0.058292731642723083,0.05245022103190422,0.9045339822769165,104,183.85325813293457
-7.052859783172607,-7.053277492523193,0.00041749776573851705,0.8776147365570068,0.1558457612991333,0.004174977540969849,0.904534101486206,105,185.6006646156311
-6.955455780029297,-6.955558776855469,0.00010303359158569947,-1.0522366762161255,0.25787153840065,0.0010303359013050795,0.9045339822769165,106,187.35823392868042
-1.4938193559646606,-1.4939193725585938,9.999673784477636e-05,-1.9997506141662598,1.4784594774246216,0.000999967334792018,0.738548994064331,107,189.08944511413574
5.534951686859131,5.531846523284912,0.0031049451790750027,-1.9224028587341309,0.2893403470516205,0.031049450859427452,0.9045339822769165,108,190.84323811531067
-6.864315032958984,-6.864406585693359,9.166201198240742e-05,-2.204702615737915,1.6325867176055908,0.0009166201343759894,0.7385489344596863,109,192.52719974517822
-3.0288937091827393,-3.0290095806121826,0.00011575817916309461,-1.4763063192367554,0.19245007634162903,0.0011575818061828613,0.9045340418815613,110,194.23977255821228
-5.48236608505249,-5.482800483703613,0.00043442650348879397,-0.1580866426229477,0.0619472861289978,0.004344264976680279,0.7385489344596863,111,196.00208115577698
-3.4990410804748535,-3.499549388885498,0.0005083223222754896,-2.352341413497925,1.7479913234710693,0.0050832233391702175,0.7385489344596863,112,197.70086693763733
-7.894005298614502,-7.894923210144043,0.0009178053005598485,-1.4163881540298462,0.17510932683944702,0.00917805265635252,0.9045339822769165,113,199.91380858421326
8.996246337890625,8.99601936340332,0.00022663675190415233,-0.9337509274482727,0.26739493012428284,0.002266367431730032,0.9045339822769165,114,201.68370056152344
4.083311080932617,4.083209991455078,0.0001010050400509499,-1.7529382705688477,0.30457788705825806,0.0010100504150614142,0.9045340418815613,115,203.4827377796173
-0.7408317923545837,-0.7415288686752319,0.0006970972171984613,-2.5392489433288574,1.87564218044281,0.0069709718227386475,0.7385489344596863,116,205.29647254943848
-2.2647180557250977,-2.264904022216797,0.00018593668937683105,-0.26511678099632263,0.18240661919116974,0.0018593668937683105,0.9045340418815613,117,207.04073810577393
0.18433912098407745,0.18428850173950195,5.061726187705062e-05,-0.8195252418518066,1.2106378078460693,0.0005061725969426334,0.5222330093383789,118,208.79721403121948
-2.0159640312194824,-2.017118453979492,0.0011543313739821315,-2.396263360977173,0.18903592228889465,0.011543313972651958,0.9045339822769165,119,210.53721952438354
-3.1415534019470215,-3.1425082683563232,0.0009549260139465332,-3.1948375701904297,0.4008316695690155,0.009549260139465332,0.9045339226722717,120,212.27671027183533
-1.9878184795379639,-1.9879541397094727,0.0001356085267616436,0.052150774747133255,0.1879037320613861,0.0013560851803049445,0.7385488748550415,121,213.96694779396057
-5.283533573150635,-5.284340858459473,0.0008072952623479068,-2.093670606613159,1.553657054901123,0.00807295273989439,0.7385489344596863,122,215.6875901222229
2.7744579315185547,2.7722182273864746,0.002239739987999201,0.099984310567379,0.23804809153079987,0.022397398948669434,0.9045340418815613,123,217.5061972141266
-3.195213556289673,-3.195310115814209,9.649495768826455e-05,0.2226879745721817,0.27377963066101074,0.000964949547778815,0.9045340418815613,124,219.2046046257019
-1.658731460571289,-1.6611074209213257,0.00237600808031857,-0.817410945892334,0.0896654799580574,0.023760080337524414,0.9045340418815613,125,221.008620262146
-0.8466879725456238,-0.8468297719955444,0.00014180642028804868,-2.5865259170532227,1.9139302968978882,0.0014180641155689955,0.5222329497337341,126,222.72945952415466
1.2773964405059814,1.277325987815857,7.047057442832738e-05,-0.9431964755058289,1.3934577703475952,0.0007047057151794434,0.5222329497337341,127,224.4105613231659
-1.7994946241378784,-1.8007230758666992,0.0012284687254577875,-2.0095551013946533,1.4844090938568115,0.012284686788916588,0.5222329497337341,128,226.2772979736328
-5.432253360748291,-5.432400703430176,0.00014713406562805176,0.10356199741363525,0.14101171493530273,0.0014713406562805176,0.9045339822769165,129,228.0328938961029
-3.864926338195801,-3.875758647918701,0.010832231491804123,0.48342955112457275,0.0947197899222374,0.10832231491804123,0.9045340418815613,130,229.82299327850342
-1.5882683992385864,-1.5886729955673218,0.00040455564158037305,-2.154183864593506,1.5915286540985107,0.004045556299388409,0.7385489344596863,131,231.6693217754364
-5.812668800354004,-5.813651084899902,0.000982204102911055,-1.0262454748153687,1.5165653228759766,0.009822040796279907,0.5222328901290894,132,233.35216331481934
-0.9759668111801147,-0.9764366149902344,0.00046980782644823194,0.715202271938324,0.09979414939880371,0.0046980781480669975,0.9045340418815613,133,235.2173731327057
-5.408715724945068,-5.411332607269287,0.0026168448384851217,-0.4240550994873047,0.2342461496591568,0.026168446987867355,0.9045340418815613,134,236.98006129264832
-5.042638778686523,-5.0477752685546875,0.005136724561452866,0.18443898856639862,0.13096298277378082,0.051367245614528656,0.9045340418815613,135,238.75839257240295
-7.7167887687683105,-7.721274375915527,0.004485409706830978,0.4231313467025757,0.29845884442329407,0.044854097068309784,0.9045340418815613,136,240.51578617095947
-4.2633376121521,-4.2665252685546875,0.00318763661198318,-0.6120080351829529,0.21313384175300598,0.03187636658549309,0.9045339822769165,137,242.26663398742676
6.0573296546936035,6.055961608886719,0.0013679644325748086,-2.674870729446411,1.9892336130142212,0.013679644092917442,0.5222328901290894,138,244.04218196868896
1.343291997909546,1.3427379131317139,0.0005541225546039641,-2.7266900539398193,2.0204997062683105,0.005541225429624319,0.738548994064331,139,245.79424214363098
0.005167839117348194,-0.0,0.005167839117348194,0.0,0.0,0.05167838931083679,0.0,140,247.38922262191772
-2.3913116455078125,-2.3924663066864014,0.0011546771274879575,-0.5838636755943298,0.8641583919525146,0.011546771042048931,0.5222330093383789,141,249.2611813545227
0.4385412931442261,0.4289875030517578,0.009553791955113411,-2.369710922241211,1.7506183385849,0.09553791582584381,0.738548994064331,142,251.09103846549988
-1.2693259716033936,-1.2751439809799194,0.005818058270961046,0.5348400473594666,0.056153304874897,0.05818058177828789,0.904534101486206,143,252.81143736839294
-2.6711506843566895,-2.671579360961914,0.00042870640754699707,-2.101392984390259,1.557235598564148,0.004287064075469971,0.7385489344596863,144,254.49105620384216
-0.8967591524124146,-0.900146484375,0.003387326141819358,-1.1255416870117188,0.12023688852787018,0.03387326002120972,0.9045340418815613,145,256.2237026691437
3.7918489397270605e-05,-0.0,3.7918489397270605e-05,0.0,0.0,0.00037918490124866366,0.0,146,257.83443546295166
-2.305692195892334,-2.308143138885498,0.0024510533548891544,-1.2917340993881226,0.9601001739501953,0.02451053261756897,0.7385489344596863,147,259.5928690433502
-5.700897693634033,-5.7011637687683105,0.0002662479819264263,-2.095370292663574,0.1918063461780548,0.002662479877471924,0.904534101486206,148,261.3520739078522
-12.603938102722168,-12.614696502685547,0.010758130811154842,-0.6116426587104797,0.21261636912822723,0.10758130252361298,0.904534101486206,149,263.15741205215454
8.475507736206055,8.475240707397461,0.00026720069581642747,-2.405522108078003,1.7955749034881592,0.002672006841748953,0.7385489344596863,150,264.8832902908325
-0.6568261384963989,-0.662436842918396,0.005610732361674309,0.11483188718557358,0.0768509954214096,0.05610732361674309,0.9045340418815613,151,266.736585855484
-0.8193731307983398,-0.8224128484725952,0.003039692994207144,-2.2172133922576904,1.6376450061798096,0.030396929010748863,0.5222329497337341,152,268.4171280860901
-2.1995420455932617,-2.1996307373046875,8.880098903318867e-05,-1.3287688493728638,0.987892746925354,0.0008880099048838019,0.7385489344596863,153,270.1667764186859
-5.897751808166504,-5.897875785827637,0.0001238326367456466,0.7314606308937073,0.06644231826066971,0.001238326309248805,0.9045340418815613,154,271.9409439563751
-1.312767744064331,-1.3134816884994507,0.0007139802328310907,-2.4289023876190186,0.39099258184432983,0.007139801979064941,0.9045339226722717,155,273.7764129638672
-1.461949110031128,-1.4649709463119507,0.003021880052983761,-2.097782850265503,1.5495290756225586,0.03021880052983761,0.7385489344596863,156,275.5556981563568
-3.284316301345825,-3.2845115661621094,0.00019537210755515844,-2.730393171310425,2.0301027297973633,0.001953721046447754,0.7385489344596863,157,277.25534868240356
1.058673620223999,1.058089017868042,0.0005845974083058536,-0.5107142329216003,0.39383289217948914,0.005845974199473858,0.7385490536689758,158,278.9654731750488
-1.5249664783477783,-1.5256932973861694,0.0007267813198268414,-0.35526442527770996,0.09222504496574402,0.0072678131982684135,0.9045339226722717,159,280.65534949302673
-3.832392692565918,-3.8347630500793457,0.0023704301565885544,0.812309741973877,0.1154772937297821,0.023704301565885544,0.904534101486206,160,282.4244246482849
-4.558041572570801,-4.558944225311279,0.0009025156614370644,-2.451754331588745,1.822394609451294,0.009025156497955322,0.7385488748550415,161,284.16392517089844
0.19906899333000183,0.19841799139976501,0.0006510029779747128,-1.3015152215957642,1.9236880540847778,0.006510029546916485,0.5222329497337341,162,285.8071928024292
-3.1613447666168213,-3.161590576171875,0.00024571717949584126,-0.49496349692344666,0.07132809609174728,0.002457171678543091,0.7385489344596863,163,287.66286039352417
-1.4177672863006592,-1.4198532104492188,0.0020859113428741693,0.7780025005340576,0.045214708894491196,0.020859112963080406,0.9045340418815613,164,289.4842336177826
-4.6438469886779785,-4.643923759460449,7.663568248972297e-05,-2.598701238632202,1.9221833944320679,0.0007663568248972297,0.7385489344596863,165,291.19598388671875
3.4907360076904297,3.4906206130981445,0.00011544625886017457,-0.9884090423583984,1.4600270986557007,0.0011544625740498304,0.5222330093383789,166,292.866863489151
-2.6253881454467773,-2.628072500228882,0.002684360835701227,-2.3995566368103027,1.774801254272461,0.026843607425689697,0.7385489344596863,167,294.62590074539185
0.6390635967254639,0.6378905177116394,0.001173105905763805,-2.55474591255188,1.9036927223205566,0.011731058359146118,0.7385489344596863,168,296.45725321769714
0.28812748193740845,0.287567138671875,0.000560356245841831,-1.9851360321044922,0.2442314177751541,0.005603562109172344,0.9045340418815613,169,298.2319338321686
-0.953296959400177,-0.9560725092887878,0.00277552823536098,-0.19240373373031616,0.08233840763568878,0.02775528095662594,0.904534101486206,170,300.0073461532593
4.441431999206543,4.440417766571045,0.0010140101658180356,-0.9211956858634949,1.3662127256393433,0.010140101425349712,0.5222329497337341,171,301.8759310245514
-5.1234235763549805,-5.124106407165527,0.0006827294710092247,-1.1070833206176758,0.10927083343267441,0.006827294826507568,0.7385489344596863,172,303.708046913147
-1.2350603342056274,-1.2359657287597656,0.0009053906542249024,-1.081150770187378,1.5985535383224487,0.009053906425833702,0.5222329497337341,173,305.3921420574188
-6.136160850524902,-6.137057304382324,0.0008965383167378604,-2.726821184158325,2.019317865371704,0.008965383283793926,0.7385489344596863,174,307.11253094673157
-12.873279571533203,-12.873956680297852,0.0006773104541935027,-1.1076610088348389,0.1324319690465927,0.006773104425519705,0.9045339226722717,175,308.9545753002167
-1.905857801437378,-1.9066417217254639,0.0007839123718440533,-0.43765974044799805,0.15267521142959595,0.007839123718440533,0.7385489344596863,176,310.8623480796814
-2.847020387649536,-2.847278118133545,0.00025763711892068386,-1.0471361875534058,0.2676575183868408,0.0025763711892068386,0.9045340418815613,177,312.6120603084564
-2.293546199798584,-2.293738842010498,0.00019252896890975535,-0.939939558506012,0.20567458868026733,0.0019252896308898926,0.7385490536689758,178,314.25072741508484
0.8414432406425476,0.8413369059562683,0.00010634064528858289,-2.256009340286255,1.6673736572265625,0.0010634064674377441,0.7385488748550415,179,315.91179728507996
-5.352344512939453,-5.353031158447266,0.0006865779869258404,-2.084411382675171,1.561082124710083,0.006865779869258404,0.7385489344596863,180,317.66239309310913
0.6200992465019226,0.6200326681137085,6.659328937530518e-05,0.0016626467695459723,0.2186747044324875,0.0006659328937530518,0.9045339822769165,181,319.4089415073395
-4.526369094848633,-4.526908874511719,0.0005397956119850278,-1.4665120840072632,0.31672975420951843,0.005397955887019634,0.9045339226722717,182,321.2729012966156
-5.080837726593018,-5.0814056396484375,0.0005681018228642642,-2.555379629135132,0.23584486544132233,0.005681018345057964,0.9045340418815613,183,323.0054202079773
-0.8138395547866821,-0.8171647787094116,0.0033252250868827105,-2.638878345489502,1.9539828300476074,0.03325225040316582,0.7385489344596863,184,324.7040581703186
3.774315357208252,3.773897886276245,0.0004174312052782625,-0.1760401576757431,0.1439182311296463,0.004174312110990286,0.9045339822769165,185,326.53861951828003
3.126389503479004,3.126215696334839,0.00017379125347360969,-0.4923076927661896,0.7281070351600647,0.0017379125347360969,0.5222329497337341,186,328.3114354610443
-0.0526047945022583,-0.053198497742414474,0.0005937039968557656,0.4568288028240204,0.059748534113168716,0.005937039852142334,0.7385489344596863,187,329.9736795425415
0.06591161340475082,0.0657399520277977,0.00017166238103527576,-1.940000057220459,1.433728814125061,0.0017166237812489271,0.7385489344596863,188,331.97306656837463
-0.3421715199947357,-0.3425121307373047,0.0003405978495720774,-1.096333384513855,1.6194485425949097,0.003405978437513113,0.5222330093383789,189,334.0562732219696
-1.5871353149414062,-1.587485671043396,0.00035037004272453487,-0.9151611328125,0.6870542764663696,0.003503700252622366,0.7385489344596863,190,335.84550189971924
-0.717574954032898,-0.7180611491203308,0.00048620603047311306,-1.4473851919174194,1.0837455987930298,0.004862060304731131,0.7385489344596863,191,337.60737323760986
-14.032547950744629,-14.03266716003418,0.00011902849655598402,-0.0005348275299184024,0.31358349323272705,0.0011902849655598402,0.9045340418815613,192,339.32029271125793
-9.238597869873047,-9.238773345947266,0.0001754621771397069,-2.6781904697418213,2.0107502937316895,0.0017546217422932386,0.7385488748550415,193,341.03772020339966
-1.395823359489441,-1.3960647583007812,0.00024136505089700222,-2.0301408767700195,1.5024826526641846,0.002413650508970022,0.738548994064331,194,342.69914269447327
-4.520145893096924,-4.5233259201049805,0.0031798623967915773,0.11255437880754471,0.04978746175765991,0.031798623502254486,0.904534101486206,195,344.4486300945282
-3.3798928260803223,-3.38446307182312,0.00457035144791007,0.20094819366931915,0.11433809995651245,0.04570351168513298,0.9045340418815613,196,346.1747465133667
-2.577599048614502,-2.577821731567383,0.00022266308951657265,0.039568159729242325,0.10348336398601532,0.002226630924269557,0.904534101486206,197,347.87604880332947
-8.063693046569824,-8.063875198364258,0.00018179317703470588,-0.47710978984832764,0.14047729969024658,0.0018179317703470588,0.9045339822769165,198,349.6563723087311
-2.8127834796905518,-2.8132426738739014,0.0004591693577822298,-2.5408849716186523,0.279154896736145,0.004591693636029959,0.9045339226722717,199,351.40966796875
-1.9073841571807861,-1.9074630737304688,7.895330782048404e-05,0.5766345858573914,0.03985834866762161,0.0007895330782048404,0.9045340418815613,200,353.1069152355194
2.14802885055542,2.1479594707489014,6.928046786924824e-05,-2.137624740600586,1.585158109664917,0.0006928046932443976,0.7385489344596863,201,354.92034006118774
-3.2796735763549805,-3.280478000640869,0.0008045028080232441,-1.958391547203064,0.2855067849159241,0.00804502796381712,0.9045340418815613,202,356.68919134140015
-2.366504430770874,-2.366593837738037,8.94576296559535e-05,-1.951513409614563,0.14296434819698334,0.0008945763111114502,0.9045340418815613,203,358.4299397468567
-0.5366610288619995,-0.5372575521469116,0.0005965044256299734,-0.5356704592704773,0.41960465908050537,0.005965044256299734,0.7385489344596863,204,360.15931487083435
0.5124558806419373,0.5084705352783203,0.003985344897955656,-2.451136350631714,0.30199772119522095,0.03985344618558884,0.9045340418815613,205,362.0041937828064
-5.784332275390625,-5.784451961517334,0.0001198768659378402,-1.308921456336975,0.9679641723632812,0.0011987686157226562,0.7385489344596863,206,363.74379897117615
-4.145873546600342,-4.146203994750977,0.0003304064448457211,-2.4358136653900146,1.8267381191253662,0.0033040642738342285,0.7385489344596863,207,365.53848934173584
0.550025999546051,0.5499910116195679,3.5004817618755624e-05,-1.9754290580749512,0.18683841824531555,0.0003500481543596834,0.9045340418815613,208,367.29642629623413
-10.909314155578613,-10.909464836120605,0.0001511186419520527,-2.1895294189453125,1.6347439289093018,0.0015111863613128662,0.7385489344596863,209,369.12562084198
-1.1696221828460693,-1.1696391105651855,1.690685712674167e-05,-1.4166666269302368,2.114165782928467,0.0001690685749053955,0.5222330093383789,210,370.71210861206055
-2.4917752742767334,-2.492280960083008,0.0005057434900663793,-2.4133520126342773,1.7829337120056152,0.005057434551417828,0.7385488748550415,211,372.5107834339142
-4.742824077606201,-4.745314598083496,0.0024903786834329367,-0.054770853370428085,0.0652252584695816,0.024903785437345505,0.9045339226722717,212,374.7316093444824
2.9628026485443115,2.9626731872558594,0.00012953281111549586,-0.2266664355993271,0.10500475764274597,0.001295328140258789,0.9045340418815613,213,376.42184233665466
-9.336625099182129,-9.338529586791992,0.0019049635156989098,-2.4066522121429443,1.786891222000122,0.019049635156989098,0.7385488748550415,214,378.35111260414124
-0.1570993810892105,-0.15724563598632812,0.00014625987387262285,-2.7398903369903564,2.028625011444092,0.0014625986805185676,0.7385488748550415,215,380.0619361400604
2.4023525714874268,2.4022345542907715,0.00011807184637291357,-1.837876319885254,0.2106456458568573,0.00118071842007339,0.7385489344596863,216,381.9800124168396
-3.413266897201538,-3.4151878356933594,0.0019209375604987144,-2.1133456230163574,1.5614027976989746,0.019209375604987144,0.7385489344596863,217,383.7454264163971
-4.448502540588379,-4.449406623840332,0.0009039859287440777,-2.331836462020874,1.7227609157562256,0.009039859287440777,0.738548994064331,218,385.4569652080536
-12.183796882629395,-12.184032440185547,0.00023601949214935303,0.34111300110816956,0.3173011839389801,0.0023601949214935303,0.9045340418815613,219,387.18391036987305
-6.653116226196289,-6.655726432800293,0.0026102871634066105,-2.6431264877319336,1.9618836641311646,0.02610287070274353,0.7385488748550415,220,389.0295557975769
-0.4177331328392029,-0.41818302869796753,0.00044990284368395805,-0.48341310024261475,0.09540458023548126,0.0044990284368395805,0.7385489344596863,221,390.83561301231384
-4.02417516708374,-4.024282455444336,0.00010732412192737684,-2.385577440261841,0.1610616147518158,0.0010732412338256836,0.9045339822769165,222,392.643696308136
-1.1560595035552979,-1.1566919088363647,0.000632360577583313,-2.2819340229034424,1.685632586479187,0.00632360577583313,0.7385489344596863,223,394.4747676849365
-14.489819526672363,-14.48996353149414,0.00014423132233787328,0.34865298867225647,0.2649153769016266,0.0014423131942749023,0.9045339822769165,224,396.4641833305359
-3.038844585418701,-3.039729595184326,0.0008851191378198564,-2.1842739582061768,0.4073173701763153,0.008851191028952599,0.7385489344596863,225,398.3300518989563
-0.33000025153160095,-0.33043670654296875,0.00043644310790114105,-0.8990560173988342,0.10728035867214203,0.004364430904388428,0.9045339822769165,226,400.05088448524475
-3.132424831390381,-3.16211199760437,0.02968711592257023,0.35041114687919617,0.1531473845243454,0.296871155500412,0.9045339822769165,227,401.7038531303406
-6.7218918800354,-6.722281455993652,0.0003896495036315173,-1.3431655168533325,0.11538971960544586,0.00389649486169219,0.9045340418815613,228,403.4050016403198
-5.210629463195801,-5.211965560913086,0.0013360291486606002,-2.688206434249878,1.9922245740890503,0.013360291719436646,0.7385489344596863,229,405.1452178955078
6.370205402374268,6.36642599105835,0.0037793719675391912,-2.3334004878997803,1.740443229675293,0.03779371827840805,0.7385488748550415,230,406.9312198162079
-3.3375256061553955,-3.339385986328125,0.0018603306962177157,0.2319260835647583,0.132254496216774,0.018603306263685226,0.7385489344596863,231,408.7735538482666
0.2577328383922577,0.2564277648925781,0.0013050854904577136,-0.24393939971923828,0.36157625913619995,0.013050854206085205,0.5222329497337341,232,410.552681684494
-4.054234981536865,-4.0565900802612305,0.00235518510453403,-1.2400771379470825,0.1695302128791809,0.023551851511001587,0.9045340418815613,233,412.35844922065735
-0.21471308171749115,-0.21950912475585938,0.0047960481606423855,-1.9055169820785522,1.4108043909072876,0.04796048253774643,0.7385489344596863,234,414.1667673587799
-0.17641092836856842,-0.17653147876262665,0.00012055735714966431,0.5070724487304688,0.11480017006397247,0.001205573556944728,0.9045339822769165,235,415.8756535053253
-4.0455641746521,-4.04816198348999,0.0025976281613111496,0.3064488470554352,0.10732003301382065,0.025976281613111496,0.904534101486206,236,417.5856671333313
-1.9727680683135986,-1.9729137420654297,0.00014570057101082057,-2.3990752696990967,1.7752569913864136,0.0014570057392120361,0.738548994064331,237,419.43040013313293
-1.5650274753570557,-1.566267728805542,0.0012402823194861412,-0.007419958710670471,0.17593760788440704,0.012402823194861412,0.904534101486206,238,421.1347773075104
3.258995294570923,3.257352352142334,0.0016429823590442538,-1.8427938222885132,1.366690754890442,0.016429822891950607,0.7385489344596863,239,423.02556920051575
-0.02674890123307705,-0.027062099426984787,0.00031319758272729814,-0.9415053725242615,1.3909375667572021,0.0031319758854806423,0.5222329497337341,240,424.635466337204
-3.5986971855163574,-3.5997748374938965,0.0010776043636724353,-1.736903190612793,0.26791223883628845,0.010776042938232422,0.9045340418815613,241,426.4157245159149
-2.09136962890625,-2.091543674468994,0.00017396708426531404,-2.655402183532715,1.9666366577148438,0.0017396708717569709,0.7385489344596863,242,428.08258605003357
0.7504357695579529,0.7504234313964844,1.2332201549725141e-05,-2.185824394226074,1.6145505905151367,0.0001233220100402832,0.7385489344596863,243,429.7522597312927
0.27207151055336,0.27197012305259705,0.00010137558274436742,-1.2571181058883667,1.857020378112793,0.0010137557983398438,0.5222329497337341,244,431.38706278800964
-3.2861266136169434,-3.2899463176727295,0.0038196693640202284,-2.4795968532562256,1.834029197692871,0.03819669410586357,0.738548994064331,245,433.35496640205383
1.0186868906021118,1.016310453414917,0.0023763796780258417,-2.1446666717529297,1.5856854915618896,0.02376379631459713,0.738548994064331,246,435.07326102256775
-3.770984411239624,-3.773958921432495,0.0029743951745331287,0.5150806307792664,0.10878836363554001,0.029743950814008713,0.904534101486206,247,436.8353853225708
-2.556565761566162,-2.5609002113342285,0.0043343896977603436,0.6527463793754578,0.03937625512480736,0.04334389418363571,0.7385489344596863,248,438.6445496082306
-2.9243106842041016,-2.9258780479431152,0.0015673469752073288,-2.192279100418091,0.22965992987155914,0.015673469752073288,0.9045339822769165,249,440.3898181915283
1.9115829467773438,1.9091606140136719,0.002422276185825467,-0.631238579750061,0.09743980318307877,0.024222761392593384,0.7385489344596863,250,442.0720012187958
-4.4440460205078125,-4.444657802581787,0.0006119668832980096,-1.7678395509719849,1.3096176385879517,0.006119668483734131,0.7385489344596863,251,443.8085708618164
1.089547872543335,1.0885429382324219,0.0010048836702480912,-2.370471715927124,1.7528043985366821,0.010048836469650269,0.7385489344596863,252,445.5214011669159
-2.3265838623046875,-2.3278720378875732,0.001288253115490079,-2.5835025310516357,1.9093763828277588,0.012882530689239502,0.738548994064331,253,447.22021079063416
-3.0263378620147705,-3.0277040004730225,0.0013662100536748767,-2.570060968399048,1.899373173713684,0.013662099838256836,0.7385489344596863,254,448.93363976478577
-0.46918708086013794,-0.471160888671875,0.001973815029487014,-1.1303571462631226,0.35267695784568787,0.019738148897886276,0.9045340418815613,255,450.6703646183014
-0.09507813304662704,-0.09716987609863281,0.002091745613142848,0.5565317273139954,0.05782017856836319,0.020917456597089767,0.904534101486206,256,452.40403032302856
-3.0037882328033447,-3.0045905113220215,0.0008021990652196109,-2.294353723526001,1.696395993232727,0.008021990768611431,0.7385490536689758,257,454.0834891796112
1.6929676532745361,1.691781997680664,0.001185604021884501,-2.5727221965789795,1.9020779132843018,0.011856039986014366,0.7385489344596863,258,455.75345730781555
-3.502833604812622,-3.5050125122070312,0.0021790098398923874,-1.9976863861083984,1.4768041372299194,0.021790098398923874,0.738548994064331,259,457.5170850753784
-10.768099784851074,-10.768221855163574,0.00012190442066639662,-3.2273330688476562,0.2581562101840973,0.0012190442066639662,0.9045340418815613,260,459.26984667778015
-3.1004385948181152,-3.1005733013153076,0.00013475916057359427,-1.9388008117675781,1.436217188835144,0.0013475915184244514,0.7385489344596863,261,461.01971983909607
-3.0410966873168945,-3.041259288787842,0.00016264717851299793,-2.567415475845337,1.9060372114181519,0.0016264717560261488,0.7385489344596863,262,462.82223534584045
-1.5982284545898438,-1.5992991924285889,0.001070715021342039,-2.588899612426758,1.914658546447754,0.010707150213420391,0.7385488748550415,263,464.5873885154724
0.5847050547599792,0.5841414332389832,0.0005635967245325446,-2.0509960651397705,1.5174037218093872,0.0056359670124948025,0.5222328901290894,264,466.2772891521454
0.6672561168670654,0.6658481359481812,0.001407977077178657,-0.8968076705932617,0.13847194612026215,0.01407977007329464,0.9045340418815613,265,468.028240442276
-7.846889019012451,-7.847954750061035,0.0010655414080247283,-0.2287146896123886,0.24468711018562317,0.010655413381755352,0.9045339822769165,266,469.8230257034302
-3.7919578552246094,-3.792367935180664,0.00041012867586687207,-2.249438762664795,0.16341647505760193,0.004101286642253399,0.904534101486206,267,471.5204322338104
-2.404541254043579,-2.4046859741210938,0.0001447508839191869,-1.914137840270996,1.418287992477417,0.0014475088100880384,0.7385489344596863,268,473.2223651409149
-7.087373733520508,-7.088719367980957,0.0013455173466354609,-1.7558687925338745,1.3171952962875366,0.013455173000693321,0.7385489344596863,269,475.1045501232147
0.5241032838821411,0.5216459035873413,0.00245737936347723,-2.289109945297241,1.6948866844177246,0.0245737936347723,0.7385488748550415,270,476.79537177085876
-1.9964206218719482,-1.9989128112792969,0.002492163795977831,-1.9157418012619019,1.4180312156677246,0.024921637028455734,0.7385489344596863,271,478.5634536743164
-0.552193284034729,-0.5524184107780457,0.00022514066949952394,-2.2300760746002197,1.6495842933654785,0.002251406665891409,0.7385489344596863,272,480.21430253982544
-0.578126072883606,-0.5903472900390625,0.012221240438520908,-2.2527778148651123,1.6864478588104248,0.12221240252256393,0.7385488748550415,273,481.9096794128418
2.118344306945801,2.114017963409424,0.004326456692069769,0.457883358001709,0.219384104013443,0.043264567852020264,0.9045339822769165,274,483.5925672054291
-7.311840057373047,-7.312702178955078,0.0008621703018434346,0.2719217538833618,0.3370344340801239,0.008621702902019024,0.904534101486206,275,485.30765080451965
-4.493773937225342,-4.494062900543213,0.00028908156673423946,-2.6250507831573486,1.9450953006744385,0.002890815492719412,0.7385489344596863,276,487.00944209098816
-2.2872495651245117,-2.2873141765594482,6.452501111198217e-05,0.26624491810798645,0.09771520644426346,0.0006452500820159912,0.9045339226722717,277,488.7593789100647
-6.064182281494141,-6.064769268035889,0.0005870779859833419,-2.6866776943206787,2.0159177780151367,0.005870779510587454,0.7385488748550415,278,490.5307729244232
-5.491198539733887,-5.492234706878662,0.001035932800732553,-0.7289075255393982,0.11779316514730453,0.010359327308833599,0.9045340418815613,279,492.2111191749573
-4.181950092315674,-4.183196067810059,0.0012457957491278648,0.030402446165680885,0.3260955810546875,0.012457957491278648,0.9045340418815613,280,493.9364445209503
-1.4183356761932373,-1.4190032482147217,0.0006676038610748947,-2.345985174179077,1.7354234457015991,0.006676038261502981,0.7385489344596863,281,495.6399972438812
-1.3782353401184082,-1.379690170288086,0.0014548331964761019,-1.273268222808838,1.8816949129104614,0.014548331499099731,0.5222329497337341,282,497.357949256897
1.7578074932098389,1.7568988800048828,0.0009086619247682393,-1.78402841091156,0.17848904430866241,0.00908661913126707,0.9045340418815613,283,499.0385773181915
-8.088635444641113,-8.088997840881348,0.0003624667879194021,-1.4434832334518433,0.22644631564617157,0.0036246678791940212,0.9045339822769165,284,500.7767457962036
-7.953086853027344,-7.954235076904297,0.0011482259724289179,-0.5836161971092224,0.2751026451587677,0.011482259258627892,0.9045339226722717,285,502.59717535972595
-2.8827991485595703,-2.88446307182312,0.0016639650566503406,-2.3102643489837646,1.7147986888885498,0.016639649868011475,0.7385489344596863,286,504.36047291755676
-3.833763360977173,-3.8356680870056152,0.001904831500723958,0.8783223032951355,0.02767987549304962,0.019048314541578293,0.9045340418815613,287,506.29412746429443
0.9500746130943298,0.9461085200309753,0.003966103307902813,-1.9856623411178589,0.24504496157169342,0.03966103121638298,0.9045340418815613,288,508.09885692596436
0.40143442153930664,0.4007110595703125,0.0007233709329739213,-1.1424572467803955,0.20413441956043243,0.007233709096908569,0.9045339822769165,289,509.84782123565674
-2.26015305519104,-2.2610080242156982,0.0008549313060939312,0.7533370852470398,0.059547536075115204,0.008549313060939312,0.9045340418815613,290,511.8187186717987
0.9734556674957275,0.9727916717529297,0.000663994753267616,-1.1023484468460083,1.628321647644043,0.006639947649091482,0.5222329497337341,291,513.5004465579987
-4.783423900604248,-4.7838897705078125,0.0004658609686885029,0.11033470183610916,0.30846190452575684,0.004658609628677368,0.9045340418815613,292,515.1930875778198
1.9922231435775757,1.9913444519042969,0.0008786559337750077,-2.4061756134033203,1.7794665098190308,0.008786559104919434,0.7385489344596863,293,516.9114785194397
-0.8795148730278015,-0.880854606628418,0.0013397157890722156,-1.1545454263687134,1.7059885263442993,0.013397157192230225,0.5222329497337341,294,518.6796782016754
-4.143943786621094,-4.146089553833008,0.0021458626724779606,-2.715693235397339,2.0243568420410156,0.02145862579345703,0.7385489344596863,295,520.3619091510773
0.3528080880641937,0.35159367322921753,0.0012144169304519892,-2.7144196033477783,2.0134012699127197,0.012144168838858604,0.7385489344596863,296,522.0794205665588
-2.822091817855835,-2.8240039348602295,0.0019120753277093172,-0.33369264006614685,0.06289361417293549,0.019120752811431885,0.9045340418815613,297,523.8206477165222
-4.262399196624756,-4.262988090515137,0.0005888234009034932,-0.38405394554138184,0.092284195125103,0.00588823389261961,0.904534101486206,298,525.5662410259247
-0.49967896938323975,-0.5000451803207397,0.00036620598984882236,0.01651293970644474,0.11981166899204254,0.0036620597820729017,0.9045339822769165,299,527.3261847496033
-2.5510270595550537,-2.5510802268981934,5.305310696712695e-05,-2.2272958755493164,1.648118495941162,0.0005305310478433967,0.7385488748550415,300,528.9934797286987
-6.7657036781311035,-6.766842842102051,0.0011392991291359067,-1.9683376550674438,1.4678560495376587,0.011392991058528423,0.7385489344596863,301,530.8431105613708
-1.217613935470581,-1.2178962230682373,0.00028227767325006425,-1.7934054136276245,1.3272807598114014,0.0028227767907083035,0.7385489344596863,302,532.5371148586273
-1.4108679294586182,-1.4109954833984375,0.0001276105613214895,-2.0209624767303467,0.20393429696559906,0.0012761056423187256,0.9045339822769165,303,534.2456228733063
-3.6703877449035645,-3.6724917888641357,0.0021039308048784733,0.5892727375030518,0.051254626363515854,0.021039307117462158,0.9045340418815613,304,535.9816601276398
4.3542399406433105,4.35269832611084,0.0015417775139212608,0.7153578400611877,0.25732940435409546,0.015417775139212608,0.9045339822769165,305,537.8287270069122
-5.319826126098633,-5.321666717529297,0.0018403828144073486,-2.4278347492218018,1.7946112155914307,0.018403828144073486,0.738548994064331,306,539.6706852912903
0.07246213406324387,0.0723867416381836,7.539193029515445e-05,-0.5229559540748596,0.7728489637374878,0.0007539193029515445,0.5222329497337341,307,541.3724782466888
-0.7573443055152893,-0.7579326629638672,0.0005883555277250707,-2.697694778442383,2.001185655593872,0.005883554928004742,0.738548994064331,308,543.0800290107727
2.7268590927124023,2.7261786460876465,0.000680432771332562,-0.7507620453834534,0.1020275205373764,0.006804327480494976,0.5222330093383789,309,544.797785282135
-0.9201013445854187,-0.9204680323600769,0.00036671460838988423,-1.0124765634536743,1.4956445693969727,0.0036671459674835205,0.5222329497337341,310,546.4794616699219
-8.766880989074707,-8.76817512512207,0.0012940317392349243,-0.4838816225528717,0.23762519657611847,0.012940317392349243,0.9045339226722717,311,548.3541970252991
-0.7621044516563416,-0.7626756429672241,0.0005712141864933074,-1.018571376800537,1.5045397281646729,0.005712141748517752,0.5222329497337341,312,550.1096444129944
3.263641834259033,3.2598867416381836,0.0037551235873252153,-2.0691680908203125,1.5409516096115112,0.037551235407590866,0.7385488748550415,313,552.4611217975616
4.442882061004639,4.440991401672363,0.0018906056648120284,-0.6944746971130371,0.2211127132177353,0.018906056880950928,0.9045339822769165,314,554.2553265094757
1.7319482564926147,1.7312368154525757,0.0007114807958714664,-0.6577398180961609,0.09253047406673431,0.007114808075129986,0.904534101486206,315,555.9696357250214
-4.046180248260498,-4.0467529296875,0.0005724946968257427,-0.37722310423851013,0.12757714092731476,0.005724946968257427,0.904534101486206,316,557.668185710907
1.687780499458313,1.6876227855682373,0.00015776556392665952,-1.976735234260559,1.4604270458221436,0.0015776555519551039,0.7385489344596863,317,559.3940420150757
-1.8254395723342896,-1.8264135122299194,0.000973953865468502,0.39571115374565125,0.06331762671470642,0.00973953865468502,0.9045340418815613,318,561.1000323295593
-0.5035672783851624,-0.5040435791015625,0.00047628782340325415,0.06801619380712509,0.07086312025785446,0.004762878175824881,0.7385488748550415,319,562.8358149528503
-1.4882315397262573,-1.491202712059021,0.00297114672139287,-1.743556022644043,1.2888963222503662,0.029711466282606125,0.7385489344596863,320,564.5609934329987
-3.136787176132202,-3.1370887756347656,0.00030152700492180884,-0.6406978964805603,0.1165473610162735,0.0030152699910104275,0.9045340418815613,321,566.3828992843628
-0.47310230135917664,-0.4760271906852722,0.002924889326095581,-1.1858607530593872,0.8794741034507751,0.02924889326095581,0.7385489344596863,322,568.5386447906494
-0.42228516936302185,-0.4224205017089844,0.00013532738375943154,-2.1998634338378906,1.6250816583633423,0.0013532738666981459,0.7385489344596863,323,570.288783788681
14.812618255615234,14.808483123779297,0.004134769551455975,-2.511099100112915,1.870633602142334,0.0413476936519146,0.7385489344596863,324,572.0811593532562
-0.4251687228679657,-0.4252611994743347,9.247164416592568e-05,-2.56447434425354,1.895473837852478,0.0009247164125554264,0.738548994064331,325,573.756777048111
-3.313899278640747,-3.3140361309051514,0.00013678074174094945,0.3085666596889496,0.2772565484046936,0.001367807388305664,0.7385489344596863,326,575.5246245861053
-24.213356018066406,-24.215316772460938,0.0019613972399383783,-1.8076399564743042,0.34197384119033813,0.019613971933722496,0.9045340418815613,327,577.4469559192657
-3.5395474433898926,-3.5411431789398193,0.001595841022208333,0.5486791729927063,0.12864837050437927,0.015958409756422043,0.9045339822769165,328,579.187748670578
-3.971290349960327,-3.972092628479004,0.0008022497640922666,-2.0750844478607178,1.5345174074172974,0.008022497408092022,0.7385489344596863,329,581.0191955566406
4.35311222076416,4.349638938903809,0.0034731775522232056,-1.4300867319107056,1.0739085674285889,0.034731775522232056,0.7385489344596863,330,582.7388746738434
-3.5941762924194336,-3.5952212810516357,0.0010450462577864528,-2.315572738647461,1.7162290811538696,0.010450462810695171,0.7385489344596863,331,584.4134278297424
1.345125436782837,1.3443349599838257,0.0007905205711722374,-2.714365005493164,2.022768974304199,0.007905205711722374,0.7385490536689758,332,586.1307156085968
-7.267536163330078,-7.268449306488037,0.0009132932173088193,0.40499722957611084,0.06001706048846245,0.00913293194025755,0.9045340418815613,333,587.8773427009583
-5.559525966644287,-5.560004234313965,0.00047804517089389265,-1.383400321006775,0.23134452104568481,0.004780451767146587,0.9045339226722717,334,589.5751705169678
-1.8028323650360107,-1.8036136627197266,0.0007813404663465917,-0.9825451970100403,1.4514552354812622,0.007813404314219952,0.5222330093383789,335,591.6522083282471
-4.082350730895996,-4.084376335144043,0.0020258098375052214,-1.430989146232605,0.15633080899715424,0.0202580988407135,0.904534101486206,336,593.3787705898285
0.2806133031845093,0.2795937955379486,0.0010195216163992882,0.005353108048439026,0.24230048060417175,0.010195216163992882,0.9045340418815613,337,595.1336677074432
-5.325660705566406,-5.327700614929199,0.0020400218199938536,-2.2883269786834717,1.6964627504348755,0.020400216802954674,0.738548994064331,338,596.9148230552673
-3.1597042083740234,-3.1606459617614746,0.0009418199770152569,-2.420957565307617,1.8030308485031128,0.009418199770152569,0.7385489344596863,339,598.6271679401398
-5.7192182540893555,-5.720493316650391,0.0012751847971230745,-2.265373945236206,1.6751468181610107,0.012751847505569458,0.7385489344596863,340,600.4454746246338
-2.507429361343384,-2.5091099739074707,0.001680716872215271,-1.7532399892807007,1.2985150814056396,0.01680716872215271,0.7385489344596863,341,602.1464989185333
-1.0399929285049438,-1.0434703826904297,0.0034774572122842073,-1.6313042640686035,1.2132350206375122,0.034774571657180786,0.7385489344596863,342,603.9046132564545
0.5433189272880554,0.5421270132064819,0.0011919339885935187,-1.6411808729171753,0.2942042052745819,0.011919340118765831,0.9045340418815613,343,605.6640617847443
0.8597314953804016,0.8587271571159363,0.0010043493239209056,-0.49319612979888916,0.18820862472057343,0.010043492540717125,0.904534101486206,344,607.3992927074432
-11.956151008605957,-11.956595420837402,0.00044408542453311384,-2.3179783821105957,0.33255594968795776,0.004440854303538799,0.9045339822769165,345,609.1711885929108
-3.9273951053619385,-3.9354846477508545,0.008089634589850903,-0.5793563723564148,0.4695327579975128,0.08089634031057358,0.7385489344596863,346,611.0060796737671
-0.8367548584938049,-0.8390821218490601,0.0023272684775292873,-2.1569128036499023,1.5941249132156372,0.0232726838439703,0.7385489344596863,347,612.714595079422
-3.669478178024292,-3.669745922088623,0.00026779770269058645,-2.320638656616211,1.7154523134231567,0.0026779770851135254,0.5222329497337341,348,614.4030458927155
-2.4250833988189697,-2.4262166023254395,0.0011330863926559687,-1.3085206747055054,0.25271233916282654,0.0113308634608984,0.9045340418815613,349,616.2365808486938
-0.10659774392843246,-0.11203639209270477,0.005438649095594883,-2.0285563468933105,1.5102235078811646,0.05438648909330368,0.7385489344596863,350,617.964289188385
-7.032031536102295,-7.033328056335449,0.0012967566726729274,-1.7809633016586304,0.26345255970954895,0.012967566959559917,0.9045339822769165,351,619.7349252700806
-3.649204730987549,-3.6493887901306152,0.0001841197517933324,-0.2916666567325592,0.4813438653945923,0.0018411974888294935,0.5222329497337341,352,621.3782887458801
-2.2972912788391113,-2.2997539043426514,0.0024626385420560837,0.7192422747612,0.05590958520770073,0.024626385420560837,0.9045340418815613,353,623.087473154068
-4.122216701507568,-4.125148773193359,0.0029320698231458664,-1.9979368448257446,0.1943405717611313,0.029320698231458664,0.9045340418815613,354,624.8095378875732
-0.0064568351954221725,-0.008408705703914165,0.0019518703920766711,-1.1651633977890015,1.721152901649475,0.01951870322227478,0.5222329497337341,355,626.5534646511078
-2.5990240573883057,-2.60186767578125,0.0028436225838959217,0.28357407450675964,0.14650776982307434,0.028436224907636642,0.904534101486206,356,628.2854161262512
-4.327398300170898,-4.3341064453125,0.006708009634166956,0.4719196856021881,0.1512892097234726,0.06708009541034698,0.9045339226722717,357,630.1713354587555
-0.7326049208641052,-0.7337945699691772,0.001189670991152525,-1.4207526445388794,0.15983566641807556,0.01189670991152525,0.904534101486206,358,631.8491492271423
-1.3187488317489624,-1.3200461864471436,0.0012973498087376356,-2.4943199157714844,0.23900257050991058,0.012973497621715069,0.9045339822769165,359,633.7833437919617
-2.788480758666992,-2.7909698486328125,0.0024891614448279142,0.21536898612976074,0.26344168186187744,0.02489161491394043,0.9045339226722717,360,635.7070512771606
-0.39970117807388306,-0.4134101867675781,0.013708993792533875,-2.2040135860443115,1.6409724950790405,0.13708993792533875,0.7385489344596863,361,637.4316821098328
-5.639622211456299,-5.6429762840271,0.0033542185556143522,-1.3132573366165161,0.14686083793640137,0.03354218602180481,0.7385489344596863,362,639.3347914218903
-0.4766716957092285,-0.4767303466796875,5.865892308065668e-05,-2.1192307472229004,1.5711448192596436,0.0005865892162546515,0.738548994064331,363,640.9664735794067
-0.9364061951637268,-0.9388402700424194,0.002434058114886284,-0.6926309466362,0.311898410320282,0.02434058114886284,0.9045339226722717,364,642.6908717155457
-0.37597596645355225,-0.37610119581222534,0.00012524425983428955,-1.1101700067520142,1.6398855447769165,0.0012524425983428955,0.5222330689430237,365,644.5740373134613
-4.74197244644165,-4.742650508880615,0.0006779601681046188,-0.46897825598716736,0.3223838210105896,0.006779601331800222,0.9045339822769165,366,646.353182554245
-0.6106436252593994,-0.6138318777084351,0.003188254777342081,-2.169048547744751,1.6028711795806885,0.031882546842098236,0.7385489344596863,367,648.1879742145538
-1.3422267436981201,-1.3447469472885132,0.0025201558601111174,0.8266439437866211,0.25154757499694824,0.02520155906677246,0.9045339822769165,368,649.8495941162109
-1.824060082435608,-1.8339555263519287,0.009895446710288525,-2.548469305038452,1.8826959133148193,0.0989544615149498,0.7385489344596863,369,651.6217296123505
-7.06244421005249,-7.0634050369262695,0.0009607106330804527,-2.4963462352752686,1.8487423658370972,0.009607106447219849,0.7385489344596863,370,653.491544008255
-2.9148027896881104,-2.918351650238037,0.0035488528665155172,-0.7417740821838379,0.32790252566337585,0.03548852726817131,0.9045340418815613,371,655.177095413208
0.3607158362865448,0.3571917414665222,0.0035240990109741688,-0.36341819167137146,0.2609349191188812,0.03524098917841911,0.9045339822769165,372,656.9835402965546
-5.655161380767822,-5.660780906677246,0.00561963627114892,-2.725571870803833,2.0340728759765625,0.056196361780166626,0.7385489344596863,373,658.7826263904572
-1.378867506980896,-1.3804372549057007,0.0015697937924414873,-0.8206369280815125,0.16495731472969055,0.015697937458753586,0.9045340418815613,374,660.5080924034119
-7.567631721496582,-7.570706844329834,0.003075116081163287,-0.6871607899665833,0.5448785424232483,0.03075115941464901,0.738548994064331,375,662.3156177997589
-0.14702719449996948,-0.14852270483970642,0.0014955083606764674,-2.295649766921997,1.6955770254135132,0.014955083839595318,0.7385488748550415,376,664.0976650714874
-1.3044018745422363,-1.3046798706054688,0.00027802190743386745,0.7016139030456543,0.18589714169502258,0.0027802190743386745,0.9045340418815613,377,665.8497519493103
-6.012309551239014,-6.013638496398926,0.0013289878843352199,-0.28471919894218445,0.06139389052987099,0.013289879076182842,0.9045340418815613,378,667.6309859752655
1.832144856452942,1.8284168243408203,0.0037280432879924774,-1.2690198421478271,0.9426454305648804,0.037280432879924774,0.7385488748550415,379,669.6165111064911
-12.51529312133789,-12.517454147338867,0.0021612506825476885,-0.6028985381126404,0.9117529988288879,0.021612506359815598,0.5222330093383789,380,671.3940331935883
0.46396705508232117,0.4574063718318939,0.006560673005878925,-2.2192468643188477,1.6392184495925903,0.0656067281961441,0.7385489344596863,381,673.1582067012787
-0.8329695463180542,-0.8341464996337891,0.0011769672855734825,-2.065767765045166,0.19962292909622192,0.011769672855734825,0.9045339822769165,382,674.9318368434906
-1.6636383533477783,-1.6650409698486328,0.0014026046264916658,-2.138782262802124,1.5829331874847412,0.014026045799255371,0.5222329497337341,383,676.6004023551941
1.1737269163131714,1.1705659627914429,0.0031609477009624243,-1.7356723546981812,1.2841275930404663,0.03160947561264038,0.7385489344596863,384,678.3733952045441
0.601084291934967,0.5995229482650757,0.0015613219002261758,-2.34674334526062,1.735737919807434,0.015613218769431114,0.7385489344596863,385,680.06662940979
-2.233121871948242,-2.2335145473480225,0.0003927697835024446,-1.674290657043457,1.2511425018310547,0.003927697893232107,0.738548994064331,386,681.8372976779938
-3.906017541885376,-3.9092204570770264,0.003202939173206687,-1.1634680032730103,0.12321443855762482,0.03202939033508301,0.9045340418815613,387,683.661627292633
-7.147831439971924,-7.148982048034668,0.0011503755813464522,-2.3647868633270264,1.7487750053405762,0.011503756046295166,0.5222330093383789,388,685.5186505317688
-4.837801456451416,-4.840083122253418,0.0022815873380750418,-1.437896728515625,0.3052336275577545,0.022815873846411705,0.7385489344596863,389,687.1525459289551
-2.8139352798461914,-2.814377546310425,0.0004423608479555696,-0.0721774771809578,0.19178318977355957,0.004423608537763357,0.7385489344596863,390,688.8750278949738
-6.690345764160156,-6.6937713623046875,0.003425410483032465,-0.38590383529663086,0.3172167241573334,0.034254103899002075,0.7385489344596863,391,690.6054332256317
-5.962770938873291,-5.965418815612793,0.0026477021165192127,0.10819494724273682,0.052389536052942276,0.026477020233869553,0.9045340418815613,392,692.6465368270874
2.58945894241333,2.588071823120117,0.0013870478142052889,-0.44870254397392273,0.11086225509643555,0.013870477676391602,0.9045340418815613,393,694.4477598667145
-2.620388984680176,-2.620522975921631,0.00013390382810030133,-0.50994473695755,0.11126741021871567,0.0013390382518991828,0.9045340418815613,394,696.1784534454346
1.1124199628829956,1.109090805053711,0.003329141065478325,-0.3076086938381195,0.45986074209213257,0.03329141065478325,0.5222329497337341,395,698.0568664073944
-0.9973055720329285,-1.0007312297821045,0.0034256658982485533,-1.6750699281692505,1.2437649965286255,0.03425665944814682,0.738548994064331,396,699.8844361305237
2.6142995357513428,2.6133675575256348,0.0009320428944192827,-0.5290518403053284,0.19498860836029053,0.009320428594946861,0.9045340418815613,397,701.7452864646912
-2.4148366451263428,-2.4160232543945312,0.0011866907589137554,-0.2200659066438675,0.07856906950473785,0.011866907589137554,0.9045339822769165,398,703.6018569469452
-4.448047161102295,-4.454778671264648,0.006731380708515644,-0.11133434623479843,0.1862621158361435,0.06731380522251129,0.9045339226722717,399,705.4341540336609
3.6706197261810303,3.6635494232177734,0.0070703886449337006,0.3158382475376129,0.15525373816490173,0.070703886449337,0.9045340418815613,400,707.2607605457306
-1.4911243915557861,-1.491917371749878,0.0007929782732389867,-2.0299198627471924,1.5017932653427124,0.007929782383143902,0.738548994064331,401,708.8994381427765
-1.2118278741836548,-1.2128881216049194,0.0010601978283375502,-2.4520013332366943,1.8157943487167358,0.010601977817714214,0.7385488748550415,402,710.7370226383209
7.422042369842529,7.420500755310059,0.0015414825174957514,0.08797495812177658,0.23000364005565643,0.015414824709296227,0.904534101486206,403,712.4812207221985
-7.925150394439697,-7.928335189819336,0.0031847828067839146,-1.9144320487976074,1.4184458255767822,0.03184782713651657,0.7385489344596863,404,714.4196202754974
-3.5399439334869385,-3.5416324138641357,0.0016885054064914584,-2.5616531372070312,1.8926715850830078,0.016885053366422653,0.7385489344596863,405,716.1708674430847
-4.1616740226745605,-4.166834831237793,0.005160835571587086,-1.6202316284179688,1.1985318660736084,0.05160835385322571,0.738548994064331,406,718.0511827468872
2.729266881942749,2.7235336303710938,0.0057333679869771,-2.14258074760437,1.5864659547805786,0.057333678007125854,0.7385489344596863,407,719.9366106987
-1.601341724395752,-1.6025047302246094,0.0011630079243332148,-0.5841496586799622,0.07813512533903122,0.01163007877767086,0.904534101486206,408,721.6219985485077
-1.9981701374053955,-1.9983686208724976,0.00019848346710205078,-2.464463949203491,1.8281294107437134,0.001984834671020508,0.7385489344596863,409,723.3540759086609
-5.919042110443115,-5.922930717468262,0.003888410283252597,-1.6259273290634155,0.18053725361824036,0.038884103298187256,0.9045340418815613,410,725.2440013885498
-3.906442880630493,-3.9102580547332764,0.0038150816690176725,-1.1601840257644653,0.14495548605918884,0.03815081715583801,0.904534101486206,411,727.0265963077545
5.131206512451172,5.127505302429199,0.003701260080561042,0.7019283175468445,0.037441689521074295,0.037012599408626556,0.9045339822769165,412,728.8386147022247
-1.8001072406768799,-1.8069992065429688,0.006891957018524408,-1.989014744758606,1.4729477167129517,0.06891956925392151,0.7385489344596863,413,730.6323525905609
-0.4779850244522095,-0.4815216064453125,0.0035365961957722902,-0.23197035491466522,0.09525714814662933,0.035365961492061615,0.9045339822769165,414,732.505583524704
-1.4889732599258423,-1.4917449951171875,0.0027717214543372393,-2.222205877304077,1.6444846391677856,0.027717214077711105,0.7385489344596863,415,734.27352643013
-1.261521577835083,-1.262219786643982,0.0006982515915296972,-1.6071453094482422,1.1876013278961182,0.006982515566051006,0.7385488748550415,416,736.3257122039795
-17.13481330871582,-17.137603759765625,0.002790905302390456,-1.9317976236343384,0.1948719024658203,0.0279090516269207,0.9045339822769165,417,738.1951379776001
-2.2976267337799072,-2.3010082244873047,0.0033813887275755405,-0.8551723957061768,1.263798713684082,0.03381388634443283,0.5222329497337341,418,739.9493634700775
0.9271356463432312,0.9247681498527527,0.0023675125557929277,-2.959500312805176,0.134395569562912,0.02367512509226799,0.9045339822769165,419,741.6606695652008
-6.771958351135254,-6.772658824920654,0.0007005950319580734,-2.607846736907959,1.9283572435379028,0.007005949970334768,0.7385489344596863,420,743.4023869037628
-0.7355184555053711,-0.7377529144287109,0.0022344549652189016,-2.052778482437134,0.18707171082496643,0.022344550117850304,0.9045340418815613,421,745.1347527503967
3.460270881652832,3.4594345092773438,0.0008363316883333027,-1.402488112449646,1.0407156944274902,0.008363316766917706,0.7385489344596863,422,746.8969700336456
-3.7046642303466797,-3.704875946044922,0.00021171968546696007,-0.6685166954994202,0.18857434391975403,0.00211719679646194,0.9045340418815613,423,748.596253156662
-1.9141639471054077,-1.9144783020019531,0.0003143886860925704,-2.2547779083251953,1.6689571142196655,0.0031438868027180433,0.7385489344596863,424,750.246738910675
-8.37829875946045,-8.380743026733398,0.0024439466651529074,-2.3364808559417725,0.264798104763031,0.024439465254545212,0.9045339822769165,425,752.0202405452728
-4.179699897766113,-4.180821895599365,0.0011217753635719419,-0.528721272945404,0.06872233748435974,0.011217753402888775,0.904534101486206,426,753.776043176651
0.02696155197918415,0.02347564697265625,0.003485905472189188,-1.2007195949554443,0.1487853080034256,0.034859053790569305,0.9045340418815613,427,755.7317779064178
1.5730836391448975,1.5634454488754272,0.009638192132115364,-0.5131708979606628,0.048448771238327026,0.09638191759586334,0.9045340418815613,428,757.5383574962616
-1.3968026638031006,-1.4011129140853882,0.004310226533561945,-1.5115361213684082,1.1222071647644043,0.043102264404296875,0.7385489344596863,429,759.2672646045685
-4.178882598876953,-4.1809515953063965,0.0020688108634203672,-2.129321813583374,1.5761401653289795,0.02068810723721981,0.7385489344596863,430,761.1978361606598
-1.6471295356750488,-1.648321509361267,0.001192008494399488,-1.1237305402755737,0.13640885055065155,0.011920085176825523,0.9045339822769165,431,762.9474556446075
-6.5113325119018555,-6.511725425720215,0.0003927658253815025,-1.8390721082687378,1.360129952430725,0.003927658312022686,0.738548994064331,432,764.7678618431091
-0.5982685089111328,-0.5990461111068726,0.0007775813573971391,-0.9866666793823242,1.4576375484466553,0.007775813341140747,0.5222329497337341,433,766.411018371582
-1.5052545070648193,-1.5073401927947998,0.0020857236813753843,-0.6355361342430115,0.2659977078437805,0.02085723541676998,0.9045339226722717,434,768.1880836486816
-3.304016590118408,-3.310361385345459,0.006344768684357405,-2.0048129558563232,1.486387848854065,0.06344768404960632,0.7385488748550415,435,770.1379175186157
-0.24457032978534698,-0.24615797400474548,0.0015876453835517168,0.42277100682258606,0.037984151393175125,0.01587645336985588,0.904534101486206,436,772.0220768451691
-0.4025959074497223,-0.4060478210449219,0.0034519077744334936,-0.603952944278717,0.07192035764455795,0.034519076347351074,0.9045340418815613,437,773.7688784599304
-0.2989000976085663,-0.29939526319503784,0.0004951576702296734,-0.480009526014328,0.09271299839019775,0.004951576702296734,0.7385488748550415,438,775.5533120632172
-3.260063648223877,-3.26068115234375,0.0006174644222483039,-2.2700326442718506,1.6798393726348877,0.006174643989652395,0.7385489344596863,439,777.3643391132355
6.50639009475708,6.503079891204834,0.0033100636210292578,-0.03939604014158249,0.26173198223114014,0.033100634813308716,0.9045339226722717,440,779.0824208259583
-0.8767985105514526,-0.8775304555892944,0.0007319232099689543,-2.0194551944732666,1.4918522834777832,0.007319231983274221,0.7385489344596863,441,780.8291175365448
0.514755368232727,0.5119813680648804,0.0027740062214434147,-1.0480575561523438,1.5482648611068726,0.027740061283111572,0.5222329497337341,442,782.5835573673248
0.586804986000061,0.5862897634506226,0.0005152285448275506,-1.753710389137268,1.296353816986084,0.005152285099029541,0.7385489344596863,443,784.3022406101227
-7.220247268676758,-7.223268032073975,0.003020579693838954,-0.0060137114487588406,0.21960675716400146,0.030205797404050827,0.9045340418815613,444,786.1500868797302
-5.459360599517822,-5.460513591766357,0.001152811455540359,-1.8262962102890015,1.3555433750152588,0.011528114788234234,0.7385489344596863,445,787.989066362381
-4.757823944091797,-4.758535385131836,0.0007114947075024247,0.3284741938114166,0.1437149941921234,0.0071149468421936035,0.9045339822769165,446,789.6820132732391
0.5336833000183105,0.5330772399902344,0.000606066023465246,-2.531618595123291,1.8703298568725586,0.006060659885406494,0.7385489344596863,447,791.3762533664703
0.5189682245254517,0.5186208486557007,0.00034737586975097656,0.629180371761322,0.21007965505123138,0.0034737586975097656,0.9045340418815613,448,793.0463588237762
-1.743074893951416,-1.7442493438720703,0.0011744946241378784,-0.9727699756622314,1.437361717224121,0.011744946241378784,0.5222329497337341,449,794.7682263851166
0.04670038819313049,0.0455830916762352,0.001117298030294478,0.16498976945877075,0.10387226194143295,0.011172980070114136,0.9045340418815613,450,796.4557957649231
-5.956258773803711,-5.956777095794678,0.0005184412002563477,-2.506160020828247,0.13029175996780396,0.0051844120025634766,0.904534101486206,451,798.2299098968506
-0.30194786190986633,-0.30666351318359375,0.004715658258646727,-0.9670395255088806,0.24588407576084137,0.04715658351778984,0.9045339226722717,452,799.9510223865509
-0.019781889393925667,-0.020305633544921875,0.0005237440927885473,-2.4175865650177,1.7865921258926392,0.005237440578639507,0.7385489344596863,453,801.8028671741486
-3.367748498916626,-3.368025541305542,0.0002771258295979351,-0.13575512170791626,0.08618705719709396,0.0027712583541870117,0.9045339822769165,454,803.7688341140747
0.018088005483150482,0.017333984375,0.0007540206424891949,-0.5120948553085327,0.05956635624170303,0.007540206424891949,0.904534101486206,455,805.5955193042755
-0.7855798602104187,-0.7859954833984375,0.0004155944043304771,-2.585353136062622,1.914541244506836,0.004155944101512432,0.7385489344596863,456,807.2754459381104
-2.092927932739258,-2.115037441253662,0.022109609097242355,0.5216163396835327,0.07595244795084,0.22109608352184296,0.9045339822769165,457,809.0384609699249
-3.8328168392181396,-3.8342337608337402,0.0014169196365401149,-2.6327247619628906,1.9531171321868896,0.014169196598231792,0.7385489344596863,458,810.7479574680328
-1.7111878395080566,-1.7144737243652344,0.003285930724814534,-1.6078659296035767,0.19100992381572723,0.032859306782484055,0.9045339822769165,459,812.5876088142395
-0.42519086599349976,-0.4267539978027344,0.001563135883770883,-2.1396758556365967,1.5866056680679321,0.015631359070539474,0.7385489344596863,460,814.3774125576019
-1.9121092557907104,-1.9130821228027344,0.0009728888981044292,-3.2966301441192627,0.2718183696269989,0.009728888981044292,0.9045339822769165,461,816.3084781169891
0.7800156474113464,0.7758662104606628,0.00414943415671587,0.011891737580299377,0.08438517898321152,0.04149433970451355,0.9045340418815613,462,818.0287969112396
-0.1736118048429489,-0.17490577697753906,0.0012939712032675743,-1.826055884361267,1.3497463464736938,0.012939712032675743,0.7385489344596863,463,819.7376396656036
1.444838523864746,1.4436798095703125,0.0011586647015064955,-1.8735417127609253,1.3849915266036987,0.011586646549403667,0.7385489344596863,464,821.431720495224
-1.923099160194397,-1.9244855642318726,0.001386393210850656,-0.4164818227291107,0.14496812224388123,0.01386393141001463,0.9045340418815613,465,823.3293123245239
-0.8973609805107117,-0.9003328084945679,0.0029718352016061544,-2.609441041946411,1.9288020133972168,0.029718350619077682,0.7385489344596863,466,825.1639924049377
3.543375015258789,3.5430564880371094,0.0003186345275025815,0.5169474482536316,0.06818769872188568,0.003186345100402832,0.904534101486206,467,827.0117676258087
2.04738712310791,2.0469131469726562,0.0004740486911032349,-1.9072238206863403,0.2176981121301651,0.004740486852824688,0.9045339822769165,468,828.8293466567993
2.8955869674682617,2.8931167125701904,0.0024702472146600485,-1.3870635032653809,1.0284558534622192,0.024702470749616623,0.7385489344596863,469,830.6235520839691
1.8416104316711426,1.8404877185821533,0.001122725079767406,-0.5073869824409485,0.22524385154247284,0.011227250099182129,0.9045340418815613,470,832.3586051464081
-5.483950614929199,-5.484798431396484,0.0008479277603328228,-0.0401836521923542,0.20134004950523376,0.008479277603328228,0.904534101486206,471,834.0628139972687
-0.753364622592926,-0.7541450262069702,0.000780427479185164,0.1434897482395172,0.049366507679224014,0.007804274559020996,0.9045339822769165,472,835.7486395835876
-4.537855625152588,-4.538356304168701,0.0005005677812732756,0.7753748297691345,0.2783907651901245,0.005005677696317434,0.904534101486206,473,837.4591410160065
-5.183427810668945,-5.183631896972656,0.0002040465915342793,-1.0299735069274902,0.1793047934770584,0.0020404658280313015,0.904534101486206,474,839.3132314682007
-1.8068729639053345,-1.8078498840332031,0.0009769052267074585,-1.3649686574935913,0.1248883530497551,0.009769052267074585,0.7385489344596863,475,841.1638565063477
-0.24204663932323456,-0.24569956958293915,0.003652923507615924,-1.093459129333496,1.6151988506317139,0.036529235541820526,0.5222330093383789,476,842.8995265960693
-2.687464714050293,-2.6881957054138184,0.0007311006775125861,-1.363060474395752,0.2250993847846985,0.0073110065422952175,0.9045339822769165,477,844.6727468967438
-3.4304323196411133,-3.430755615234375,0.00032334428397007287,-1.5144444704055786,0.2249181568622589,0.0032334427814930677,0.904534101486206,478,846.3965334892273
6.858336925506592,6.857832908630371,0.0005041917320340872,0.2546638548374176,0.3136862516403198,0.005041917320340872,0.9045339822769165,479,848.1497688293457
-4.754374027252197,-4.754603385925293,0.00022952556901145726,0.44315508008003235,0.07430286705493927,0.002295255661010742,0.9045339822769165,480,849.8994462490082
2.186555862426758,2.1854782104492188,0.001077653025276959,-0.66761714220047,0.5148407220840454,0.010776530019938946,0.7385489344596863,481,851.5731573104858
0.2503923177719116,0.2476603239774704,0.002732008695602417,0.8848744034767151,0.046257440000772476,0.02732008695602417,0.7385489344596863,482,853.2419009208679
-2.684662342071533,-2.686016082763672,0.0013538480270653963,0.028955871239304543,0.33512139320373535,0.013538479804992676,0.9045339822769165,483,855.0029079914093
-5.1692914962768555,-5.172706127166748,0.0034148197155445814,0.594834566116333,0.20680654048919678,0.0341481976211071,0.9045340418815613,484,856.755099773407
-3.9571995735168457,-3.958080291748047,0.0008807401172816753,-1.4862171411514282,1.1113415956497192,0.008807401172816753,0.7385489344596863,485,858.4331715106964
-4.073584079742432,-4.0762739181518555,0.002689953660592437,-1.9950345754623413,1.4826159477233887,0.026899537071585655,0.7385486364364624,486,860.3005685806274
-4.129936695098877,-4.132256507873535,0.002319933148100972,-2.1457650661468506,1.5919270515441895,0.023199331015348434,0.7385489344596863,487,862.001166343689
-15.681232452392578,-15.681621551513672,0.00038923820829950273,-2.6669511795043945,0.2997615933418274,0.0038923821412026882,0.9045339822769165,488,863.8159685134888
0.24659323692321777,0.24407832324504852,0.0025149136781692505,-1.4084324836730957,1.0466792583465576,0.025149136781692505,0.7385489344596863,489,865.5849878787994
0.8368117213249207,0.8341166377067566,0.0026951124891638756,-1.6878944635391235,0.1535767763853073,0.026951124891638756,0.9045340418815613,490,867.4587335586548
-1.89332914352417,-1.898838758468628,0.005509653128683567,-2.2787482738494873,1.6834876537322998,0.05509652942419052,0.7385489344596863,491,869.3951797485352
-2.470395803451538,-2.4730873107910156,0.002691426081582904,-2.617500066757202,1.9391663074493408,0.026914259418845177,0.738548994064331,492,871.2770793437958
-0.6365988850593567,-0.6368224024772644,0.00022350352082867175,-0.0794023722410202,0.07001407444477081,0.002235035179182887,0.9045340418815613,493,872.9775285720825
-8.708977699279785,-8.716072082519531,0.007094568107277155,-0.8607420921325684,0.28657954931259155,0.07094568014144897,0.9045340418815613,494,874.8580362796783
-1.8115553855895996,-1.8118133544921875,0.0002579122956376523,0.9230079650878906,0.03943405672907829,0.00257912278175354,0.9045340418815613,495,876.5721135139465
-3.114319324493408,-3.115436553955078,0.00111718091648072,-1.8315171003341675,1.3545989990234375,0.01117180846631527,0.7385489344596863,496,878.3367755413055
-0.5127612948417664,-0.5162500143051147,0.003488695714622736,-2.5639684200286865,1.89456045627594,0.034886956214904785,0.7385489344596863,497,880.0638527870178
-0.07598596066236496,-0.07938385009765625,0.0033978892024606466,0.3883570432662964,0.06931524723768234,0.033978890627622604,0.904534101486206,498,882.1350498199463
0.8559600710868835,0.8436571955680847,0.012302889488637447,-2.3593838214874268,1.7447965145111084,0.12302889674901962,0.7385489344596863,499,883.8506553173065
-0.05290517583489418,-0.0540059432387352,0.0011007686844095588,-1.4758414030075073,1.092214584350586,0.011007687076926231,0.7385489344596863,500,885.624109506607
-0.49429550766944885,-0.49797314405441284,0.0036776333581656218,-0.1648879051208496,0.09516777843236923,0.036776334047317505,0.904534101486206,501,888.1567940711975
-3.270657539367676,-3.2708041667938232,0.00014657973952125758,-0.13472934067249298,0.17988301813602448,0.0014657974243164062,0.9045339822769165,502,889.8293745517731
-2.11588191986084,-2.1160731315612793,0.00019112527661491185,-2.635486125946045,0.2913300096988678,0.001911252737045288,0.9045339822769165,503,891.540313243866
-1.8503836393356323,-1.8543733358383179,0.003989673685282469,-1.073562502861023,0.09646234661340714,0.03989673778414726,0.738548994064331,504,893.2133412361145
1.4221757650375366,1.4200376272201538,0.0021381210535764694,-0.3421531617641449,0.08686456829309464,0.021381210535764694,0.7385488748550415,505,895.0167717933655
5.350750923156738,5.350341796875,0.00040934584103524685,-0.8361857533454895,1.2386411428451538,0.0040934584103524685,0.5222329497337341,506,896.9783270359039
-3.4908714294433594,-3.4918792247772217,0.0010077565675601363,-2.2527778148651123,0.37391817569732666,0.010077565908432007,0.9045340418815613,507,898.6600620746613
-4.7653326988220215,-4.766146659851074,0.0008138557896018028,-1.541685938835144,1.1554707288742065,0.008138557896018028,0.7385489344596863,508,900.4473674297333
-0.717796802520752,-0.7187299728393555,0.0009331792825832963,-1.958093523979187,1.4501560926437378,0.00933179259300232,0.7385489344596863,509,902.1649971008301
-3.382411003112793,-3.3845062255859375,0.0020952404011040926,0.6070733070373535,0.19689594209194183,0.02095240354537964,0.9045340418815613,510,904.0227243900299
-1.4001169204711914,-1.4011739492416382,0.0010570019949227571,-2.243175745010376,1.6572026014328003,0.010570019483566284,0.5222329497337341,511,905.9137308597565
-2.1676783561706543,-2.1679039001464844,0.0002256602019770071,-0.49864402413368225,0.7386104464530945,0.0022566020488739014,0.5222329497337341,512,907.6565928459167
3.42651629447937,3.4259395599365234,0.000576790189370513,-1.405673861503601,0.19355542957782745,0.00576790189370513,0.7385489344596863,513,909.3473043441772
-4.246187686920166,-4.247395992279053,0.0012084624031558633,-1.846376895904541,0.15372267365455627,0.01208462379872799,0.9045340418815613,514,911.0632221698761
-2.7719473838806152,-2.7724967002868652,0.0005492786876857281,-1.418681025505066,0.2516566514968872,0.005492786876857281,0.9045339226722717,515,912.8281242847443
-5.456082820892334,-5.456708908081055,0.0006258587236516178,0.13937313854694366,0.09127592295408249,0.0062585873529314995,0.9045340418815613,516,914.5957400798798
-1.3050589561462402,-1.3057035207748413,0.0006445368635468185,-1.2245572805404663,0.1304658055305481,0.0064453682862222195,0.9045339226722717,517,916.360292673111
5.236632823944092,5.235528469085693,0.0011045465944334865,-2.318502187728882,0.27204447984695435,0.011045466177165508,0.9045340418815613,518,918.0855066776276
-1.9146878719329834,-1.9151561260223389,0.0004682461731135845,0.12878887355327606,0.07209846377372742,0.004682461731135845,0.9045340418815613,519,919.8810112476349
3.196146011352539,3.195462703704834,0.0006832967628724873,0.043376073241233826,0.3249080777168274,0.006832967512309551,0.7385489344596863,520,921.5361707210541
-0.7601616978645325,-0.7607167959213257,0.0005551030626520514,-0.5682085752487183,0.16688522696495056,0.005551030393689871,0.9045339822769165,521,923.2170157432556
-3.7996532917022705,-3.801785945892334,0.0021325957495719194,-2.572446584701538,1.9039489030838013,0.021325957030057907,0.7385488748550415,522,924.9371070861816
-1.2171821594238281,-1.2184016704559326,0.0012195449089631438,-0.8191177248954773,1.2103182077407837,0.012195448391139507,0.5222329497337341,523,926.6771974563599
-2.8651247024536133,-2.865713119506836,0.0005883823032490909,-2.5988502502441406,1.9236971139907837,0.005883823148906231,0.738548994064331,524,928.4664340019226
-4.226468563079834,-4.230891227722168,0.004422695841640234,-2.616136074066162,1.9346415996551514,0.044226955622434616,0.738548994064331,525,930.1718966960907
-2.085278034210205,-2.087270736694336,0.001992656849324703,-1.4233683347702026,0.07642120867967606,0.019926568493247032,0.904534101486206,526,931.9958341121674
-0.5760654807090759,-0.5779635310173035,0.0018980484455823898,-2.2203121185302734,1.6417150497436523,0.0189804844558239,0.7385489344596863,527,933.8508946895599
-2.537527561187744,-2.538372755050659,0.0008450886234641075,-2.3182055950164795,0.2735239565372467,0.008450886234641075,0.9045339822769165,528,935.6821966171265
-1.5750868320465088,-1.5778745412826538,0.002787763951346278,-2.285820960998535,1.6901328563690186,0.02787763997912407,0.7385489344596863,529,937.9415891170502
0.4606367349624634,0.45991772413253784,0.0007190148462541401,-2.5689780712127686,1.9007329940795898,0.0071901483461260796,0.7385489344596863,530,939.6649680137634
0.8906024098396301,0.8895353078842163,0.0010670999763533473,-2.307647466659546,1.7045478820800781,0.010670999996364117,0.7385489344596863,531,941.5328960418701
-1.2681812047958374,-1.2693309783935547,0.001149815390817821,-2.360152006149292,1.7442353963851929,0.01149815320968628,0.7385489344596863,532,943.2543025016785
0.48586344718933105,0.48444876074790955,0.0014146825997158885,-1.8522710800170898,1.3684548139572144,0.014146825298666954,0.7385488748550415,533,945.0541183948517
-1.5079487562179565,-1.509037733078003,0.001088949153199792,0.7415447235107422,0.04927618056535721,0.010889491066336632,0.904534101486206,534,946.7690424919128
-7.1195502281188965,-7.119769096374512,0.00021869242482353002,0.33813390135765076,0.3050045967102051,0.0021869242191314697,0.9045339226722717,535,948.5019359588623
-5.589965343475342,-5.591294765472412,0.0013295859098434448,0.1359303742647171,0.15550723671913147,0.013295859098434448,0.9045340418815613,536,950.2641274929047
0.9614676833152771,0.9612388610839844,0.00022883615747559816,0.5293669104576111,0.04208043962717056,0.002288361545652151,0.9045339822769165,537,951.9529433250427
-1.8117802143096924,-1.8123595714569092,0.0005793680902570486,-1.8496090173721313,1.3707890510559082,0.005793680902570486,0.7385489344596863,538,953.5936069488525
-1.578177809715271,-1.5792287588119507,0.0010509630665183067,-0.7465183138847351,0.1335092931985855,0.010509630665183067,0.7385489344596863,539,955.2691516876221
-0.2392130196094513,-0.23948606848716736,0.0002730548440013081,-1.119343638420105,1.6534667015075684,0.00273054838180542,0.5222330093383789,540,957.0549504756927
-3.7710351943969727,-3.7713725566864014,0.000337386125465855,0.17422346770763397,0.11598323285579681,0.003373861312866211,0.9045339822769165,541,958.8683025836945
-0.5943517088890076,-0.5962285995483398,0.0018768649315461516,-0.8219444155693054,1.215490460395813,0.01876864954829216,0.5222329497337341,542,960.5011470317841
-0.0687868520617485,-0.06924184411764145,0.0004549950535874814,0.19313852488994598,0.17155694961547852,0.004549950361251831,0.9045340418815613,543,962.309173822403
0.0008042554254643619,-0.0,0.0008042554254643619,-1.25,1.846372365951538,0.008042554371058941,0.0,544,964.2570171356201
1.2131534814834595,1.2010549306869507,0.01209856104105711,-1.7658334970474243,1.3062090873718262,0.12098561227321625,0.7385489344596863,545,965.9037871360779
-0.1712678223848343,-0.17208640277385712,0.0008185863844119012,-2.5564162731170654,1.888357162475586,0.008185863494873047,0.7385489344596863,546,967.7819032669067
-1.0639156103134155,-1.0652745962142944,0.0013589998707175255,-2.2516796588897705,1.6786086559295654,0.013589998707175255,0.7385488748550415,547,969.5871422290802
-2.9261202812194824,-2.9281318187713623,0.002011593198403716,-2.687450408935547,0.21293863654136658,0.020115932449698448,0.904534101486206,548,971.3779232501984
0.3399183452129364,0.33816784620285034,0.0017505030846223235,-1.975813388824463,1.4646302461624146,0.01750503107905388,0.7385489344596863,549,973.0937006473541
-0.18756987154483795,-0.18801753222942352,0.0004476557660382241,-1.6111091375350952,1.1988502740859985,0.004476557485759258,0.7385489344596863,550,974.7747945785522
-3.407731056213379,-3.408278226852417,0.0005470812320709229,-0.32565656304359436,0.1841605007648468,0.0054708123207092285,0.7385489344596863,551,976.4499037265778
1.7842285633087158,1.783085584640503,0.001143036293797195,-2.1899445056915283,1.6191130876541138,0.011430363170802593,0.7385489344596863,552,978.1177921295166
-0.12305589765310287,-0.1239064559340477,0.0008505553123541176,-1.9189766645431519,1.4180353879928589,0.008505553007125854,0.7385489344596863,553,979.9140453338623
-3.7297580242156982,-3.73089599609375,0.00113804847933352,-0.8558246493339539,0.09735265374183655,0.011380484327673912,0.9045340418815613,554,981.8027913570404
-0.0027848260942846537,-0.00495147705078125,0.0021666509564965963,-1.6433095932006836,1.2318940162658691,0.0216665081679821,0.7385489344596863,555,983.472170829773
-1.9201288223266602,-1.9204559326171875,0.0003270864544901997,-2.94252872467041,0.2341984510421753,0.003270864486694336,0.9045340418815613,556,985.3526675701141
-0.1694517731666565,-0.16999053955078125,0.00053877237951383,-1.0103801488876343,1.4925616979599,0.005387723445892334,0.5222329497337341,557,987.0538351535797
-1.6947335004806519,-1.694791555404663,5.807578781968914e-05,-1.9066203832626343,1.4088891744613647,0.0005807578563690186,0.7385489344596863,558,988.7368607521057
-1.8012486696243286,-1.8013896942138672,0.00014106630987953395,-2.7160511016845703,2.0126399993896484,0.00141066312789917,0.7385489344596863,559,990.4622755050659
-0.7559993863105774,-0.7561721801757812,0.00017281374312005937,-2.180743455886841,1.6118965148925781,0.0017281373729929328,0.7385489344596863,560,992.11776471138
0.5023674368858337,0.5001901388168335,0.0021772754844278097,-1.9190155267715454,0.1390509456396103,0.021772753447294235,0.9045340418815613,561,993.8362150192261
-0.4346344470977783,-0.4363517761230469,0.0017173400847241282,0.8925349712371826,0.07631926983594894,0.01717340014874935,0.9045339822769165,562,995.5844359397888
2.1838903427124023,2.1825740337371826,0.00131641433108598,-1.7472385168075562,1.3026927709579468,0.013164143078029156,0.7385489344596863,563,997.4352009296417
-2.072746992111206,-2.073425531387329,0.0006785492296330631,-1.8590742349624634,1.3746172189712524,0.006785492412745953,0.7385489344596863,564,999.1664617061615
0.0009175449959002435,-0.0,0.0009175449959002435,0.0,0.0,0.00917544960975647,0.0,565,1000.7682166099548
0.39854881167411804,0.39804333448410034,0.0005054663051851094,-2.579254150390625,1.906911849975586,0.005054662935435772,0.7385489344596863,566,1002.6186623573303
-5.666616916656494,-5.6671905517578125,0.0005737881292589009,-0.4126318395137787,0.1925831437110901,0.005737881176173687,0.904534101486206,567,1004.3642501831055
-0.32041603326797485,-0.3211314082145691,0.0007153898477554321,-2.0271902084350586,0.1732056885957718,0.007153898477554321,0.904534101486206,568,1006.0740537643433
-4.835382461547852,-4.838397979736328,0.003015713067725301,-2.5621955394744873,1.8929216861724854,0.03015713021159172,0.7385489344596863,569,1007.956773519516
-1.1306887865066528,-1.1324814558029175,0.0017927061999216676,0.22676531970500946,0.1090904101729393,0.017927061766386032,0.7385489344596863,570,1009.6394999027252
-5.6343255043029785,-5.635578155517578,0.0012525271158665419,-0.0017698109149932861,0.23879550397396088,0.012525270693004131,0.904534101486206,571,1011.3410339355469
-5.93745756149292,-5.938636779785156,0.0011791805736720562,-2.104090452194214,1.5577282905578613,0.011791805736720562,0.7385489344596863,572,1013.2366490364075
2.1902294158935547,2.1883723735809326,0.0018570810789242387,-0.7719462513923645,0.18242867290973663,0.018570810556411743,0.9045339226722717,573,1014.946662902832
-2.352095365524292,-2.352424144744873,0.00032874345197342336,-2.5626261234283447,1.8982341289520264,0.0032874345779418945,0.7385489344596863,574,1016.6221551895142
2.4904744625091553,2.4902474880218506,0.00022690396872349083,-0.17960496246814728,0.09236972033977509,0.0022690396290272474,0.9045340418815613,575,1018.3284146785736
3.6449713706970215,3.6430816650390625,0.0018897434929385781,-2.2953126430511475,1.7125844955444336,0.018897434696555138,0.7385489344596863,576,1020.0672070980072
-2.620163917541504,-2.6203067302703857,0.00014284750795923173,-1.933912754058838,1.4315696954727173,0.0014284750213846564,0.7385489344596863,577,1021.8153185844421
-2.8473310470581055,-2.8486297130584717,0.0012987147783860564,-2.607267141342163,1.928567886352539,0.012987147085368633,0.7385489344596863,578,1023.6018688678741
-4.968991279602051,-4.969396114349365,0.0004047066031489521,-2.6295883655548096,1.949947714805603,0.00404706597328186,0.7385489344596863,579,1025.3775992393494
2.845656156539917,2.844956874847412,0.000699356198310852,-1.6471937894821167,1.2220367193222046,0.0069935619831085205,0.7385489344596863,580,1027.4178698062897
-1.2798467874526978,-1.2800114154815674,0.00016468465037178248,-2.5623998641967773,1.893042802810669,0.0016468465328216553,0.7385489344596863,581,1029.1080164909363
-3.2106237411499023,-3.2205729484558105,0.009949206374585629,-2.6024999618530273,1.9284056425094604,0.09949205815792084,0.7385489344596863,582,1030.7551095485687
1.1661409139633179,1.1652120351791382,0.0009288510191254318,-2.2481415271759033,1.6621370315551758,0.00928851030766964,0.7385489344596863,583,1032.4781811237335
-0.1280774623155594,-0.12835852801799774,0.0002810647420119494,0.8549858927726746,0.033185675740242004,0.0028106472454965115,0.9045340418815613,584,1034.211595773697
1.8235443830490112,1.8218778371810913,0.0016665091970935464,-1.4709075689315796,1.1158040761947632,0.01666509173810482,0.7385489344596863,585,1036.005270242691
-0.5899806022644043,-0.5910593867301941,0.0010787606006488204,-2.2015225887298584,1.6268491744995117,0.010787606239318848,0.7385489344596863,586,1037.915753364563
0.00034886502544395626,-0.0,0.00034886502544395626,-1.0366666316986084,1.5312581062316895,0.00348865007981658,0.0,587,1039.696455001831
-0.955672562122345,-0.9563335180282593,0.0006609370466321707,-1.638378620147705,1.2159626483917236,0.006609370466321707,0.7385489344596863,588,1041.457396030426
-2.221595048904419,-2.2225608825683594,0.0009657770278863609,0.2771465480327606,0.05342790111899376,0.00965777039527893,0.904534101486206,589,1043.214982509613
3.5969300270080566,3.5940566062927246,0.002873472636565566,-0.15119045972824097,0.24288791418075562,0.0287347249686718,0.5222329497337341,590,1044.9324753284454
-0.3486241400241852,-0.3503195643424988,0.0016954134916886687,-1.3076190948486328,1.9346176385879517,0.01695413514971733,0.5222329497337341,591,1046.5874202251434
-2.1822350025177,-2.182651996612549,0.0004169851599726826,0.5540306568145752,0.1938113570213318,0.004169851541519165,0.9045339226722717,592,1048.33593416214
-5.763905048370361,-5.765117645263672,0.001212690374813974,-2.0753719806671143,0.25545167922973633,0.012126903049647808,0.9045340418815613,593,1050.049962759018
-0.8815237283706665,-0.8824952840805054,0.000971547793596983,-2.642054557800293,1.959115743637085,0.00971547793596983,0.7385488748550415,594,1051.937888622284
-3.8653736114501953,-3.866666316986084,0.0012927353382110596,-0.15800060331821442,0.07289084792137146,0.012927353382110596,0.904534101486206,595,1053.73468708992
-0.5394972562789917,-0.5411008596420288,0.0016036313027143478,-1.7475204467773438,1.2946456670761108,0.01603631302714348,0.7385489344596863,596,1055.639853477478
-3.201401948928833,-3.2017362117767334,0.0003343324060551822,-2.6225273609161377,1.9479060173034668,0.0033433239441365004,0.7385489344596863,597,1057.32381606102
0.24520517885684967,0.24486415088176727,0.0003410339413676411,-0.32718053460121155,0.06127701327204704,0.00341033935546875,0.9045340418815613,598,1059.1566534042358
-4.656674385070801,-4.6573896408081055,0.0007150431629270315,-0.3112122714519501,0.1336299031972885,0.007150431629270315,0.9045340418815613,599,1060.9786593914032
0.6461825966835022,0.6457862854003906,0.00039630435639992356,-0.13270513713359833,0.1010490208864212,0.003963043447583914,0.9045339822769165,600,1063.1816582679749
-1.788438081741333,-1.7889595031738281,0.0005214631673879921,-1.1422356367111206,1.687645435333252,0.0052146315574646,0.5222329497337341,601,1064.889298915863
-0.8086469769477844,-0.8115921020507812,0.0029451025184243917,-0.08074990659952164,0.1297619640827179,0.029451023787260056,0.9045340418815613,602,1066.773240327835
-3.4323251247406006,-3.434839963912964,0.0025147299747914076,-0.35323193669319153,0.11664934456348419,0.025147300213575363,0.9045339822769165,603,1068.5752732753754
13.739127159118652,13.737062454223633,0.0020647388882935047,-2.0427892208099365,1.530560851097107,0.020647387951612473,0.7385489344596863,604,1070.3032939434052
-0.5622451305389404,-0.5630366206169128,0.0007915100432001054,-2.144627571105957,1.58766770362854,0.007915100082755089,0.738548994064331,605,1071.9799699783325
-1.7953790426254272,-1.7963918447494507,0.001012807129882276,-1.404394507408142,0.12834998965263367,0.010128071531653404,0.9045340418815613,606,1073.683436870575
2.1857802867889404,2.185337781906128,0.0004424959479365498,-0.18600867688655853,0.05314875766634941,0.004424959421157837,0.9045340418815613,607,1075.5133502483368
0.3360833525657654,0.3352763056755066,0.0008070330368354917,-2.6418416500091553,1.9586305618286133,0.008070330135524273,0.7385489344596863,608,1077.2839646339417
2.877162456512451,2.8759326934814453,0.0012297859648242593,-2.2003109455108643,1.6336499452590942,0.01229785941541195,0.7385489344596863,609,1079.0158071517944
-1.777204990386963,-1.77764892578125,0.0004439383919816464,-1.3843836784362793,0.10008205473423004,0.0044393837451934814,0.738548994064331,610,1080.7921628952026
-10.371551513671875,-10.372353553771973,0.0008019408560357988,-1.5050758123397827,0.2918519079685211,0.008019408211112022,0.9045340418815613,611,1082.6089107990265
3.284975051879883,3.2835402488708496,0.0014347265241667628,-2.662351369857788,1.9820599555969238,0.014347265474498272,0.7385488748550415,612,1084.3933260440826
-2.8229522705078125,-2.8236894607543945,0.0007371604442596436,-1.8702949285507202,1.3844445943832397,0.0073716044425964355,0.7385489344596863,613,1086.1312441825867
7.196177959442139,7.193292617797852,0.0028854897245764732,-2.151923179626465,0.2849602699279785,0.028854897245764732,0.904534101486206,614,1087.8370549678802
-1.0083057880401611,-1.0091617107391357,0.0008559445850551128,-2.361633539199829,1.7578364610671997,0.008559445850551128,0.7385488748550415,615,1089.545753955841
0.7961300611495972,0.7953462600708008,0.0007837772718630731,-2.652479648590088,1.9694499969482422,0.007837772369384766,0.7385489344596863,616,1091.2175424098969
-1.9813635349273682,-1.9884904623031616,0.0071268691681325436,0.2012058049440384,0.13797026872634888,0.07126869261264801,0.904534101486206,617,1092.9487988948822
-0.8193047642707825,-0.8196487426757812,0.0003439694701228291,-2.1415302753448486,1.5850013494491577,0.00343969464302063,0.7385489344596863,618,1094.6192154884338
-0.8157808780670166,-0.8187150955200195,0.002934189746156335,-0.9890050292015076,0.11155082285404205,0.02934189699590206,0.904534101486206,619,1096.3805756568909
-1.8578946590423584,-1.858067274093628,0.00017266672512050718,-1.2612744569778442,1.86336088180542,0.0017266671638935804,0.5222330093383789,620,1098.3292350769043
-0.7369112968444824,-0.7406371831893921,0.0037259054370224476,-1.0616852045059204,1.5682313442230225,0.0372590534389019,0.5222330093383789,621,1100.2070002555847
-3.8524935245513916,-3.8535499572753906,0.001056398032233119,-1.4175962209701538,0.18457965552806854,0.010563979856669903,0.9045340418815613,622,1101.8820886611938
0.0006475736736319959,-0.0,0.0006475736736319959,-1.25,1.846372365951538,0.006475736852735281,0.0,623,1103.5764162540436
-4.695094108581543,-4.696876525878906,0.0017823756206780672,-1.2114777565002441,0.20966634154319763,0.017823755741119385,0.7385489344596863,624,1105.3759694099426
-5.017031192779541,-5.017230033874512,0.0001989046868402511,-2.107980966567993,0.4045095145702362,0.00198904681019485,0.9045340418815613,625,1107.24347782135
-0.6470065712928772,-0.6478360891342163,0.0008295198786072433,-2.567988157272339,1.8976668119430542,0.008295198902487755,0.7385489344596863,626,1109.0495133399963
-2.837592601776123,-2.839754819869995,0.0021623363718390465,0.01049872487783432,0.2652486562728882,0.021623363718390465,0.7385489344596863,627,1110.7237238883972
-3.4825642108917236,-3.483879804611206,0.0013154825428500772,-2.282201051712036,1.6893894672393799,0.013154825195670128,0.5222329497337341,628,1112.6072528362274
-1.659205675125122,-1.6599986553192139,0.0007930060965009034,-2.0721724033355713,1.531082272529602,0.007930060848593712,0.7385489344596863,629,1114.4685599803925
-9.728002548217773,-9.728361129760742,0.0003587027604226023,-0.09443553537130356,0.08484810590744019,0.003587027546018362,0.9045339822769165,630,1116.3482654094696
-5.459047794342041,-5.464082717895508,0.005034781526774168,-2.154543876647949,1.5916651487350464,0.050347816199064255,0.7385489344596863,631,1118.110268831253
0.42174673080444336,0.42006683349609375,0.0016799112781882286,-0.14641006290912628,0.05675146356225014,0.016799112781882286,0.904534101486206,632,1119.8464229106903
-8.157197952270508,-8.160041809082031,0.0028437089640647173,-2.3454833030700684,1.73341703414917,0.028437089174985886,0.7385489344596863,633,1121.666244983673
-5.47721004486084,-5.478371620178223,0.0011616161791607738,-0.717072069644928,0.09759922325611115,0.011616161093115807,0.9045340418815613,634,1123.375658750534
-6.0252532958984375,-6.025569915771484,0.00031678282539360225,-0.16722337901592255,0.16680793464183807,0.0031678280793130398,0.9045339822769165,635,1125.0307638645172
-1.031664252281189,-1.0342000722885132,0.0025358181446790695,-0.018699035048484802,0.0642683282494545,0.025358181446790695,0.9045339822769165,636,1126.972240447998
1.8173248767852783,1.8130722045898438,0.004252722952514887,-2.117746114730835,0.16961565613746643,0.042527228593826294,0.9045339226722717,637,1128.7692155838013
-10.710333824157715,-10.711929321289062,0.0015955001581460238,-3.1135318279266357,0.3362728953361511,0.01595500111579895,0.904534101486206,638,1130.5524435043335
-2.3324244022369385,-2.3327667713165283,0.00034239492379128933,-1.3416666984558105,1.988699197769165,0.0034239492379128933,0.5222329497337341,639,1132.1679210662842
2.9580225944519043,2.9545459747314453,0.003476648824289441,-3.0129709243774414,0.3450884521007538,0.034766487777233124,0.904534101486206,640,1133.8954799175262
-5.963709354400635,-5.965641021728516,0.0019318342674523592,0.8449308276176453,0.06740929186344147,0.019318342208862305,0.7385489344596863,641,1135.7056159973145
1.4781956672668457,1.4778289794921875,0.00036663911305367947,-1.4229942560195923,0.09453105181455612,0.0036663911305367947,0.9045340418815613,642,1137.4511506557465
-10.027581214904785,-10.029354095458984,0.0017732521519064903,-1.0727492570877075,0.17882147431373596,0.017732521519064903,0.9045339226722717,643,1139.2522027492523
-3.868116617202759,-3.8700461387634277,0.001929530524648726,-1.9245781898498535,1.4222253561019897,0.019295305013656616,0.7385489344596863,644,1140.9953126907349
-0.10149311274290085,-0.10430081933736801,0.002807708689942956,-0.8271428942680359,1.2221426963806152,0.028077086433768272,0.5222329497337341,645,1142.6948735713959
-1.6221362352371216,-1.622420072555542,0.0002838273940142244,-2.289231538772583,1.691861867904663,0.002838273998349905,0.7385489344596863,646,1144.4137983322144
-5.354134559631348,-5.357963562011719,0.0038289004005491734,-2.226398229598999,0.1510147750377655,0.03828900307416916,0.9045339226722717,647,1146.1546022891998
-6.720458030700684,-6.721144676208496,0.0006865015020594001,-2.746067762374878,2.044064998626709,0.006865014787763357,0.7385489344596863,648,1148.0293452739716
-3.889146327972412,-3.8919894695281982,0.0028430959209799767,-1.6987391710281372,1.2566460371017456,0.028430959209799767,0.7385489344596863,649,1149.7364466190338
-3.738048553466797,-3.7389068603515625,0.0008581966394558549,0.9441149234771729,0.030612900853157043,0.008581966161727905,0.9045340418815613,650,1151.6677634716034
-3.876115322113037,-3.8763365745544434,0.00022117893968243152,0.35189226269721985,0.19483214616775513,0.0022117893677204847,0.9045339226722717,651,1153.4105644226074
-6.080439567565918,-6.08212947845459,0.0016900253249332309,-0.3288981020450592,0.07828229665756226,0.016900252550840378,0.9045339822769165,652,1155.1340599060059
-4.0711774826049805,-4.072476863861084,0.0012994478456676006,0.4659556448459625,0.09557388722896576,0.012994478456676006,0.9045339822769165,653,1157.2784805297852
-0.6039079427719116,-0.6056620478630066,0.0017540913540869951,-1.034456729888916,0.15429173409938812,0.017540913075208664,0.9045340418815613,654,1159.0261979103088
-3.3153533935546875,-3.3159537315368652,0.0006002953159622848,-2.1263539791107178,1.5732430219650269,0.0060029528103768826,0.7385489344596863,655,1160.967438697815
-1.1310837268829346,-1.1328372955322266,0.0017536244122311473,0.16254107654094696,0.05353478342294693,0.017536243423819542,0.9045340418815613,656,1162.6562087535858
0.0012750070309266448,-0.0,0.0012750070309266448,0.0,0.0,0.012750069610774517,0.0,657,1164.2742149829865
2.911888360977173,2.9114060401916504,0.0004823376948479563,-2.0760014057159424,1.5448085069656372,0.004823376890271902,0.7385488748550415,658,1166.0790235996246
-5.547329425811768,-5.547919273376465,0.0005897909286431968,-1.0719355344772339,0.165763720870018,0.00589790940284729,0.9045340418815613,659,1167.8209793567657
2.3837759494781494,2.3833231925964355,0.0004528045828919858,-2.5801937580108643,1.9087293148040771,0.004528045654296875,0.7385489344596863,660,1169.493416070938
2.2024364471435547,2.200289487838745,0.0021468966733664274,-1.204343318939209,0.8953861594200134,0.02146896719932556,0.7385488748550415,661,1171.1869041919708
2.6489415168762207,2.6475112438201904,0.0014301995979622006,-1.899693489074707,1.417489767074585,0.014301995746791363,0.7385489344596863,662,1172.820895910263
-1.3787535429000854,-1.3795166015625,0.0007630746113136411,-0.6337763667106628,0.06652998924255371,0.007630745880305767,0.9045340418815613,663,1174.6387050151825
-3.3179359436035156,-3.3182411193847656,0.0003051072417292744,-2.250236988067627,1.6653779745101929,0.003051072359085083,0.7385489344596863,664,1176.3481907844543
-1.4108388423919678,-1.4115499258041382,0.0007110913866199553,-2.1536805629730225,0.20373386144638062,0.007110913749784231,0.738548994064331,665,1178.0759336948395
-3.7927680015563965,-3.7973251342773438,0.004557095002382994,-2.273432970046997,0.17203684151172638,0.04557095095515251,0.9045339226722717,666,1179.8965046405792
-0.291307657957077,-0.2936166226863861,0.00230896077118814,-0.6517391204833984,0.9633009433746338,0.023089608177542686,0.5222330093383789,667,1181.5290954113007
-2.1701295375823975,-2.1706814765930176,0.0005519261467270553,-0.893214225769043,1.3260523080825806,0.005519261118024588,0.5222330093383789,668,1183.1953778266907
-1.3022576570510864,-1.3055833578109741,0.0033256590832024813,-0.5575024485588074,0.0975755825638771,0.033256590366363525,0.9045339822769165,669,1184.9586262702942
-3.2710955142974854,-3.271662473678589,0.0005669176462106407,-0.7455323338508606,0.3433327078819275,0.0056691765785217285,0.9045339822769165,670,1186.737310886383
-5.435168743133545,-5.437774658203125,0.00260571064427495,-0.48530542850494385,0.29523563385009766,0.026057105511426926,0.9045340418815613,671,1188.5421078205109
-4.687045097351074,-4.6940598487854,0.007014736533164978,-2.4525272846221924,1.816038727760315,0.07014736533164978,0.7385489344596863,672,1190.4334404468536
-4.660224437713623,-4.663191795349121,0.0029673557728528976,-2.308992624282837,1.7063863277435303,0.029673557728528976,0.7385489344596863,673,1192.1734478473663
-1.9391417503356934,-1.9428176879882812,0.0036759735085070133,-2.000225305557251,1.4773783683776855,0.03675973415374756,0.7385489344596863,674,1194.0990905761719
-4.30120325088501,-4.302939414978027,0.001735949539579451,0.29481157660484314,0.28403252363204956,0.017359495162963867,0.9045340418815613,675,1195.9942638874054
1.7040247917175293,1.703108549118042,0.0009161829948425293,-0.7186457514762878,0.09100143611431122,0.009161829948425293,0.9045340418815613,676,1197.7362291812897
-3.401909828186035,-3.4078280925750732,0.005918259732425213,0.2661816477775574,0.07854827493429184,0.05918259546160698,0.9045340418815613,677,1199.5030434131622
-0.751884937286377,-0.7564290761947632,0.004544140305370092,-1.9520200490951538,1.4423564672470093,0.0454414002597332,0.7385489344596863,678,1201.1734108924866
-2.394843339920044,-2.3958358764648438,0.0009925892809405923,0.11829403787851334,0.237783282995224,0.00992589257657528,0.9045339226722717,679,1203.1178448200226
-1.518170952796936,-1.5184186697006226,0.000247720890911296,0.13819196820259094,0.2016579657793045,0.002477208850905299,0.9045340418815613,680,1204.8924775123596
-0.5260329842567444,-0.5278002619743347,0.0017672738758847117,-2.0349199771881104,1.5038979053497314,0.017672738060355186,0.7385488748550415,681,1206.6288077831268
-4.0165791511535645,-4.017848014831543,0.001268950174562633,-1.188783049583435,0.11320316791534424,0.0126895010471344,0.7385489344596863,682,1208.3376488685608
-1.25042724609375,-1.25100839138031,0.0005811929586343467,-1.4035676717758179,0.19644784927368164,0.005811929702758789,0.904534101486206,683,1210.0446963310242
2.117816686630249,2.1170654296875,0.0007513115997426212,-2.6867716312408447,2.0097439289093018,0.007513116113841534,0.7385488748550415,684,1211.9024517536163
-1.6859780550003052,-1.6902294158935547,0.004251338075846434,-1.9948893785476685,1.4764323234558105,0.04251338168978691,0.7385489344596863,685,1213.6189758777618
-8.347379684448242,-8.349180221557617,0.0018006553873419762,-1.694615364074707,1.2662568092346191,0.01800655387341976,0.7385489344596863,686,1215.3332662582397
0.22821256518363953,0.22022311389446259,0.007989450357854366,-2.6269309520721436,1.9466090202331543,0.07989450544118881,0.7385488748550415,687,1217.2043616771698
-9.336923599243164,-9.338598251342773,0.0016750962240621448,0.08161676675081253,0.2703253924846649,0.016750961542129517,0.9045339822769165,688,1219.0134570598602
8.13785171508789,8.137306213378906,0.0005454858182929456,-2.6537272930145264,1.9765998125076294,0.005454858299344778,0.7385489344596863,689,1220.6554698944092
0.05204009264707565,0.04770342633128166,0.00433666817843914,-2.565387010574341,1.8957189321517944,0.0433666817843914,0.5222329497337341,690,1222.3547027111053
1.481727957725525,1.47995126247406,0.0017766893142834306,0.5430392026901245,0.09324193745851517,0.017766892910003662,0.904534101486206,691,1224.0927121639252
-2.5679268836975098,-2.569242000579834,0.0013151149032637477,-0.3524850308895111,0.14753317832946777,0.01315114926546812,0.9045340418815613,692,1225.803816318512
-4.10744047164917,-4.109948635101318,0.002508229110389948,-2.294032335281372,1.6962766647338867,0.025082290172576904,0.7385488748550415,693,1227.527931690216
-0.5850805640220642,-0.5874001383781433,0.002319566672667861,-2.2471439838409424,1.664386510848999,0.023195665329694748,0.7385489344596863,694,1229.4178750514984
-2.7589938640594482,-2.7644386291503906,0.005444714333862066,-2.7313625812530518,2.0368518829345703,0.05444714426994324,0.7385489344596863,695,1231.1493237018585
-1.25453519821167,-1.2590234279632568,0.004488288890570402,-0.526802122592926,0.11667713522911072,0.0448828861117363,0.9045340418815613,696,1232.8841660022736
-6.165122032165527,-6.166735649108887,0.001613758155144751,0.04698443412780762,0.11988963931798935,0.016137581318616867,0.9045339822769165,697,1234.839602470398
-8.399839401245117,-8.400681495666504,0.0008422266109846532,-0.06921029090881348,0.10799305140972137,0.008422265760600567,0.9045340418815613,698,1236.764671087265
-0.6672572493553162,-0.6681963801383972,0.0009391239145770669,0.10557184368371964,0.1908513903617859,0.009391238912940025,0.9045339822769165,699,1238.4145681858063
-1.724492073059082,-1.7256228923797607,0.0011308729881420732,-2.591158390045166,1.9157524108886719,0.011308729648590088,0.7385489344596863,700,1240.3906681537628
-1.5318632125854492,-1.5337741374969482,0.0019109230488538742,-1.8296924829483032,1.35201096534729,0.019109230488538742,0.7385490536689758,701,1242.0521748065948
-2.8055951595306396,-2.8066699504852295,0.001074873493053019,-0.042538832873106,0.08921682834625244,0.010748734697699547,0.9045340418815613,702,1243.7438769340515
-6.156313896179199,-6.157247066497803,0.0009332657209597528,0.3660471737384796,0.27909496426582336,0.009332656860351562,0.9045339822769165,703,1245.5369219779968
-4.012290000915527,-4.014533996582031,0.002244106028228998,-1.768174648284912,1.3305754661560059,0.022441059350967407,0.7385489344596863,704,1247.3034329414368
-6.356490612030029,-6.357982635498047,0.0014922390691936016,-1.6589769124984741,0.1966748684644699,0.014922390691936016,0.9045340418815613,705,1249.2306501865387
-6.817890167236328,-6.827205657958984,0.009315467439591885,-1.924566626548767,0.2301129549741745,0.0931546688079834,0.9045339226722717,706,1251.1758410930634
7.450294017791748,7.449029445648193,0.0012647599214687943,-2.556720495223999,0.28236865997314453,0.0126475989818573,0.9045340418815613,707,1252.94198179245
-6.568816184997559,-6.574536323547363,0.0057203276082873344,-1.8199514150619507,1.3482388257980347,0.057203274220228195,0.7385489344596863,708,1254.7517943382263
-2.865229845046997,-2.8671939373016357,0.001964183757081628,-2.027254104614258,0.2439447045326233,0.01964183710515499,0.9045339822769165,709,1256.5270822048187
-2.4073293209075928,-2.4080920219421387,0.0007626086589880288,0.5398542284965515,0.07675231993198395,0.007626086473464966,0.9045340418815613,710,1258.3310461044312
0.00016751885414123535,-0.0,0.00016751885414123535,0.0,0.0,0.0016751885414123535,0.0,711,1259.9403192996979
-9.979763984680176,-9.983072280883789,0.0033081502187997103,-1.6791753768920898,0.3597804307937622,0.033081501722335815,0.9045338034629822,712,1261.7853055000305
-3.5876145362854004,-3.590914487838745,0.0033000202383846045,0.841386616230011,0.08067305386066437,0.03300020098686218,0.7385489344596863,713,1263.6436796188354
-2.4063003063201904,-2.4067912101745605,0.0004909694544039667,-0.8328571319580078,1.230638027191162,0.004909694194793701,0.5222329497337341,714,1265.3327519893646
-4.735144138336182,-4.737544059753418,0.002399961231276393,0.10760194063186646,0.10936697572469711,0.023999612778425217,0.9045340418815613,715,1267.1418232917786
6.8281636238098145,6.82312536239624,0.005038241855800152,-1.5262254476547241,1.1293131113052368,0.05038241669535637,0.7385489344596863,716,1269.0547642707825
-0.15162086486816406,-0.15289306640625,0.0012721966486424208,-2.181978225708008,1.6187677383422852,0.01272196602076292,0.7385489344596863,717,1270.8332707881927
-1.2727218866348267,-1.2728831768035889,0.0001613467902643606,-2.3567779064178467,1.7554128170013428,0.0016134679317474365,0.7385489344596863,718,1272.610841035843
-0.8620308637619019,-0.8622652888298035,0.00023441911616828293,-1.3843111991882324,0.2002694457769394,0.002344191074371338,0.9045340418815613,719,1274.3807861804962
-1.2879071235656738,-1.2890561819076538,0.0011490992037579417,-0.10426356643438339,0.19219449162483215,0.011490991339087486,0.5222329497337341,720,1276.0694143772125
-4.167712211608887,-4.168141841888428,0.00042944951565004885,-2.3940658569335938,1.7720590829849243,0.004294495098292828,0.7385489344596863,721,1277.8134701251984
-2.822373390197754,-2.823500394821167,0.0011270701652392745,-2.3291823863983154,1.7218117713928223,0.011270701885223389,0.7385489344596863,722,1279.6316120624542
-1.3372862339019775,-1.3378334045410156,0.0005471180193126202,-2.5617332458496094,1.8930522203445435,0.005471180193126202,0.7385488748550415,723,1281.3376648426056
-2.3925654888153076,-2.3939731121063232,0.0014075379585847259,-2.0731663703918457,1.5313262939453125,0.014075378887355328,0.7385489344596863,724,1283.1408474445343
-7.536164283752441,-7.537295341491699,0.0011308997636660933,-1.6743555068969727,1.2404347658157349,0.011308997869491577,0.7385488748550415,725,1284.9030125141144
1.426804780960083,1.4254134893417358,0.0013913324801251292,-0.6407919526100159,0.9479708671569824,0.013913324102759361,0.5222329497337341,726,1286.6582217216492
0.010343311354517937,0.005961100570857525,0.0043822103179991245,0.3167843818664551,0.0975535586476326,0.04382210224866867,0.904534101486206,727,1288.409381866455
2.5661087036132812,2.5652804374694824,0.0008283317438326776,-1.9909015893936157,1.474222183227539,0.00828331708908081,0.7385489344596863,728,1290.2110641002655
14.224259376525879,14.221284866333008,0.0029743940103799105,-1.6338754892349243,1.2333885431289673,0.029743939638137817,0.738548994064331,729,1291.9698033332825
-5.139097213745117,-5.140777111053467,0.0016798228025436401,-1.0468254089355469,1.5492644309997559,0.0167982280254364,0.5222328901290894,730,1293.7194240093231
-2.180896043777466,-2.1828975677490234,0.002001408953219652,0.6850830912590027,0.08592895418405533,0.020014088600873947,0.904534101486206,731,1295.5790257453918
3.4491264820098877,3.4475693702697754,0.0015570631949231029,-0.915056049823761,0.1237533763051033,0.015570631250739098,0.9045339226722717,732,1297.263123035431
-3.270514965057373,-3.273801326751709,0.0032864443492144346,-2.250746726989746,1.6661062240600586,0.032864443957805634,0.7385489344596863,733,1299.1006553173065
-5.0606865882873535,-5.066062927246094,0.005376358982175589,-0.48530569672584534,0.1646093726158142,0.05376359075307846,0.9045340418815613,734,1300.8078236579895
-5.53926420211792,-5.5404791831970215,0.0012150555849075317,-2.7376773357391357,2.0274152755737305,0.012150555849075317,0.7385489344596863,735,1302.4915676116943
-4.487999439239502,-4.494219779968262,0.006220520939677954,-1.3992818593978882,0.12659715116024017,0.06220520660281181,0.904534101486206,736,1304.268931388855
-1.0566233396530151,-1.0596225261688232,0.002999147865921259,-2.3989017009735107,1.7889100313186646,0.029991477727890015,0.7385489344596863,737,1306.0069725513458
-6.45554256439209,-6.456049919128418,0.0005073031061328948,-1.9239212274551392,0.13254216313362122,0.005073030944913626,0.9045340418815613,738,1307.9171178340912
3.3234519958496094,3.322995662689209,0.00045630737440660596,-0.6838889122009277,1.0112451314926147,0.004563073627650738,0.5222329497337341,739,1309.6179020404816
-2.49786114692688,-2.5048980712890625,0.007036940660327673,-0.8527318835258484,1.2617840766906738,0.0703694075345993,0.5222329497337341,740,1311.3543241024017
-2.5872576236724854,-2.5885391235351562,0.0012814244255423546,-2.3992443084716797,1.800480604171753,0.012814244255423546,0.7385489344596863,741,1313.0947196483612
-4.033419609069824,-4.038459777832031,0.005039968993514776,-2.003692388534546,0.23234432935714722,0.05039969086647034,0.904534101486206,742,1314.9387691020966
-5.557097911834717,-5.56298828125,0.005890195723623037,-0.9957749843597412,1.4716275930404663,0.05890195816755295,0.5222330093383789,743,1316.8015489578247
-5.94075870513916,-5.941490173339844,0.0007316887495107949,-0.571575939655304,0.15808932483196259,0.007316887378692627,0.904534101486206,744,1318.568166255951
-4.63023042678833,-4.632399559020996,0.0021692654117941856,0.1888849288225174,0.29575473070144653,0.021692654117941856,0.9045339822769165,745,1320.3941645622253
-9.932559967041016,-9.934062004089355,0.0015016804682090878,-2.4918720722198486,0.1705092191696167,0.015016804449260235,0.9045339822769165,746,1322.146758556366
-1.6996639966964722,-1.702130675315857,0.0024667016696184874,-1.9903554916381836,1.4713306427001953,0.02466701529920101,0.7385489344596863,747,1324.070410490036
-0.9884758591651917,-0.9893163442611694,0.0008405109983868897,-2.5394537448883057,1.8762058019638062,0.008405109867453575,0.7385489344596863,748,1325.7049148082733
-3.5929577350616455,-3.594013214111328,0.0010555804474279284,-1.941027045249939,1.4415513277053833,0.010555803775787354,0.7385488748550415,749,1327.498292684555
-3.380971908569336,-3.383450984954834,0.002479059621691704,-1.8047065734863281,1.3371822834014893,0.024790596216917038,0.7385489344596863,750,1329.2936391830444
0.5615279674530029,0.5605252981185913,0.0010026752715930343,-2.2287919521331787,1.6490291357040405,0.010026752948760986,0.7385489344596863,751,1331.0746047496796
-2.0607247352600098,-2.062192440032959,0.0014676153659820557,-2.0953786373138428,1.5589245557785034,0.014676153659820557,0.7385488748550415,752,1332.8156032562256
-2.5988638401031494,-2.606722593307495,0.007858747616410255,-1.3517030477523804,0.09494484961032867,0.07858747243881226,0.9045340418815613,753,1334.7376072406769
-4.031302452087402,-4.033031463623047,0.0017291238764300942,-0.33515867590904236,0.176228865981102,0.0172912385314703,0.9045340418815613,754,1336.515918970108
-3.864147186279297,-3.8672308921813965,0.0030835908837616444,-0.145520880818367,0.21280035376548767,0.03083590790629387,0.9045339822769165,755,1338.3317642211914
-2.359609842300415,-2.361588954925537,0.0019791664090007544,-2.1444904804229736,1.5858440399169922,0.01979166269302368,0.7385488748550415,756,1340.0662305355072
1.3671064376831055,1.362419843673706,0.004686604253947735,-2.747328758239746,0.2129053771495819,0.0468660406768322,0.9045339822769165,757,1341.849865436554
0.5697097182273865,0.5595042109489441,0.010205503553152084,-0.902579128742218,1.3335034847259521,0.10205503553152084,0.5222330093383789,758,1343.6403119564056
-0.8962365388870239,-0.8982137441635132,0.001977204345166683,-0.41373908519744873,0.07871422916650772,0.019772043451666832,0.9045340418815613,759,1345.3500351905823
-4.74117374420166,-4.742985725402832,0.001811941503547132,-1.3565033674240112,0.20437148213386536,0.018119415268301964,0.9045340418815613,760,1347.2015480995178
-0.7771307229995728,-0.7774734497070312,0.00034274064819328487,-1.0504239797592163,1.551702857017517,0.003427406307309866,0.5222330093383789,761,1348.9402303695679
-2.557877779006958,-2.5582854747772217,0.00040762126445770264,-1.5384660959243774,1.1395885944366455,0.004076212644577026,0.7385489344596863,762,1350.628665447235
-8.945968627929688,-8.948465347290039,0.0024968248326331377,-1.0318926572799683,0.16827653348445892,0.02496824786067009,0.904534101486206,763,1352.3541612625122
-4.967494487762451,-4.9715728759765625,0.004078253637999296,-0.3222285509109497,0.12710385024547577,0.04078253358602524,0.9045340418815613,764,1354.23029088974
-12.360926628112793,-12.367513656616211,0.006586870644241571,0.16974025964736938,0.2541446089744568,0.06586870551109314,0.9045339822769165,765,1356.0988311767578
-5.9322381019592285,-5.933663845062256,0.0014255732530727983,-0.7780612111091614,0.1682598739862442,0.014255732297897339,0.9045339822769165,766,1357.7967562675476
-6.851609230041504,-6.852512359619141,0.0009031951776705682,-2.7228221893310547,2.043933868408203,0.009031951427459717,0.7385489344596863,767,1359.5367245674133
-2.8676130771636963,-2.868220090866089,0.0006070107338018715,-2.1831295490264893,0.22976957261562347,0.0060701072216033936,0.9045340418815613,768,1361.3240869045258
2.3553414344787598,2.3552701473236084,7.135172927519307e-05,-2.5941178798675537,1.9228841066360474,0.0007135173073038459,0.5222329497337341,769,1362.9196469783783
-1.2176618576049805,-1.218205213546753,0.0005433877813629806,-0.06453317403793335,0.2757166922092438,0.0054338774643838406,0.9045340418815613,770,1364.7139043807983
-3.4143736362457275,-3.414546489715576,0.0001729557989165187,-1.9849764108657837,1.4666472673416138,0.0017295579891651869,0.7385490536689758,771,1366.4354581832886
-4.208378314971924,-4.220922470092773,0.012544247321784496,-2.4019877910614014,1.7755341529846191,0.1254424750804901,0.7385488748550415,772,1368.1704683303833
7.756452396279201e-05,-0.0,7.756452396279201e-05,0.0,0.0,0.0007756451959721744,0.0,773,1369.8532388210297
-5.787914752960205,-5.791097164154053,0.003182523651048541,-1.8713430166244507,0.18171191215515137,0.0318252369761467,0.9045340418815613,774,1371.5841720104218
3.4620110988616943,3.460627317428589,0.0013838252052664757,0.016918009147047997,0.09075040370225906,0.013838252052664757,0.7385489344596863,775,1373.374106168747
-2.1385374069213867,-2.139709234237671,0.0011717400047928095,0.40985143184661865,0.1594287008047104,0.011717399582266808,0.738548994064331,776,1375.0672028064728
12.656111717224121,12.655288696289062,0.0008228888618759811,0.575707733631134,0.29845988750457764,0.008228888735175133,0.7385489344596863,777,1376.8210875988007
4.033005237579346,4.030379295349121,0.002626158995553851,-1.0171133279800415,0.14315544068813324,0.02626158855855465,0.9045339226722717,778,1378.588581085205
-1.473188877105713,-1.4745903015136719,0.0014013758627697825,-1.6610183715820312,1.2308744192123413,0.014013757929205894,0.7385489344596863,779,1380.2903292179108
-3.9666635990142822,-3.967834949493408,0.001171351526863873,-1.1727890968322754,1.7364286184310913,0.011713515035808086,0.5222329497337341,780,1382.0597925186157
-3.1478769779205322,-3.150869369506836,0.0029923797119408846,0.596019983291626,0.05981355533003807,0.02992379665374756,0.9045340418815613,781,1383.7984611988068
-0.9074361324310303,-0.907538115978241,0.0001019785922835581,-1.0285093784332275,1.5192917585372925,0.0010197858791798353,0.5222330093383789,782,1385.563705921173
-1.2010674476623535,-1.2032636404037476,0.002196145011112094,-1.5642198324203491,1.1744533777236938,0.021961450576782227,0.7385488748550415,783,1387.3295600414276
-2.6191790103912354,-2.626399517059326,0.007220511790364981,-1.2452696561813354,0.9231866002082825,0.07220511883497238,0.7385488748550415,784,1389.1057929992676
-3.6277458667755127,-3.6278998851776123,0.00015405715384986252,-2.837233304977417,2.1197030544281006,0.0015405714511871338,0.7385489344596863,785,1390.7765493392944
-9.217252731323242,-9.221808433532715,0.0045552910305559635,-0.9833105206489563,0.19684574007987976,0.04555290937423706,0.904534101486206,786,1392.6555247306824
-5.929108142852783,-5.929660320281982,0.0005520861013792455,-2.6628472805023193,1.9788110256195068,0.00552086066454649,0.7385489344596863,787,1394.4324448108673
1.8796017169952393,1.876548171043396,0.003053605556488037,-1.002608060836792,0.11167428642511368,0.03053605556488037,0.9045339822769165,788,1396.1452083587646
0.5524746179580688,0.5481745600700378,0.0043000727891922,-1.8922996520996094,1.3986846208572388,0.043000727891922,0.7385489344596863,789,1397.9360206127167
-7.206175327301025,-7.209099769592285,0.0029242157470434904,-0.4738825559616089,0.13784566521644592,0.02924215793609619,0.9045339822769165,790,1399.7069590091705
-1.8526562452316284,-1.8563182353973389,0.0036620490718632936,0.04712003096938133,0.07783231139183044,0.03662049025297165,0.9045340418815613,791,1401.4011931419373
0.12703436613082886,0.12336095422506332,0.0036734086461365223,0.07328514009714127,0.13212712109088898,0.03673408553004265,0.9045340418815613,792,1403.148808002472
-7.790077209472656,-7.792975902557373,0.0028986961115151644,0.03591098263859749,0.2830396890640259,0.028986960649490356,0.9045340418815613,793,1405.0114250183105
-2.936218500137329,-2.9406676292419434,0.004449052736163139,-2.5769643783569336,1.9054242372512817,0.04449052736163139,0.7385489344596863,794,1406.7135860919952
0.39708125591278076,0.3954760432243347,0.0016052228165790439,-2.426621675491333,0.38042157888412476,0.016052227467298508,0.9045340418815613,795,1408.436350107193
0.5745831727981567,0.5712547302246094,0.0033284705132246017,-0.24562294781208038,0.08181145042181015,0.03328470513224602,0.9045339822769165,796,1410.191176891327
-1.7207869291305542,-1.7251205444335938,0.004333582706749439,-2.6260337829589844,1.9466063976287842,0.04333582520484924,0.7385488748550415,797,1411.9356009960175
2.891000509262085,2.888455867767334,0.0025446307845413685,-2.9820749759674072,0.31923454999923706,0.02544630691409111,0.904534101486206,798,1413.6215560436249
-4.49381160736084,-4.5037031173706055,0.00989137776196003,0.10477939248085022,0.1887974739074707,0.09891377389431,0.9045339822769165,799,1415.3444464206696
4.213766574859619,4.212279319763184,0.001487469649873674,-1.544853687286377,0.2832493782043457,0.014874696731567383,0.9045338034629822,800,1417.120395898819
3.1828784942626953,3.1809680461883545,0.0019105554092675447,-2.2699642181396484,1.6772429943084717,0.01910555362701416,0.7385489344596863,801,1418.7957229614258
-3.2604358196258545,-3.2622783184051514,0.0018423926085233688,-0.7273240089416504,0.18503272533416748,0.01842392608523369,0.9045339822769165,802,1420.6001462936401
0.7770771980285645,0.7758541107177734,0.0012230953434482217,-2.033040761947632,1.5036256313323975,0.012230953201651573,0.7385489344596863,803,1422.2490797042847
-0.004785847384482622,-0.010168075561523438,0.005382228177040815,-0.878125011920929,1.2971793413162231,0.05382227897644043,0.5222330093383789,804,1423.9619283676147
0.1291930079460144,0.1267232894897461,0.002469721483066678,0.16457809507846832,0.2866005301475525,0.024697214365005493,0.9045339822769165,805,1425.6555528640747
-2.2266805171966553,-2.2307040691375732,0.004023578949272633,-0.1058698520064354,0.10122395306825638,0.04023578763008118,0.9045339226722717,806,1427.3981833457947
0.6519697308540344,0.6493886709213257,0.0025810799561440945,-0.7157692313194275,0.0947515144944191,0.02581079863011837,0.738548994064331,807,1429.1886994838715
-0.00789571925997734,-0.010223388671875,0.0023276698775589466,-1.1336027383804321,0.21937887370586395,0.02327669784426689,0.9045340418815613,808,1430.928784608841
-0.15967106819152832,-0.16020838916301727,0.0005373279564082623,-1.7909928560256958,1.3243346214294434,0.0053732795640826225,0.5222329497337341,809,1432.636165857315
-4.361308574676514,-4.364467620849609,0.0031591206789016724,0.11053074151277542,0.3375203311443329,0.031591206789016724,0.9045340418815613,810,1434.4211535453796
-3.14953351020813,-3.152080535888672,0.0025470764376223087,-1.5229727029800415,0.14613501727581024,0.025470763444900513,0.9045339822769165,811,1436.1896443367004
3.2810988426208496,3.280336380004883,0.0007625262369401753,-1.8365613222122192,0.2577601373195648,0.007625262252986431,0.7385489344596863,812,1437.8461265563965
-4.593689441680908,-4.596240520477295,0.0025512457359582186,-2.0241148471832275,0.10039422661066055,0.0255124568939209,0.9045339822769165,813,1439.5898246765137
7.91638708114624,7.909811019897461,0.006576021201908588,-0.8264062404632568,0.6274214386940002,0.06576021015644073,0.7385489344596863,814,1441.5037324428558
-1.392919659614563,-1.3974781036376953,0.004558442160487175,0.6756980419158936,0.12367310374975204,0.04558442160487175,0.7385489344596863,815,1443.2486555576324
-3.2361578941345215,-3.2399420738220215,0.0037841361481696367,0.7182217240333557,0.14128774404525757,0.03784136101603508,0.9045339822769165,816,1444.9903450012207
-0.32750338315963745,-0.32857513427734375,0.0010717421537265182,-2.3823587894439697,1.7692904472351074,0.010717421770095825,0.7385489344596863,817,1446.7059059143066
-0.6320688128471375,-0.641750693321228,0.009681882336735725,-2.1232926845550537,1.5684287548065186,0.09681881964206696,0.5222329497337341,818,1448.4674544334412
0.04871255159378052,0.0423126220703125,0.006399928126484156,0.839630126953125,0.23626750707626343,0.06399928033351898,0.9045339822769165,819,1450.1427059173584
-3.8921639919281006,-3.900559902191162,0.008395812474191189,-0.10996150970458984,0.08218090981245041,0.08395811915397644,0.9045340418815613,820,1451.9682359695435
-3.2471182346343994,-3.248382568359375,0.0012642741203308105,0.26558563113212585,0.19461679458618164,0.012642741203308105,0.7385489344596863,821,1453.6389241218567
3.4001693725585938,3.3947386741638184,0.005430768243968487,-2.5534284114837646,1.8886165618896484,0.05430768057703972,0.5222328901290894,822,1455.648598432541
-7.1146135330200195,-7.117501735687256,0.002888062736019492,0.39628663659095764,0.20588919520378113,0.02888062596321106,0.9045339822769165,823,1457.4286370277405
0.0943409726023674,0.08992894738912582,0.004412026610225439,-1.649619698524475,0.17543427646160126,0.04412026330828667,0.9045339822769165,824,1459.2878122329712
-10.317814826965332,-10.322192192077637,0.004377319943159819,-1.9905004501342773,0.2744636833667755,0.04377319663763046,0.9045339226722717,825,1461.0599246025085
-3.513707399368286,-3.524508237838745,0.010800820775330067,-0.7754985690116882,0.33246007561683655,0.10800820589065552,0.9045339822769165,826,1462.7417628765106
-11.049436569213867,-11.051034927368164,0.0015983015764504671,0.0682261660695076,0.26254987716674805,0.015983015298843384,0.7385488748550415,827,1464.4403800964355
0.8313521146774292,0.827673614025116,0.003678509732708335,-1.495909571647644,1.1067100763320923,0.03678509593009949,0.7385489344596863,828,1466.107867717743
2.9575695991516113,2.9547476768493652,0.0028219043742865324,0.5100818276405334,0.1395571380853653,0.02821904420852661,0.904534101486206,829,1467.8523993492126
-1.0139155387878418,-1.0162951946258545,0.0023797096218913794,-2.243884563446045,1.6578999757766724,0.02379709482192993,0.7385489344596863,830,1469.705246925354
2.1200828552246094,2.1163253784179688,0.0037574840243905783,-2.439467668533325,1.8107001781463623,0.03757483884692192,0.7385489344596863,831,1471.4500379562378
-12.2860746383667,-12.289546012878418,0.0034715395886451006,-2.6484127044677734,1.9669699668884277,0.03471539542078972,0.7385489344596863,832,1473.2340235710144
-3.27636981010437,-3.2774455547332764,0.0010757625568658113,-1.604568600654602,0.16659341752529144,0.010757625102996826,0.9045340418815613,833,1474.9631221294403
-1.976944923400879,-1.9798305034637451,0.002885538386180997,-2.310988187789917,1.7146852016448975,0.02885538339614868,0.7385488748550415,834,1476.7775332927704
-4.191379070281982,-4.194491863250732,0.0031126937828958035,0.56153804063797,0.19870199263095856,0.03112693689763546,0.9045339226722717,835,1478.5089750289917
-2.0117685794830322,-2.0150821208953857,0.0033136270940303802,-0.057050030678510666,0.06381071358919144,0.0331362709403038,0.9045340418815613,836,1480.4592428207397
-2.4683852195739746,-2.473784923553467,0.005399813409894705,0.04371066018939018,0.22173675894737244,0.05399813503026962,0.9045340418815613,837,1482.1973531246185
-1.8652950525283813,-1.8664087057113647,0.0011135946260765195,-0.6497642397880554,0.06485467404127121,0.011135946027934551,0.9045340418815613,838,1483.9116082191467
-10.438387870788574,-10.440584182739258,0.002196375746279955,-1.9717704057693481,1.4675366878509521,0.021963756531476974,0.7385488748550415,839,1485.8084514141083
0.5937381982803345,0.5903257131576538,0.0034124755766242743,-2.6323933601379395,1.958187460899353,0.03412475436925888,0.7385489344596863,840,1487.5683016777039
-2.4038314819335938,-2.4065985679626465,0.0027672003488987684,-0.0318375788629055,0.09256881475448608,0.02767200395464897,0.9045340418815613,841,1489.3261895179749
-11.338891983032227,-11.339916229248047,0.0010242413263767958,-2.702824831008911,2.026806592941284,0.01024241279810667,0.7385489344596863,842,1491.1266117095947
-1.7213696241378784,-1.7231559753417969,0.0017863583052530885,-2.081904649734497,1.5383005142211914,0.01786358281970024,0.7385489344596863,843,1492.7589876651764
-6.0179362297058105,-6.0242156982421875,0.006279652006924152,-1.4331111907958984,0.2587428689002991,0.06279651820659637,0.9045339226722717,844,1494.584725856781
-15.06611156463623,-15.074213027954102,0.008101063780486584,-1.2695749998092651,0.9616541862487793,0.08101063966751099,0.7385489344596863,845,1496.4815883636475
-0.5859131217002869,-0.5915171504020691,0.005604037549346685,-2.346346139907837,1.7333489656448364,0.05604037642478943,0.7385488152503967,846,1498.278223991394
-1.2558929920196533,-1.2574081420898438,0.0015151769621297717,-1.7175911664962769,1.2734322547912598,0.015151768922805786,0.7385489344596863,847,1499.938981294632
4.118740081787109,4.117909908294678,0.0008300602785311639,-2.3331708908081055,1.7301194667816162,0.008300602436065674,0.7385489344596863,848,1501.6561486721039
-10.41016960144043,-10.412166595458984,0.0019969225395470858,-2.911039113998413,0.33313316106796265,0.01996922492980957,0.9045339822769165,849,1503.399798154831
4.033097743988037,4.019639492034912,0.013458065688610077,-1.6661162376403809,1.2344521284103394,0.13458065688610077,0.7385489344596863,850,1505.1078951358795
-1.7794681787490845,-1.7801425457000732,0.0006743203266523778,0.708334743976593,0.1579298973083496,0.006743202917277813,0.904534101486206,851,1506.8892018795013
-0.869556725025177,-0.8783925771713257,0.008835851214826107,-0.2568713426589966,0.38537901639938354,0.08835850656032562,0.5222329497337341,852,1508.6141214370728
5.014968395233154,5.01158332824707,0.0033849519677460194,0.9051055908203125,0.11025001108646393,0.03384951874613762,0.9045339822769165,853,1510.3166508674622
-0.6867484450340271,-0.6877059936523438,0.0009575724834576249,-2.3640809059143066,1.7482577562332153,0.009575724601745605,0.7385488748550415,854,1512.0531203746796
-0.739849865436554,-0.7440433502197266,0.004193475004285574,-1.2005773782730103,0.8900740742683411,0.041934750974178314,0.738548994064331,855,1513.7506461143494
5.619185447692871,5.617242336273193,0.0019432426197454333,-2.2362024784088135,1.6570439338684082,0.019432425498962402,0.7385489344596863,856,1515.4559397697449
-8.137701988220215,-8.139242172241211,0.0015401940327137709,-2.3583972454071045,1.7470371723175049,0.015401939861476421,0.7385489344596863,857,1517.1861481666565
-6.323298454284668,-6.325351238250732,0.0020526479929685593,0.44493868947029114,0.09043966233730316,0.020526479929685593,0.7385489344596863,858,1518.9445247650146
0.36274614930152893,0.360454261302948,0.0022918940521776676,-0.8155388832092285,1.205042839050293,0.0229189395904541,0.5222330093383789,859,1520.5892786979675
2.7707629203796387,2.756145477294922,0.014617557637393475,-0.41861164569854736,0.10314291715621948,0.1461755782365799,0.7385489344596863,860,1522.3717288970947
-3.2260653972625732,-3.2270255088806152,0.0009600818157196045,-2.595973014831543,1.9192936420440674,0.009600818157196045,0.7385489344596863,861,1524.026537656784
1.4194104671478271,1.4086589813232422,0.0107514513656497,-2.033125638961792,1.504620909690857,0.10751451551914215,0.7385489344596863,862,1525.7720024585724
-0.47996801137924194,-0.48243826627731323,0.0024702472146600485,-2.225876808166504,1.657341480255127,0.024702470749616623,0.738548994064331,863,1527.6406474113464
0.6158396005630493,0.6124563217163086,0.003383269999176264,-0.9713687896728516,1.436087965965271,0.033832699060440063,0.5222330093383789,864,1529.4508686065674
-0.3347531855106354,-0.33603668212890625,0.0012834847439080477,-0.1309523731470108,0.21595311164855957,0.01283484697341919,0.5222330093383789,865,1531.2437238693237
0.6176156997680664,0.6164566874504089,0.0011589954374358058,-2.789560556411743,0.26554590463638306,0.011589954607188702,0.7385489344596863,866,1533.0802340507507
-7.51068115234375,-7.514772415161133,0.004091235343366861,0.039897337555885315,0.12411919236183167,0.04091235250234604,0.9045340418815613,867,1534.947113275528
1.9256469011306763,1.9229869842529297,0.002659922931343317,0.9404364228248596,0.020726662129163742,0.026599228382110596,0.9045340418815613,868,1536.8853063583374
-0.20590835809707642,-0.2088165283203125,0.002908172318711877,0.3510228097438812,0.06270887702703476,0.02908172272145748,0.7385489344596863,869,1538.6305208206177
5.9200825691223145,5.918567657470703,0.0015147696249186993,-1.0083712339401245,0.7602584362030029,0.015147696249186993,0.738548994064331,870,1540.3720231056213
0.00018639069458004087,-0.0,0.00018639069458004087,0.0,0.0,0.0018639068584889174,0.0,871,1542.0475902557373
2.3105032444000244,2.3081607818603516,0.0023425263352692127,-1.763458251953125,1.3040745258331299,0.023425262421369553,0.7385489344596863,872,1543.791142463684
-7.958472728729248,-7.960046768188477,0.001573969959281385,-3.3584611415863037,0.2396319955587387,0.015739699825644493,0.9045338034629822,873,1545.508071422577
-0.3634689748287201,-0.36449116468429565,0.0010221948614344,-2.611002206802368,1.9346853494644165,0.010221948847174644,0.5222329497337341,874,1547.2181839942932
-3.4458954334259033,-3.455073118209839,0.009177732281386852,-0.2959531843662262,0.2479572594165802,0.09177732467651367,0.9045340418815613,875,1548.9356954097748
-3.301178216934204,-3.304429531097412,0.003251346992328763,-1.932332158088684,1.4280377626419067,0.03251346945762634,0.7385489344596863,876,1550.6731798648834
0.20016908645629883,0.19861285388469696,0.0015562375774607062,-0.7418038249015808,0.16142496466636658,0.015562376007437706,0.9045340418815613,877,1552.4437763690948
-4.680848121643066,-4.684917449951172,0.004069264978170395,-1.1328675746917725,0.2823679447174072,0.04069264978170395,0.9045340418815613,878,1554.2884058952332
0.6271255612373352,0.6207994222640991,0.0063261534087359905,-0.20650716125965118,0.06216388940811157,0.06326153129339218,0.9045340418815613,879,1556.0202343463898
0.06079776585102081,0.06043783947825432,0.0003599246556404978,-2.5779080390930176,1.9108448028564453,0.003599246498197317,0.5222330093383789,880,1557.698912858963
-1.264070987701416,-1.2647085189819336,0.0006375153898261487,-0.18671496212482452,0.0699600949883461,0.006375154014676809,0.9045340418815613,881,1559.471748828888
7.3201799392700195,7.319371223449707,0.0008085588924586773,-1.8941479921340942,1.4197797775268555,0.008085588924586773,0.7385489344596863,882,1561.1360802650452
0.8615149259567261,0.8590711355209351,0.0024437636602669954,-1.1132558584213257,0.12924426794052124,0.024437636137008667,0.904534101486206,883,1562.8330686092377
-4.247932434082031,-4.252597332000732,0.004664689302444458,-0.07800155878067017,0.20636501908302307,0.04664689302444458,0.9045339822769165,884,1564.5820803642273
6.376267433166504,6.371214866638184,0.00505262752994895,-0.6619979739189148,0.10193762928247452,0.050526272505521774,0.904534101486206,885,1566.3037993907928
-3.043949604034424,-3.0487477779388428,0.004798273555934429,-1.9340194463729858,1.4327327013015747,0.04798273369669914,0.738548994064331,886,1568.0367279052734
-2.3799068927764893,-2.3819808959960938,0.002073918003588915,-1.561011791229248,1.1566064357757568,0.020739179104566574,0.7385489344596863,887,1569.7287049293518
1.4172863960266113,1.415223479270935,0.0020629377104341984,0.034922581166028976,0.09646154940128326,0.02062937617301941,0.9045340418815613,888,1571.5491826534271
-3.9710021018981934,-3.9733200073242188,0.0023179154377430677,-0.880075216293335,1.3006891012191772,0.023179154843091965,0.5222329497337341,889,1573.4141561985016
-2.0478687286376953,-2.053663969039917,0.00579518498852849,-0.2419266551733017,0.077857606112957,0.057951848953962326,0.9045340418815613,890,1575.1334476470947
-0.4234369695186615,-0.4270312190055847,0.0035942636895924807,-2.2894809246063232,1.6921576261520386,0.03594263643026352,0.7385489344596863,891,1577.0894553661346
-0.6380372047424316,-0.6385473012924194,0.0005100896232761443,-2.3606836795806885,1.7453166246414185,0.005100896116346121,0.7385488748550415,892,1578.8127691745758
-5.190187931060791,-5.19160795211792,0.0014200806617736816,-1.7305961847305298,0.20106591284275055,0.014200806617736816,0.9045340418815613,893,1580.6116573810577
-3.3456199169158936,-3.349642515182495,0.004022656008601189,-1.267209529876709,0.11636605113744736,0.04022656008601189,0.9045340418815613,894,1582.3506259918213
-3.9200503826141357,-3.9208266735076904,0.0007763972389511764,-0.1589006632566452,0.18740293383598328,0.007763972040265799,0.9045339226722717,895,1584.1203792095184
-5.421187400817871,-5.423236846923828,0.0020495306234806776,-0.14986111223697662,0.252481073141098,0.020495306700468063,0.9045340418815613,896,1585.8289411067963
-0.16836079955101013,-0.16909217834472656,0.0007313828100450337,-1.318838357925415,1.95339035987854,0.007313827984035015,0.5222329497337341,897,1587.5056674480438
-8.500919342041016,-8.508552551269531,0.007633637636899948,0.5861033201217651,0.27760371565818787,0.07633637636899948,0.9045339822769165,898,1589.246633529663
-0.24355991184711456,-0.24452845752239227,0.000968551670666784,-1.257228970527649,0.12090718746185303,0.009685516357421875,0.9045339822769165,899,1591.0469403266907
-2.4403467178344727,-2.447382688522339,0.007035981398075819,-1.667280673980713,1.236573576927185,0.07035981118679047,0.7385489344596863,900,1592.845587015152
-3.139803647994995,-3.148040771484375,0.008237048052251339,-1.8878350257873535,0.13605181872844696,0.08237047493457794,0.7385488748550415,901,1594.6872522830963
-6.440608978271484,-6.449947357177734,0.009338262490928173,-2.2464921474456787,1.667258858680725,0.09338261932134628,0.738548994064331,902,1596.5264859199524
-0.5053949952125549,-0.5092977285385132,0.0039027405437082052,-1.9885673522949219,1.4710081815719604,0.03902740404009819,0.7385489344596863,903,1598.2395899295807
-2.477938175201416,-2.4871459007263184,0.009207713417708874,-1.339393973350525,1.982079029083252,0.09207713603973389,0.5222328901290894,904,1599.8499660491943
5.75808572769165,5.756223678588867,0.0018622697098180652,-0.6432754397392273,0.12349265813827515,0.01862269639968872,0.904534101486206,905,1601.6563892364502
-5.558829307556152,-5.5653533935546875,0.006523934192955494,-2.5557687282562256,0.30341601371765137,0.06523934006690979,0.738548994064331,906,1603.4796130657196
-1.3743075132369995,-1.3820909261703491,0.007783457171171904,-2.1616098880767822,1.5972537994384766,0.07783456891775131,0.7385489344596863,907,1605.2740738391876
-0.6152422428131104,-0.6167075037956238,0.001465278910472989,-2.1536850929260254,1.5935856103897095,0.014652788639068604,0.7385489344596863,908,1607.0224080085754
-0.7353073358535767,-0.7390772700309753,0.003769931150600314,-2.3599071502685547,1.7466269731521606,0.03769931197166443,0.7385488748550415,909,1608.9788060188293
-10.795147895812988,-10.796566009521484,0.0014181326841935515,-2.1690773963928223,1.6211252212524414,0.014181326143443584,0.5222330689430237,910,1610.7491791248322
0.09975926578044891,0.0992533415555954,0.000505921256262809,-0.3628861606121063,0.10645785927772522,0.0050592124462127686,0.9045339226722717,911,1612.4557785987854
-0.4848690629005432,-0.4888153076171875,0.003946229815483093,-0.18851058185100555,0.1284639686346054,0.03946229815483093,0.9045340418815613,912,1614.1743688583374
-0.5166940093040466,-0.5200920104980469,0.003398007247596979,-0.20198404788970947,0.07597416639328003,0.03398007154464722,0.9045340418815613,913,1615.9231822490692
-3.204833745956421,-3.210275411605835,0.005441759247332811,-1.353192925453186,1.000255823135376,0.05441759154200554,0.7385489344596863,914,1617.6864252090454
-5.721789836883545,-5.725241661071777,0.0034519426990300417,-0.30047234892845154,0.0984610840678215,0.03451942652463913,0.9045340418815613,915,1619.4599194526672
-0.28497588634490967,-0.28953489661216736,0.004559015389531851,-1.372209906578064,0.11902341991662979,0.04559015482664108,0.9045339226722717,916,1621.2738854885101
-3.973423480987549,-3.9800472259521484,0.006623791065067053,-1.937985897064209,1.439679741859436,0.0662379115819931,0.7385489344596863,917,1623.036294221878
-0.43982627987861633,-0.44273442029953003,0.002908136462792754,-1.279575228691101,1.890405297279358,0.02908136509358883,0.5222329497337341,918,1624.6631627082825
-4.518301963806152,-4.525522232055664,0.007220431696623564,-2.661203622817993,1.9773437976837158,0.07220431417226791,0.7385489344596863,919,1626.4458453655243
-1.2933286428451538,-1.2977015972137451,0.004372961353510618,-0.8618008494377136,1.2730060815811157,0.04372961446642876,0.5222329497337341,920,1628.1901519298553
-2.6090714931488037,-2.614499568939209,0.005428092088550329,-0.9054090976715088,1.3379572629928589,0.05428091809153557,0.5222329497337341,921,1629.9010210037231
-5.309810161590576,-5.311002254486084,0.0011920880060642958,-3.2696237564086914,0.32740822434425354,0.01192087959498167,0.5222329497337341,922,1631.8683829307556
-4.477270126342773,-4.478536128997803,0.00126620230730623,0.7691206336021423,0.08231104910373688,0.012662023305892944,0.9045340418815613,923,1633.6613051891327
0.1949583888053894,0.1913503110408783,0.003608081955462694,-2.1982858180999756,1.6259522438049316,0.03608081862330437,0.7385489344596863,924,1635.3807837963104
-3.153637647628784,-3.157404661178589,0.003767114831134677,0.44095537066459656,0.09393955767154694,0.03767114877700806,0.904534101486206,925,1637.067813873291
-0.3590022921562195,-0.35942649841308594,0.0004242032882757485,-0.9957575798034668,1.4726442098617554,0.004242032766342163,0.5222330093383789,926,1638.7674815654755
-0.3174068033695221,-0.32037925720214844,0.002972461050376296,-0.2894148826599121,0.3805004060268402,0.0297246091067791,0.7385488748550415,927,1640.4213049411774
1.4034994840621948,1.3986892700195312,0.004810241051018238,-0.89606112241745,0.18707191944122314,0.04810240864753723,0.9045340418815613,928,1642.2714414596558
-1.5810151100158691,-1.5839946269989014,0.0029795437585562468,-1.1702243089675903,0.12202021479606628,0.029795438051223755,0.9045339226722717,929,1644.0596244335175
1.639093279838562,1.6374143362045288,0.0016789705259725451,-2.0681912899017334,1.5598890781402588,0.01678970456123352,0.7385488152503967,930,1645.9363062381744
-3.8009891510009766,-3.8021342754364014,0.0011451046448200941,-1.8691896200180054,1.3828462362289429,0.011451045982539654,0.7385489344596863,931,1647.6465046405792
-1.9225187301635742,-1.9245599508285522,0.0020412346348166466,-2.340672731399536,1.7373591661453247,0.020412346348166466,0.7385489344596863,932,1649.432546377182
2.1629395484924316,2.1621692180633545,0.0007703910814598203,0.03166833519935608,0.10514101386070251,0.007703910581767559,0.9045340418815613,933,1651.2226512432098
0.1315450519323349,0.12951406836509705,0.0020309805404394865,-2.56166672706604,1.8934686183929443,0.020309805870056152,0.738548994064331,934,1652.9434139728546
-1.499055027961731,-1.5005416870117188,0.0014866511337459087,-3.1373560428619385,0.22933781147003174,0.014866511337459087,0.738548994064331,935,1654.599885225296
-7.022442817687988,-7.0266547203063965,0.0042117321863770485,-0.3063977062702179,0.20820418000221252,0.042117320001125336,0.9045340418815613,936,1656.4955196380615
-2.9036033153533936,-2.904019832611084,0.00041644973680377007,-2.6413824558258057,1.9631339311599731,0.004164497368037701,0.7385489344596863,937,1658.2655742168427
-13.820588111877441,-13.829864501953125,0.009276044555008411,0.6635338664054871,0.26482969522476196,0.09276044368743896,0.904534101486206,938,1660.061089515686
-2.3282268047332764,-2.3392786979675293,0.011051817797124386,0.28636106848716736,0.22175154089927673,0.11051817238330841,0.9045339226722717,939,1661.7535769939423
0.7079261541366577,0.7059574127197266,0.0019687474705278873,-0.4211254417896271,0.22657600045204163,0.0196874737739563,0.9045339822769165,940,1663.4659132957458
-9.01407241821289,-9.02025318145752,0.006180786993354559,-1.1129671335220337,0.27028658986091614,0.061807870864868164,0.9045339822769165,941,1665.2138268947601
-0.7041187286376953,-0.7081693410873413,0.004050599876791239,0.1321878880262375,0.16178275644779205,0.04050599783658981,0.7385489344596863,942,1666.9386904239655
-1.82472825050354,-1.8265438079833984,0.001815539668314159,0.7911385893821716,0.15119235217571259,0.018155395984649658,0.7385488152503967,943,1668.7514791488647
-2.5115299224853516,-2.514434337615967,0.0029044717084616423,-2.625396490097046,1.9421327114105225,0.02904471755027771,0.7385489344596863,944,1670.5934526920319
3.6834523677825928,3.6814208030700684,0.0020315598230808973,-1.1732667684555054,0.33973345160484314,0.02031559869647026,0.904534101486206,945,1672.4404129981995
4.628708362579346,4.623093605041504,0.005614893976598978,0.17709070444107056,0.03743679076433182,0.056148938834667206,0.9045339822769165,946,1674.1723535060883
-1.2365257740020752,-1.2375991344451904,0.0010733535746112466,-1.1611438989639282,1.7154693603515625,0.010733535513281822,0.5222330093383789,947,1675.872929096222
1.6522296667099,1.645551085472107,0.006678553763777018,-1.6138042211532593,0.25615349411964417,0.0667855367064476,0.9045340418815613,948,1677.6529359817505
-6.9263529777526855,-6.943850517272949,0.017497776076197624,-2.5980072021484375,1.9291011095046997,0.17497774958610535,0.7385488748550415,949,1679.2992706298828
-1.7263938188552856,-1.7325248718261719,0.006131104659289122,-2.0003788471221924,0.12878310680389404,0.06131104752421379,0.9045340418815613,950,1681.054748058319
0.7826887369155884,0.7779998779296875,0.004688860382884741,0.872414767742157,0.08236031979322433,0.046888601034879684,0.9045340418815613,951,1682.896071434021
-1.3325408697128296,-1.3351911306381226,0.002650313777849078,-0.22937293350696564,0.23009911179542542,0.02650313638150692,0.9045338034629822,952,1684.5856597423553
-5.558991432189941,-5.559760093688965,0.0007688850164413452,-2.636507987976074,1.9652016162872314,0.007688850164413452,0.7385489344596863,953,1686.2633409500122
-9.5161771774292,-9.522887229919434,0.006709628738462925,-2.363145112991333,0.34246936440467834,0.0670962855219841,0.9045340418815613,954,1688.1640911102295
3.4442946910858154,3.442782163619995,0.0015125841600820422,-1.733984351158142,1.2883626222610474,0.015125840902328491,0.7385489344596863,955,1689.9332835674286
3.4132707118988037,3.4109504222869873,0.0023202698212116957,-0.1557718962430954,0.21967802941799164,0.023202698677778244,0.9045340418815613,956,1691.7485058307648
1.0435764789581299,1.0433375835418701,0.000238858672673814,-2.3301665782928467,1.7553458213806152,0.0023885867558419704,0.7385489344596863,957,1693.421639919281
2.26480770111084,2.2581851482391357,0.0066225542686879635,-1.7996631860733032,1.3299254179000854,0.06622554361820221,0.7385489344596863,958,1695.0999686717987
-2.194265604019165,-2.1965911388397217,0.0023255031555891037,-1.501410961151123,1.1101983785629272,0.023255031555891037,0.7385489344596863,959,1696.903904914856
1.168623685836792,1.1670653820037842,0.0015583614585921168,-2.1894736289978027,1.6177831888198853,0.015583614818751812,0.7385489344596863,960,1698.6574864387512
5.784281253814697,5.781298637390137,0.002982816193252802,-1.5778931379318237,1.1678192615509033,0.029828161001205444,0.7385489344596863,961,1700.3433020114899
-3.409756898880005,-3.4121196269989014,0.002362695289775729,-1.936262607574463,1.4308980703353882,0.02362695336341858,0.7385489344596863,962,1702.1167845726013
-2.8377480506896973,-2.8415706157684326,0.003822576953098178,-1.7936457395553589,1.3362209796905518,0.038225769996643066,0.7385489344596863,963,1703.8648102283478
-4.518836975097656,-4.524131774902344,0.005294882692396641,-2.4228291511535645,0.21146734058856964,0.05294882506132126,0.9045339822769165,964,1705.6029851436615
1.916839838027954,1.9056880474090576,0.011151793412864208,-0.9701077938079834,1.4335702657699585,0.11151793599128723,0.5222329497337341,965,1707.3181762695312
-3.7015647888183594,-3.720310926437378,0.018746182322502136,-1.06216299533844,0.19307014346122742,0.18746182322502136,0.9045340418815613,966,1709.2875890731812
-6.374632358551025,-6.377737998962402,0.003105871146544814,-1.124497652053833,0.22289639711380005,0.03105871006846428,0.9045339822769165,967,1711.0275480747223
-1.537621259689331,-1.5414708852767944,0.003849651664495468,-2.66462779045105,1.9768462181091309,0.03849651664495468,0.7385489344596863,968,1712.8577454090118
2.3545241355895996,2.351698637008667,0.002825486706569791,-1.9913262128829956,0.16669626533985138,0.02825486660003662,0.9045339226722717,969,1714.6502749919891
2.121997117996216,2.1212077140808105,0.0007894188165664673,-2.1813063621520996,1.6150591373443604,0.007894188165664673,0.738548994064331,970,1716.3828101158142
-4.476695537567139,-4.498738765716553,0.022043099626898766,-3.108888864517212,0.1792927235364914,0.22043099999427795,0.9045340418815613,971,1718.1604404449463
-4.677196502685547,-4.679193019866943,0.0019965022802352905,-2.4690639972686768,0.22488223016262054,0.019965022802352905,0.9045340418815613,972,1719.8525104522705
-4.672177314758301,-4.676518440246582,0.0043410928919911385,-1.8580149412155151,1.3856055736541748,0.043410927057266235,0.7385488748550415,973,1721.750779390335
-0.14994867146015167,-0.15287908911705017,0.0029304176568984985,-0.4296376407146454,0.111786387860775,0.029304176568984985,0.904534101486206,974,1723.503368139267
-1.5177233219146729,-1.5198739767074585,0.0021506219636648893,-2.542663097381592,1.8786580562591553,0.02150622010231018,0.7385489344596863,975,1725.217621564865
-0.3781503736972809,-0.38372230529785156,0.005571937654167414,0.9269194602966309,0.061282623559236526,0.05571937561035156,0.7385489344596863,976,1727.047517299652
-8.046490669250488,-8.053977966308594,0.007487291004508734,-0.7361896634101868,0.27056723833084106,0.07487291097640991,0.9045339226722717,977,1728.932924747467
-0.5783266425132751,-0.5841764211654663,0.005849752109497786,-1.2895833253860474,1.90887451171875,0.05849751830101013,0.5222330689430237,978,1730.638380765915
0.06276455521583557,0.0581817626953125,0.0045827897265553474,-1.2535842657089233,1.8517006635665894,0.045827895402908325,0.5222330093383789,979,1732.4001109600067
0.6754224300384521,0.6726716756820679,0.002750731771811843,0.49500468373298645,0.16240280866622925,0.027507316321134567,0.9045339822769165,980,1734.1215171813965
4.368094444274902,4.362849235534668,0.005245074164122343,0.26938846707344055,0.22988058626651764,0.05245073884725571,0.9045340418815613,981,1736.029361963272
-5.576623916625977,-5.578891754150391,0.0022679597605019808,-2.3772270679473877,0.29264798760414124,0.02267959713935852,0.9045339226722717,982,1737.8385393619537
-0.8104496002197266,-0.8150037527084351,0.0045541576109826565,-2.7656564712524414,2.0793075561523438,0.04554157704114914,0.7385489344596863,983,1739.493400335312
-0.42031732201576233,-0.42937469482421875,0.009057383053004742,-3.091855764389038,0.32907289266586304,0.09057383239269257,0.9045339822769165,984,1741.295639038086
-5.699865341186523,-5.706456184387207,0.006590736098587513,-2.395601749420166,1.7721590995788574,0.06590735912322998,0.7385489344596863,985,1743.3448209762573
-2.1829633712768555,-2.1874594688415527,0.00449603796005249,-1.0688098669052124,0.8127139806747437,0.0449603796005249,0.7385489344596863,986,1745.157455921173
-1.9668246507644653,-1.9705963134765625,0.003771720454096794,-2.066530704498291,1.5387935638427734,0.03771720454096794,0.7385489344596863,987,1746.9086713790894
1.123183250427246,1.1197713613510132,0.0034118734765797853,-0.3129357397556305,0.14223071932792664,0.034118734300136566,0.9045340418815613,988,1748.6893875598907
-2.706158399581909,-2.7122268676757812,0.006068351212888956,-2.2046420574188232,1.6304234266281128,0.060683511197566986,0.7385488748550415,989,1750.4736413955688
3.1896305084228516,3.184051513671875,0.005578990094363689,-1.0946084260940552,0.1404736191034317,0.055789899080991745,0.9045340418815613,990,1752.3939878940582
0.5860605835914612,0.5845260620117188,0.0015345494030043483,-1.1584525108337402,0.22511692345142365,0.015345494262874126,0.904534101486206,991,1754.1341602802277
-6.828875541687012,-6.832692623138428,0.0038168521132320166,-0.8947365880012512,0.14648088812828064,0.038168519735336304,0.9045340418815613,992,1756.0816805362701
-0.8222375512123108,-0.83941650390625,0.0171789713203907,-0.1846969574689865,0.16466176509857178,0.17178970575332642,0.9045339822769165,993,1757.7388725280762
1.0674359798431396,1.064027190208435,0.003408754011616111,-1.7532037496566772,0.2453577071428299,0.034087538719177246,0.9045340418815613,994,1759.6226251125336
0.9094303846359253,0.9074427485466003,0.001987642142921686,-0.7247459292411804,0.09584865719079971,0.019876420497894287,0.9045340418815613,995,1761.3467116355896
2.728961229324341,2.7124648094177246,0.016496405005455017,-1.7045717239379883,1.2670892477035522,0.16496405005455017,0.7385488748550415,996,1763.0516192913055
-5.8218674659729,-5.8231353759765625,0.0012680322397500277,-0.24366392195224762,0.16817782819271088,0.01268032193183899,0.9045340418815613,997,1764.8346605300903
-1.2683608531951904,-1.2712764739990234,0.0029156298842281103,-2.028068780899048,0.18322737514972687,0.02915629744529724,0.9045339822769165,998,1766.5291728973389
-0.9883916974067688,-0.9914385676383972,0.0030468564946204424,-2.6188604831695557,1.9398601055145264,0.030468564480543137,0.7385489344596863,999,1768.2258014678955
7.125675678253174,7.120580196380615,0.005095505155622959,-2.2500011920928955,1.6783019304275513,0.05095504969358444,0.7385488748550415,1000,1769.9680886268616
-10.827629089355469,-10.832090377807617,0.004461543168872595,-0.8975028395652771,0.20587791502475739,0.044615428894758224,0.9045339822769165,1001,1772.5416140556335
-2.7218024730682373,-2.7287166118621826,0.006914065685123205,-2.5239198207855225,1.864150047302246,0.06914065778255463,0.7385489344596863,1002,1774.2708406448364
0.48512786626815796,0.4826323390007019,0.0024955333210527897,-1.0151493549346924,1.4996066093444824,0.024955332279205322,0.5222328901290894,1003,1776.0146553516388
-3.5788185596466064,-3.5868453979492188,0.008026841096580029,-2.6943652629852295,2.0011541843414307,0.08026840537786484,0.7385489344596863,1004,1777.745801448822
-1.6765742301940918,-1.6852748394012451,0.008700554259121418,-1.2346738576889038,0.13813188672065735,0.08700554072856903,0.904534101486206,1005,1779.5210630893707
-1.4134259223937988,-1.4211852550506592,0.0077592842280864716,-0.040228236466646194,0.0955379530787468,0.07759284228086472,0.9045340418815613,1006,1781.287409543991
1.2475244998931885,1.2384262084960938,0.009098305366933346,-1.609617829322815,1.1895407438278198,0.09098304808139801,0.7385489344596863,1007,1783.071849346161
-0.43423712253570557,-0.4418830871582031,0.0076459781266748905,-1.9632810354232788,0.2443065494298935,0.07645978033542633,0.7385488748550415,1008,1784.7625012397766
-9.821893692016602,-9.82483959197998,0.002945792628452182,-2.6459100246429443,1.961430311203003,0.029457926750183105,0.7385489344596863,1009,1786.5285034179688
-5.594991683959961,-5.598233222961426,0.003241386264562607,-0.06162744760513306,0.0725073590874672,0.03241386264562607,0.9045340418815613,1010,1788.33868932724
0.30893179774284363,0.3076019287109375,0.0013298611156642437,-2.6312499046325684,1.961693525314331,0.013298611156642437,0.7385489344596863,1011,1790.073489665985
-9.245278358459473,-9.252191543579102,0.006912982556968927,-1.3652830123901367,0.27493539452552795,0.0691298246383667,0.9045339822769165,1012,1791.874923467636
-0.7908697724342346,-0.8007456660270691,0.009875892661511898,-1.6653279066085815,0.19945067167282104,0.09875892847776413,0.9045340418815613,1013,1793.6222140789032
-3.194056987762451,-3.196450710296631,0.0023937723599374294,-1.672423005104065,1.2431871891021729,0.02393772266805172,0.7385488748550415,1014,1795.3387985229492
2.7758679389953613,2.773702621459961,0.0021653086878359318,0.4724784791469574,0.3415459990501404,0.021653085947036743,0.9045339822769165,1015,1797.1829528808594
-4.2747483253479,-4.2753705978393555,0.0006222357624210417,0.62737637758255,0.2018413096666336,0.0062223575077950954,0.9045339226722717,1016,1798.862210035324
1.7253223657608032,1.7250261306762695,0.0002962221915367991,-2.555488348007202,1.8912420272827148,0.00296222185716033,0.7385489344596863,1017,1800.4942462444305
-6.151888370513916,-6.156571388244629,0.0046828193590044975,-1.656619668006897,0.13352681696414948,0.046828191727399826,0.9045339822769165,1018,1802.2043743133545
0.86166912317276,0.8603960871696472,0.001273019122891128,-1.8074723482131958,1.3363919258117676,0.012730191461741924,0.5222330689430237,1019,1804.0580401420593
-5.331662654876709,-5.333534240722656,0.0018713971367105842,-1.2765027284622192,1.8873473405838013,0.018713971599936485,0.5222330689430237,1020,1805.754320859909
-1.7132606506347656,-1.721153974533081,0.007893347181379795,-2.0950560569763184,1.5484305620193481,0.0789334699511528,0.738548994064331,1021,1807.460057258606
-3.5508463382720947,-3.564237117767334,0.013390687294304371,-2.5649073123931885,1.895881175994873,0.13390687108039856,0.7385489344596863,1022,1809.2172305583954
-3.152461528778076,-3.163264036178589,0.010802444070577621,0.7717415690422058,0.049412112683057785,0.10802444070577621,0.9045340418815613,1023,1811.0671527385712
-1.7444219589233398,-1.7493693828582764,0.004947443958371878,-2.5795276165008545,1.9063084125518799,0.04947444051504135,0.738548994064331,1024,1812.8151688575745
2.77716326713562,2.7711329460144043,0.006030223798006773,0.8015615940093994,0.09773311764001846,0.060302238911390305,0.9045340418815613,1025,1814.5583226680756
0.03723108023405075,0.03537241742014885,0.001858663628809154,-1.0764198303222656,1.5901813507080078,0.01858663558959961,0.5222329497337341,1026,1816.292319536209
0.9829182028770447,0.9809405207633972,0.0019776790868490934,-1.6378310918807983,1.2238523960113525,0.01977679133415222,0.7385489344596863,1027,1817.99835562706
3.54371976852417,3.5423965454101562,0.0013231774792075157,-2.565812110900879,1.9015947580337524,0.013231774792075157,0.7385488748550415,1028,1819.6245231628418
-0.6387606263160706,-0.6412214040756226,0.0024607807863503695,-2.6337668895721436,1.9522098302841187,0.024607807397842407,0.7385489344596863,1029,1821.4011580944061
-0.37354400753974915,-0.3878297805786133,0.01428577583283186,-2.032841920852661,1.5026873350143433,0.14285776019096375,0.7385488748550415,1030,1823.3144783973694
-1.0166001319885254,-1.0190010070800781,0.002400888130068779,0.44681480526924133,0.053068939596414566,0.02400888130068779,0.7385489344596863,1031,1825.10417842865
-4.948837757110596,-4.952289581298828,0.0034516602754592896,-0.08726420998573303,0.2963593304157257,0.034516602754592896,0.9045340418815613,1032,1826.8974344730377
0.00019146701379213482,-0.0,0.00019146701379213482,0.0,0.0,0.0019146701088175178,0.0,1033,1828.633552789688
-1.8756593465805054,-1.879774808883667,0.004115411080420017,-2.208714246749878,1.6347442865371704,0.04115410894155502,0.7385489344596863,1034,1830.3730924129486
-4.016246318817139,-4.018632411956787,0.0023861757945269346,-0.36298850178718567,0.087856225669384,0.023861756548285484,0.9045340418815613,1035,1832.19584774971
-7.703557968139648,-7.7074384689331055,0.0038803003262728453,-1.4179428815841675,0.1987924873828888,0.03880300372838974,0.9045340418815613,1036,1834.0416116714478
-2.403798818588257,-2.405646324157715,0.0018475562101230025,-2.5341527462005615,1.8719052076339722,0.01847556233406067,0.7385489344596863,1037,1835.7897655963898
-0.8432326316833496,-0.8455092310905457,0.002276624320074916,-2.519258975982666,1.86073637008667,0.022766243666410446,0.7385489344596863,1038,1837.5981812477112
-1.9626367092132568,-1.9657825231552124,0.003145843744277954,-1.2640711069107056,0.09702170640230179,0.03145843744277954,0.9045340418815613,1039,1839.3391788005829
-0.008376570418477058,-0.012836774811148643,0.004460204858332872,-2.279378652572632,1.6849650144577026,0.04460204765200615,0.7385489344596863,1040,1841.0992405414581
-3.791321277618408,-3.7988181114196777,0.0074968039989471436,0.188013955950737,0.1391036957502365,0.07496803998947144,0.9045340418815613,1041,1842.833417892456
-5.195635795593262,-5.197286128997803,0.0016502439975738525,-2.1810781955718994,1.6110984086990356,0.016502439975738525,0.7385489344596863,1042,1844.6907861232758
-5.806375503540039,-5.813207149505615,0.006831457372754812,-0.005617678165435791,0.1466154158115387,0.0683145746588707,0.904534101486206,1043,1846.5988807678223
-4.371798992156982,-4.3759660720825195,0.00416721822693944,-2.556617498397827,0.24543827772140503,0.04167218133807182,0.9045339822769165,1044,1848.3441090583801
3.2278659343719482,3.2270426750183105,0.0008231431129388511,-2.2438888549804688,0.17544086277484894,0.008231431245803833,0.9045340418815613,1045,1849.9780805110931
-1.406418800354004,-1.4074701070785522,0.0010513156885281205,-2.026982307434082,1.498262882232666,0.010513156652450562,0.7385489344596863,1046,1851.7007400989532
-2.0761091709136963,-2.078886032104492,0.00277688424102962,-0.291885644197464,0.27674806118011475,0.02776884101331234,0.9045339226722717,1047,1853.6123518943787
-4.72197961807251,-4.725485801696777,0.0035059840884059668,-2.2504799365997314,1.6665232181549072,0.035059839487075806,0.7385489344596863,1048,1855.4065198898315
-1.5797423124313354,-1.5814450979232788,0.0017028432339429855,-0.07605860382318497,0.141694113612175,0.017028432339429855,0.9045340418815613,1049,1857.2738091945648
-6.501941204071045,-6.517520427703857,0.015579438768327236,-1.7040568590164185,1.2828444242477417,0.15579438209533691,0.7385488748550415,1050,1859.035011768341
0.8587489724159241,0.8520495295524597,0.0066994610242545605,-2.6614718437194824,1.9798588752746582,0.06699460744857788,0.7385489344596863,1051,1860.769633769989
-2.3163444995880127,-2.321047306060791,0.004702861420810223,-2.2704522609710693,1.6805663108825684,0.04702861234545708,0.7385489344596863,1052,1862.5614635944366
-1.8406864404678345,-1.8500316143035889,0.00934517290443182,-2.0949103832244873,1.5473114252090454,0.09345172345638275,0.7385489344596863,1053,1864.484144449234
-8.291543006896973,-8.30219841003418,0.010655014775693417,-1.3161964416503906,0.20675577223300934,0.10655014961957932,0.9045340418815613,1054,1866.3198626041412
-1.8532800674438477,-1.8639171123504639,0.010637026280164719,0.367916464805603,0.14369270205497742,0.10637026280164719,0.9045340418815613,1055,1868.1812891960144
-2.3813438415527344,-2.389801025390625,0.008457222953438759,0.49341264367103577,0.03043416328728199,0.08457222580909729,0.904534101486206,1056,1870.0240504741669
-1.2019822597503662,-1.2035154104232788,0.0015331357717514038,-0.3737832307815552,0.13838888704776764,0.015331357717514038,0.7385489344596863,1057,1871.7232275009155
-2.695333957672119,-2.7042338848114014,0.008900042623281479,-1.0520349740982056,0.19684846699237823,0.08900042623281479,0.9045339822769165,1058,1873.4385538101196
-0.9514114260673523,-0.9534553289413452,0.002043875167146325,0.551970899105072,0.057875100523233414,0.020438751205801964,0.9045340418815613,1059,1875.1992497444153
-8.252800941467285,-8.271848678588867,0.019047414883971214,-0.6441679000854492,0.14926208555698395,0.19047415256500244,0.9045340418815613,1060,1877.0177969932556
7.584836483001709,7.577625274658203,0.0072110737673938274,-0.6968188881874084,0.3562302589416504,0.07211073487997055,0.9045340418815613,1061,1878.8333489894867
-6.53822135925293,-6.541900634765625,0.0036794852931052446,-0.5984667539596558,0.21030014753341675,0.03679485246539116,0.9045339822769165,1062,1880.496868610382
-1.5104482173919678,-1.5157979726791382,0.005349742714315653,-2.059309720993042,1.5215376615524292,0.053497426211833954,0.7385489344596863,1063,1882.2073180675507
-1.6033655405044556,-1.6104381084442139,0.007072585169225931,0.4053556025028229,0.05318170413374901,0.07072585076093674,0.9045340418815613,1064,1884.1911218166351
3.215742349624634,3.212108612060547,0.0036336244083940983,-2.418450117111206,0.20927482843399048,0.03633624315261841,0.9045340418815613,1065,1885.988867521286
-3.6258723735809326,-3.6269898414611816,0.0011173904640600085,-1.9867831468582153,1.4798201322555542,0.011173903942108154,0.7385488748550415,1066,1887.8350415229797
-2.401448965072632,-2.4035110473632812,0.0020619970746338367,0.16766254603862762,0.10569711029529572,0.020619969815015793,0.9045340418815613,1067,1889.5182883739471
-4.2938761711120605,-4.300461769104004,0.00658576050773263,-2.4047911167144775,1.7782089710235596,0.06585760414600372,0.7385489344596863,1068,1891.4178364276886
5.129892349243164,5.123528957366943,0.006363305728882551,-1.3239389657974243,0.27220070362091064,0.06363305449485779,0.9045340418815613,1069,1893.2785198688507
2.4941201210021973,2.492659330368042,0.001460814499296248,-2.6611950397491455,1.9816169738769531,0.014608144760131836,0.7385489344596863,1070,1894.97318983078
-1.668516993522644,-1.6734851598739624,0.0049681528471410275,-0.8960587978363037,0.1060328558087349,0.04968152567744255,0.904534101486206,1071,1896.8175110816956
-2.8120977878570557,-2.8194403648376465,0.007342687342315912,-0.03414054587483406,0.12059535831212997,0.07342687249183655,0.9045340418815613,1072,1898.539202451706
5.93225622177124,5.931367874145508,0.0008885274874046445,-1.78689444065094,1.32493257522583,0.008885274641215801,0.738548994064331,1073,1900.3959538936615
0.016439907252788544,0.013108571991324425,0.003331334562972188,-3.4165942668914795,0.24839986860752106,0.03331334516406059,0.9045339822769165,1074,1902.1584429740906
-4.511902332305908,-4.584250450134277,0.07234828174114227,-2.194723129272461,1.6259692907333374,0.7234827876091003,0.738548994064331,1075,1905.2380957603455
-2.027648448944092,-2.033228635787964,0.005580277647823095,-0.19826281070709229,0.08020542562007904,0.05580277368426323,0.904534101486206,1076,1906.9575636386871
4.667328357696533,4.666778564453125,0.0005495707737281919,-2.342581272125244,1.7369084358215332,0.005495707504451275,0.7385489344596863,1077,1908.6539356708527
-4.843477249145508,-4.8444318771362305,0.0009545008651912212,-2.6693601608276367,1.9853178262710571,0.009545008651912212,0.5222330093383789,1078,1910.3081965446472
0.038949694484472275,0.03820037841796875,0.0007493178709410131,-0.22844769060611725,0.1701333224773407,0.0074931783601641655,0.9045339822769165,1079,1911.9896807670593
0.17435991764068604,0.17143122851848602,0.002928693313151598,-0.9270420670509338,0.15982060134410858,0.029286932200193405,0.904534101486206,1080,1913.775039434433
-2.9127838611602783,-2.914994716644287,0.0022109460551291704,0.7121822237968445,0.03328174725174904,0.022109460085630417,0.904534101486206,1081,1915.5571355819702
-3.3136672973632812,-3.3147811889648438,0.00111380813177675,-0.5273303985595703,0.05437358096241951,0.011138081550598145,0.9045339822769165,1082,1917.2663230895996
-7.327798366546631,-7.360355377197266,0.032557059079408646,-0.10361818224191666,0.1210060641169548,0.32557058334350586,0.9045340418815613,1083,1919.0879459381104
-5.18135404586792,-5.184059143066406,0.0027052820660173893,-2.1023452281951904,0.29184651374816895,0.02705281972885132,0.9045340418815613,1084,1920.7868461608887
-3.6127431392669678,-3.617431640625,0.004688508342951536,-1.476521372795105,0.1867174208164215,0.046885084360837936,0.9045340418815613,1085,1922.778916835785
-12.543611526489258,-12.558817863464355,0.015206043608486652,-0.40753814578056335,0.36095166206359863,0.15206043422222137,0.9045340418815613,1086,1924.4932396411896
-3.7899060249328613,-3.790618419647217,0.0007122914539650083,-2.79935622215271,0.2975543439388275,0.007122914306819439,0.7385489344596863,1087,1926.2107207775116
4.542716026306152,4.531970500946045,0.010745354928076267,-0.10503000766038895,0.3573334217071533,0.10745354741811752,0.9045340418815613,1088,1927.9859228134155
2.034532070159912,2.028979778289795,0.005552265327423811,-2.083625316619873,1.5421853065490723,0.055522650480270386,0.7385488748550415,1089,1929.7441368103027
-0.23254096508026123,-0.23775610327720642,0.005215142387896776,-1.6767297983169556,0.1707761287689209,0.05215142294764519,0.7385489344596863,1090,1931.4307129383087
-8.323050498962402,-8.327533721923828,0.0044836364686489105,-2.8483591079711914,0.31800854206085205,0.044836364686489105,0.9045340418815613,1091,1933.1130969524384
-1.5269979238510132,-1.5279426574707031,0.000944676052313298,-2.200024366378784,0.09082059562206268,0.009446760639548302,0.7385489344596863,1092,1934.7852942943573
-0.8586427569389343,-0.8630142211914062,0.0043714456260204315,-0.9003589749336243,1.3304697275161743,0.043714456260204315,0.5222329497337341,1093,1936.5527472496033
-2.8872878551483154,-2.8905792236328125,0.003291475120931864,-0.9013844132423401,0.12589919567108154,0.03291475027799606,0.9045340418815613,1094,1938.3988087177277
-4.045865535736084,-4.047257900238037,0.0013925423845648766,-2.2024760246276855,1.628976583480835,0.013925423845648766,0.7385489344596863,1095,1940.0684881210327
1.2020543813705444,1.1998004913330078,0.002253863262012601,-0.7515872120857239,1.1102886199951172,0.02253863215446472,0.5222329497337341,1096,1941.720279455185
-1.0484836101531982,-1.0594075918197632,0.01092403382062912,-0.4388004541397095,0.09917273372411728,0.1092403382062912,0.9045340418815613,1097,1943.4326066970825
0.7170190215110779,0.7145729064941406,0.002446139929816127,-1.2042241096496582,1.7791142463684082,0.024461399763822556,0.5222330093383789,1098,1945.176805973053
1.3400763273239136,1.3302816152572632,0.009794737212359905,-1.593218207359314,0.15985040366649628,0.0979473739862442,0.9045339822769165,1099,1946.9525353908539
2.183349609375,2.180326461791992,0.0030231548007577658,-0.09139764308929443,0.13561420142650604,0.030231546610593796,0.9045339226722717,1100,1948.9733428955078
-4.804602146148682,-4.806121826171875,0.001519793295301497,-0.32316291332244873,0.4828295409679413,0.015197932720184326,0.5222329497337341,1101,1950.7897443771362
-13.051033973693848,-13.131195068359375,0.08016138523817062,-1.0332804918289185,0.7661374807357788,0.8016138076782227,0.7385489344596863,1102,1952.8122990131378
-5.977060317993164,-5.981053829193115,0.003993695136159658,-2.695335626602173,0.24335657060146332,0.03993695229291916,0.9045339226722717,1103,1954.5427780151367
-3.569617986679077,-3.580845594406128,0.011227685026824474,-2.586458444595337,1.9131680727005005,0.11227685213088989,0.7385489344596863,1104,1956.2684457302094
-2.251835823059082,-2.262214183807373,0.01037831511348486,-1.373063087463379,0.14881722629070282,0.10378315299749374,0.9045340418815613,1105,1958.3807861804962
-5.235947132110596,-5.236230850219727,0.00028374893008731306,-1.3650001287460327,2.019813299179077,0.002837489126250148,0.5222330689430237,1106,1960.174028635025
0.003255632473155856,-0.0,0.003255632473155856,0.0,0.0,0.03255632519721985,0.0,1107,1961.8907952308655
-4.03594970703125,-4.038902282714844,0.0029524683486670256,-2.3878157138824463,1.765742301940918,0.029524683952331543,0.7385489344596863,1108,1963.6501734256744
-0.8032419681549072,-0.8130334615707397,0.00979150366038084,-2.157562494277954,1.6122301816940308,0.09791503846645355,0.7385489344596863,1109,1965.3320353031158
-3.1596736907958984,-3.1601715087890625,0.000497864733915776,-3.431439161300659,0.32801204919815063,0.004978646989911795,0.9045339226722717,1110,1967.1359448432922
-10.181495666503906,-10.185168266296387,0.0036724917590618134,-0.3157143294811249,0.09727330505847931,0.036724917590618134,0.9045339822769165,1111,1968.866532087326
-2.6050333976745605,-2.606595516204834,0.001562167308293283,-0.5012499690055847,0.2156837284564972,0.015621672384440899,0.9045339226722717,1112,1970.6144766807556
-4.574306488037109,-4.584419250488281,0.010112665593624115,-0.6231883764266968,0.12104504555463791,0.10112665593624115,0.7385490536689758,1113,1972.4390051364899
-1.9444561004638672,-1.955335021018982,0.010878917761147022,-2.650984287261963,1.964361548423767,0.10878917574882507,0.7385489344596863,1114,1974.2750549316406
0.5001667141914368,0.49685797095298767,0.003308735555037856,-2.7380964756011963,0.3269183337688446,0.0330873541533947,0.9045339822769165,1115,1975.9630320072174
6.368503570556641,6.3656439781188965,0.0028594722971320152,-2.299602746963501,1.7102867364883423,0.028594722971320152,0.7385489344596863,1116,1977.7431645393372
1.5575331449508667,1.5541534423828125,0.0033797442447394133,-2.3666906356811523,1.7502657175064087,0.03379744291305542,0.7385489344596863,1117,1979.4671666622162
-1.5214288234710693,-1.529585599899292,0.008156812749803066,-2.27563738822937,1.682115077972412,0.08156812191009521,0.7385489344596863,1118,1981.231927871704
-3.990877866744995,-4.006581783294678,0.01570393145084381,-2.333953619003296,1.7300682067871094,0.1570393145084381,0.7385489344596863,1119,1982.9785618782043
15.263235092163086,15.261293411254883,0.001941491267643869,-2.239821195602417,1.6825096607208252,0.019414912909269333,0.7385489344596863,1120,1984.7695195674896
1.1243388652801514,1.1231340169906616,0.0012048056814819574,-2.142024278640747,1.5831363201141357,0.012048056349158287,0.7385489344596863,1121,1986.5270075798035
-5.035038471221924,-5.0365471839904785,0.0015086292987689376,-2.574963331222534,1.9039791822433472,0.01508629322052002,0.7385489344596863,1122,1988.2107746601105
8.814493179321289,8.812143325805664,0.002350140828639269,-0.5064935088157654,0.7585749626159668,0.023501407355070114,0.5222329497337341,1123,1989.925173997879
-3.2481963634490967,-3.2517001628875732,0.0035037738271057606,-1.0430868864059448,0.3384566307067871,0.03503773733973503,0.9045339226722717,1124,1991.6051862239838
-10.618785858154297,-10.620840072631836,0.0020541390404105186,-1.0371073484420776,1.534279465675354,0.020541390404105186,0.5222330093383789,1125,1993.4416353702545
-6.276349067687988,-6.277673244476318,0.0013240308035165071,0.819309651851654,0.24110326170921326,0.013240307569503784,0.904534101486206,1126,1995.1581027507782
-4.348596572875977,-4.359147071838379,0.010550352744758129,-1.5393866300582886,0.28001418709754944,0.10550352185964584,0.9045339226722717,1127,1996.8900842666626
-0.471082866191864,-0.47179287672042847,0.0007100145448930562,-2.0699832439422607,1.529715895652771,0.00710014533251524,0.7385489344596863,1128,1998.7026636600494
-18.171619415283203,-18.172344207763672,0.0007247289177030325,-1.990868091583252,1.4923653602600098,0.007247289177030325,0.7385488152503967,1129,2000.584148645401
-2.0437166690826416,-2.054940700531006,0.011224010959267616,-2.669496774673462,0.18125198781490326,0.11224010586738586,0.9045340418815613,1130,2002.3527491092682
4.726839542388916,4.716948509216309,0.0098909055814147,0.3314497470855713,0.08946454524993896,0.09890905022621155,0.9045339226722717,1131,2004.3291988372803
-7.541912078857422,-7.546527862548828,0.004615610931068659,-2.299417734146118,1.7002582550048828,0.046156108379364014,0.7385488748550415,1132,2006.2399835586548
4.014131546020508,4.0111846923828125,0.0029468447901308537,-1.0432409048080444,0.7746424078941345,0.029468446969985962,0.7385489344596863,1133,2007.8905680179596
-1.2391555309295654,-1.2416152954101562,0.0024597228039056063,-1.971492886543274,1.4569722414016724,0.024597227573394775,0.7385489344596863,1134,2009.5954234600067
-2.9912490844726562,-3.002718687057495,0.01146969199180603,-2.1272618770599365,1.5724796056747437,0.1146969199180603,0.7385489344596863,1135,2011.305856704712
8.613101959228516,8.553688049316406,0.05941387638449669,-0.20356571674346924,0.23604463040828705,0.5941387414932251,0.9045340418815613,1136,2013.167969942093
-1.914082407951355,-1.9158700704574585,0.0017876148922368884,-0.4203103482723236,0.21267442405223846,0.017876148223876953,0.904534101486206,1137,2014.9972023963928
-12.597734451293945,-12.6018705368042,0.004136043135076761,-2.630114793777466,1.9704896211624146,0.04136043041944504,0.738548755645752,1138,2016.815227985382
-1.0193322896957397,-1.021008849143982,0.0016766003100201488,-0.9952910542488098,0.1691196858882904,0.016766002401709557,0.9045339226722717,1139,2018.6199553012848
0.00880261417478323,-2.733866494963877e-05,0.008829953148961067,-0.9252605438232422,0.1614951640367508,0.08829952776432037,0.7385489344596863,1140,2020.5351099967957
-4.016523838043213,-4.01752233505249,0.0009986162185668945,-1.8167756795883179,0.26200079917907715,0.009986162185668945,0.9045339226722717,1141,2022.302586555481
-1.895178198814392,-1.9023469686508179,0.0071687474846839905,-1.1755703687667847,0.1726691871881485,0.0716874748468399,0.9045339226722717,1142,2024.041923046112
1.6745972633361816,1.6677360534667969,0.0068611763417720795,0.2482626587152481,0.040984150022268295,0.0686117634177208,0.904534101486206,1143,2025.9922845363617
0.11775683611631393,0.10542043298482895,0.01233640592545271,-2.5549228191375732,1.8875055313110352,0.12336405366659164,0.7385489344596863,1144,2027.7508916854858
3.6092793941497803,3.5968146324157715,0.012464749626815319,0.13512571156024933,0.08720571547746658,0.12464749813079834,0.904534101486206,1145,2029.5011234283447
-7.152044773101807,-7.156763076782227,0.00471814488992095,-1.7127798795700073,0.3656547963619232,0.047181449830532074,0.904534101486206,1146,2031.2099432945251
-1.8062005043029785,-1.8093059062957764,0.003105419920757413,-1.0832743644714355,0.40836888551712036,0.031054198741912842,0.9045340418815613,1147,2032.9368765354156
-2.411065101623535,-2.4278769493103027,0.016811778768897057,-2.3182926177978516,1.714153528213501,0.16811779141426086,0.7385488748550415,1148,2034.6694314479828
-6.177095413208008,-6.18168830871582,0.004592811223119497,-0.6643808484077454,0.26808813214302063,0.04592811316251755,0.9045340418815613,1149,2036.3900091648102
-5.346668243408203,-5.35257625579834,0.0059079318307340145,0.24927692115306854,0.06334593147039413,0.05907931923866272,0.9045340418815613,1150,2038.1427285671234
-12.159894943237305,-12.160910606384277,0.0010153761832043529,-0.14875000715255737,0.34417739510536194,0.010153761133551598,0.7385489344596863,1151,2039.8393161296844
2.1631150245666504,2.1502139568328857,0.012901159934699535,-1.8007512092590332,1.3318828344345093,0.1290116012096405,0.5222329497337341,1152,2041.5729115009308
1.73507821559906,1.6971238851547241,0.03795428201556206,-2.1306111812591553,0.17104525864124298,0.3795427978038788,0.9045340418815613,1153,2043.3369629383087
1.1689209938049316,1.160186767578125,0.008734210394322872,0.22294294834136963,0.2765691578388214,0.08734210580587387,0.9045339822769165,1154,2045.1335101127625
-7.185539722442627,-7.21859884262085,0.03305904194712639,0.26147541403770447,0.09404164552688599,0.3305904269218445,0.904534101486206,1155,2046.9117877483368
-8.799575805664062,-8.808279037475586,0.008702980354428291,-1.0764445066452026,0.2611139118671417,0.08702979981899261,0.9045339226722717,1156,2048.6438570022583
-1.6467664241790771,-1.650705337524414,0.0039388579316437244,-2.083411693572998,1.5435185432434082,0.03938857838511467,0.7385488748550415,1157,2050.3599989414215
-4.777480125427246,-4.7850446701049805,0.0075643956661224365,-1.8617154359817505,1.3786721229553223,0.07564395666122437,0.738548994064331,1158,2052.5794496536255
-13.78369426727295,-13.794676780700684,0.010982858017086983,-3.321096658706665,0.31384435296058655,0.10982857644557953,0.9045339226722717,1159,2054.3619697093964
0.8956793546676636,0.8943322896957397,0.0013470521662384272,-2.6424472332000732,0.16355672478675842,0.013470521196722984,0.9045340418815613,1160,2056.0032031536102
-3.4165589809417725,-3.4447104930877686,0.028151625767350197,-0.6046783328056335,0.8966818451881409,0.28151625394821167,0.5222329497337341,1161,2057.685349225998
-0.1282743364572525,-0.1417032927274704,0.013428950682282448,0.21627426147460938,0.11120167374610901,0.13428950309753418,0.9045340418815613,1162,2059.5052592754364
-0.02072220668196678,-0.024323463439941406,0.0036012560594826937,-2.6892616748809814,2.0018863677978516,0.03601256012916565,0.7385488748550415,1163,2061.2695479393005
0.7549391984939575,0.752055823802948,0.0028833490796387196,-0.8534318804740906,1.2606538534164429,0.02883348986506462,0.5222328901290894,1164,2063.0457558631897
-6.361991882324219,-6.3709564208984375,0.008964451029896736,-1.4755347967147827,0.1758926659822464,0.08964450657367706,0.9045339226722717,1165,2064.831310272217
0.32022956013679504,0.3067779541015625,0.013451593928039074,0.7252271175384521,0.0924113392829895,0.1345159411430359,0.9045340418815613,1166,2066.5651094913483
-7.338851451873779,-7.342616081237793,0.0037644903641194105,-0.6003795862197876,0.21787264943122864,0.03764490410685539,0.9045340418815613,1167,2068.1955897808075
-2.542710781097412,-2.563645839691162,0.020934974774718285,-0.5887370705604553,0.13205955922603607,0.20934973657131195,0.9045340418815613,1168,2069.96577167511
-0.5953086018562317,-0.6003653407096863,0.0050567639991641045,-1.7415695190429688,1.3050457239151,0.050567638128995895,0.7385489344596863,1169,2071.7143456935883
1.2391388416290283,1.231693983078003,0.007444818504154682,-2.2645883560180664,1.6789807081222534,0.07444818317890167,0.7385489344596863,1170,2073.430478334427
-5.793376922607422,-5.79624080657959,0.002864015055820346,-0.3498792350292206,0.521587073802948,0.028640151023864746,0.5222329497337341,1171,2075.1314306259155
1.086157202720642,1.0662727355957031,0.01988445222377777,-0.5523625612258911,0.12666772305965424,0.1988445222377777,0.9045340418815613,1172,2076.9178924560547
-7.296009063720703,-7.300743103027344,0.004734107758849859,-0.2564704418182373,0.41634905338287354,0.04734107851982117,0.904534101486206,1173,2078.653191804886
-2.2127327919006348,-2.219386577606201,0.006653826218098402,-2.3592002391815186,1.742486834526062,0.0665382593870163,0.5222329497337341,1174,2080.3804728984833
-5.93549919128418,-5.947598934173584,0.012099962681531906,-0.21515871584415436,0.13394108414649963,0.12099962681531906,0.9045340418815613,1175,2082.1851069927216
13.952597618103027,13.946144104003906,0.006453316658735275,-2.2829573154449463,0.3131592571735382,0.06453316658735275,0.9045340418815613,1176,2083.941111803055
-7.26901388168335,-7.270234107971191,0.0012203982332721353,-0.06765314191579819,0.2673455774784088,0.012203982099890709,0.9045340418815613,1177,2085.7226169109344
5.741853713989258,5.736608028411865,0.0052457344718277454,0.02393566630780697,0.20471972227096558,0.05245734378695488,0.9045339822769165,1178,2087.5996944904327
-7.550856113433838,-7.572395324707031,0.021539120003581047,0.8814755082130432,0.07918519526720047,0.21539120376110077,0.9045339226722717,1179,2089.494129419327
-1.9888683557510376,-1.9989866018295288,0.010118233971297741,-2.013486623764038,1.489691972732544,0.10118233412504196,0.7385489344596863,1180,2091.5420937538147
-0.5435218811035156,-0.5441875457763672,0.000665663683321327,-2.3685214519500732,1.7494754791259766,0.0066566369496285915,0.7385488748550415,1181,2093.3075411319733
-2.8609538078308105,-2.922677516937256,0.06172370910644531,-1.2813674211502075,0.23213811218738556,0.6172370910644531,0.904534101486206,1182,2095.178357362747
2.5410993099212646,2.5310373306274414,0.010061944834887981,-0.7855121493339539,0.13588888943195343,0.10061945021152496,0.9045340418815613,1183,2096.9157881736755
3.787370443344116,3.7734298706054688,0.013940626755356789,0.5282062888145447,0.2796255350112915,0.1394062638282776,0.9045340418815613,1184,2098.748567342758
0.33593595027923584,0.3297780454158783,0.006157904863357544,-2.647113561630249,1.9600962400436401,0.06157904863357544,0.7385489344596863,1185,2100.5351622104645
-8.02741813659668,-8.081759452819824,0.054340850561857224,-2.336463689804077,0.25075533986091614,0.5434085130691528,0.9045340418815613,1186,2102.4049730300903
-0.01963590830564499,-0.026979446411132812,0.0073435381054878235,-1.4887418746948242,0.19480887055397034,0.07343538105487823,0.9045340418815613,1187,2104.1233055591583
2.849792957305908,2.84552001953125,0.00427287956699729,0.03681306540966034,0.06534048914909363,0.04272879287600517,0.9045339822769165,1188,2105.9059114456177
-0.42751410603523254,-0.4546947479248047,0.027180636301636696,-2.0787887573242188,1.535711646080017,0.27180635929107666,0.5222329497337341,1189,2107.6157236099243
-0.7908620238304138,-0.7955939173698425,0.004731897730380297,-2.308473587036133,1.7058130502700806,0.04731897637248039,0.5222328901290894,1190,2109.316885471344
-0.2726319134235382,-0.27504539489746094,0.0024134835693985224,-2.5305376052856445,1.8692078590393066,0.024134835228323936,0.7385489344596863,1191,2110.9911925792694
-1.7293521165847778,-1.7421621084213257,0.012809972278773785,-0.5659156441688538,0.10380887985229492,0.128099724650383,0.9045340418815613,1192,2112.7871675491333
-0.0018463372252881527,-0.007654826156795025,0.005808488931506872,-2.0004351139068604,1.4799132347106934,0.058084886521101,0.738548994064331,1193,2114.5596730709076
1.2730802297592163,1.2586400508880615,0.01444014348089695,-2.14158296585083,1.5829813480377197,0.1444014310836792,0.7385489344596863,1194,2116.270249605179
-7.688055515289307,-7.696296691894531,0.008241011761128902,-2.132910966873169,1.579435110092163,0.08241011947393417,0.7385489344596863,1195,2118.1935369968414
-7.92508602142334,-7.9376983642578125,0.01261254120618105,0.04182909429073334,0.09340402483940125,0.12612541019916534,0.9045339822769165,1196,2119.935578584671
-3.1539173126220703,-3.159951686859131,0.006034488789737225,-0.6994392275810242,0.19907520711421967,0.0603448860347271,0.9045340418815613,1197,2121.717218399048
-1.3732167482376099,-1.3855819702148438,0.01236526295542717,-0.14800000190734863,0.22937068343162537,0.1236526295542717,0.5222329497337341,1198,2123.5248930454254
-6.291586875915527,-6.293561935424805,0.001975185936316848,-2.5745813846588135,1.9071704149246216,0.019751857966184616,0.7385489344596863,1199,2125.2311251163483
-5.84212064743042,-5.843228816986084,0.0011080086696892977,0.6746692657470703,0.08264768868684769,0.01108008623123169,0.9045340418815613,1200,2127.022337436676
-2.094559669494629,-2.0963621139526367,0.0018025398021563888,-2.257775068283081,1.668398141860962,0.01802539825439453,0.738548994064331,1201,2128.7306780815125
-0.31645065546035767,-0.3172639310359955,0.0008132687071338296,-1.5802809000015259,1.1700085401535034,0.008132686838507652,0.7385489344596863,1202,2130.4825780391693
-0.5210767388343811,-0.5512053370475769,0.0301285982131958,-2.516029119491577,1.858422040939331,0.301285982131958,0.5222329497337341,1203,2132.276495695114
-2.6820201873779297,-2.69092059135437,0.008900424465537071,0.07804320752620697,0.15138153731822968,0.08900424093008041,0.9045339822769165,1204,2134.0649485588074
1.4467668533325195,1.4365577697753906,0.01020913477987051,-1.1460835933685303,1.6930897235870361,0.10209134221076965,0.5222329497337341,1205,2135.778560400009
-3.2877936363220215,-3.3026351928710938,0.014841586351394653,0.9250283241271973,0.023134471848607063,0.14841586351394653,0.7385489344596863,1206,2137.666612148285
-1.8925327062606812,-1.9195150136947632,0.02698230743408203,-1.8289505243301392,1.3522330522537231,0.2698230743408203,0.7385488748550415,1207,2139.4043703079224
-0.018296636641025543,-0.023288726806640625,0.004992091096937656,0.08574412018060684,0.051039617508649826,0.049920909106731415,0.904534101486206,1208,2141.345226764679
-1.5502065420150757,-1.5633816719055176,0.013175121508538723,-2.1085128784179688,1.5657844543457031,0.13175120949745178,0.7385489344596863,1209,2143.037961959839
2.835409164428711,2.8307952880859375,0.004613806959241629,-0.6440579891204834,0.08665672689676285,0.04613807052373886,0.904534101486206,1210,2144.7181403636932
0.025080079212784767,-0.0,0.025080079212784767,0.0,0.0,0.2508007884025574,0.0,1211,2146.498775243759
-2.1487948894500732,-2.159465789794922,0.010670818388462067,-0.9028484225273132,1.333746075630188,0.10670818388462067,0.5222329497337341,1212,2148.3329775333405
-9.705307960510254,-9.715642929077148,0.010335209779441357,0.14511077105998993,0.2321302890777588,0.10335209965705872,0.9045340418815613,1213,2150.185405731201
-15.838363647460938,-15.841009140014648,0.0026455384213477373,-1.0186192989349365,0.22689801454544067,0.026455383747816086,0.904534101486206,1214,2151.918945789337
-1.793082356452942,-1.7974504232406616,0.00436804536730051,-2.0660693645477295,1.5300285816192627,0.043680451810359955,0.7385489344596863,1215,2153.7832045555115
-11.407835960388184,-11.411178588867188,0.0033425819128751755,-3.394920587539673,0.2867954969406128,0.033425819128751755,0.9045340418815613,1216,2155.5239355564117
-1.5424575805664062,-1.5456721782684326,0.0032146365847438574,-1.734758973121643,1.286845326423645,0.03214636445045471,0.7385489344596863,1217,2157.264965772629
1.9370330572128296,1.935415267944336,0.0016177904326468706,-1.1445854902267456,0.8556439876556396,0.01617790386080742,0.7385488748550415,1218,2158.9861023426056
-1.8751057386398315,-1.8797807693481445,0.004675079602748156,-0.8663234710693359,1.2842756509780884,0.04675079509615898,0.5222330093383789,1219,2160.7119159698486
-7.125909328460693,-7.135519981384277,0.009610882960259914,-1.385989785194397,0.2897401452064514,0.0961088240146637,0.9045339226722717,1220,2162.9019298553467
-1.9537514448165894,-1.9558690786361694,0.0021176806185394526,-2.0540735721588135,1.5174521207809448,0.021176805719733238,0.7385489344596863,1221,2164.763594388962
-6.010147571563721,-6.010608673095703,0.00046096942969597876,-0.5250000357627869,0.7990366816520691,0.004609694238752127,0.5222330093383789,1222,2166.396808385849
-1.0866657495498657,-1.089369535446167,0.002703830599784851,-1.509463906288147,0.18300318717956543,0.02703830599784851,0.9045340418815613,1223,2168.0947844982147
-0.8559354543685913,-0.85943603515625,0.0035006047692149878,-2.5600130558013916,1.8920577764511108,0.035006046295166016,0.7385489344596863,1224,2169.802475452423
-0.23838841915130615,-0.2400309294462204,0.0016425114590674639,-2.1364035606384277,1.5910917520523071,0.01642511412501335,0.7385488152503967,1225,2171.7341389656067
-4.53502893447876,-4.54167366027832,0.006644495762884617,-0.3730352818965912,0.13878843188285828,0.06644495576620102,0.9045339822769165,1226,2173.5105714797974
-3.9050798416137695,-3.906310558319092,0.0012307128636166453,-2.6597039699554443,1.9762250185012817,0.012307127937674522,0.7385489344596863,1227,2175.2083983421326
-0.6396319270133972,-0.64178466796875,0.0021527677308768034,-0.8576285243034363,0.17326124012470245,0.02152767777442932,0.904534101486206,1228,2176.986004590988
-1.8650798797607422,-1.8953527212142944,0.030272865667939186,-0.8343084454536438,0.09052836149930954,0.30272865295410156,0.9045340418815613,1229,2178.744455575943
-9.460470199584961,-9.465120315551758,0.004650346469134092,0.32627251744270325,0.17958568036556244,0.0465034656226635,0.9045339822769165,1230,2180.4814887046814
5.9088335037231445,5.890383720397949,0.018449587747454643,0.2670206129550934,0.18867769837379456,0.18449586629867554,0.9045340418815613,1231,2182.397516965866
-6.590906620025635,-6.603362560272217,0.012455875054001808,0.40695711970329285,0.10562396794557571,0.12455874681472778,0.9045339822769165,1232,2184.3157591819763
-7.131666660308838,-7.138443946838379,0.0067773060873150826,-1.4708040952682495,1.089988112449646,0.06777305901050568,0.7385488748550415,1233,2186.1046965122223
-2.2483882904052734,-2.2508506774902344,0.0024622988421469927,-0.6811012625694275,0.16017189621925354,0.02462298795580864,0.904534101486206,1234,2187.8994059562683
-2.2412400245666504,-2.2414169311523438,0.0001769095688359812,-2.5649659633636475,1.8960636854171753,0.0017690956592559814,0.7385489344596863,1235,2189.6711070537567
-0.3279421627521515,-0.3282184600830078,0.00027629040414467454,-1.0974715948104858,1.6211389303207397,0.0027629039250314236,0.5222330689430237,1236,2191.3477404117584
1.197090983390808,1.188608169555664,0.008482811041176319,-2.0372729301452637,1.51791250705719,0.08482810854911804,0.7385489344596863,1237,2193.2381162643433
-5.078132152557373,-5.086737632751465,0.008605407550930977,-1.9456957578659058,1.4389045238494873,0.08605407178401947,0.7385489344596863,1238,2195.0376527309418
-2.9231364727020264,-2.927760124206543,0.0046237255446612835,-0.7387341856956482,0.1403578221797943,0.04623725265264511,0.9045339822769165,1239,2196.816586494446
-2.9191083908081055,-2.924638271331787,0.005529781337827444,-0.46575453877449036,0.09246640652418137,0.055297814309597015,0.904534101486206,1240,2198.5923249721527
-5.264835357666016,-5.270389080047607,0.00555349700152874,-2.1118075847625732,0.17605040967464447,0.0555349700152874,0.9045339822769165,1241,2200.4472391605377
2.5056068897247314,2.5046539306640625,0.0009529998642392457,-0.7702406048774719,0.13349729776382446,0.009529998525977135,0.9045339226722717,1242,2202.258960008621
4.278949737548828,4.276656150817871,0.0022934069857001305,-0.39314866065979004,0.22280699014663696,0.022934069857001305,0.7385489344596863,1243,2203.992628097534
3.0857126712799072,3.067781448364258,0.01793125830590725,-1.107500672340393,0.24302323162555695,0.1793125718832016,0.9045339822769165,1244,2205.7996110916138
-4.129549503326416,-4.136111259460449,0.0065615298226475716,-1.6169013977050781,1.2004001140594482,0.06561529636383057,0.7385489344596863,1245,2207.5118107795715
3.716111898422241,3.711355209350586,0.004756801761686802,-0.2396898716688156,0.24503450095653534,0.04756801575422287,0.9045340418815613,1246,2209.3150486946106
3.0412442684173584,3.038328170776367,0.0029160729609429836,-1.6747924089431763,0.19053801894187927,0.02916072867810726,0.9045339822769165,1247,2211.0893728733063
-3.5868911743164062,-3.589462995529175,0.0025717299431562424,0.8005746006965637,0.07645177096128464,0.025717299431562424,0.9045340418815613,1248,2212.992083311081
-2.6037373542785645,-2.618624448776245,0.014887060038745403,-0.96859210729599,0.186984583735466,0.14887060225009918,0.904534101486206,1249,2214.7060601711273
3.268014907836914,3.2647604942321777,0.0032542943954467773,-2.012836456298828,1.4886971712112427,0.03254294395446777,0.7385489344596863,1250,2216.45188331604
-3.6816604137420654,-3.6919848918914795,0.010324574075639248,-1.2543652057647705,0.9295445680618286,0.10324573516845703,0.738548994064331,1251,2218.377918243408
-9.493178367614746,-9.497173309326172,0.003994762431830168,-2.3068783283233643,1.7141811847686768,0.039947621524333954,0.7385489344596863,1252,2220.252724170685
-1.7006722688674927,-1.7171834707260132,0.016511203721165657,-0.5154147744178772,0.20306040346622467,0.16511203348636627,0.904534101486206,1253,2221.9619448184967
-0.4083942770957947,-0.414287269115448,0.005892980378121138,0.5893035531044006,0.02785535715520382,0.05892980098724365,0.904534101486206,1254,2223.6887435913086
-0.9463395476341248,-0.956518828868866,0.010179259814321995,-2.684473991394043,1.9912021160125732,0.1017925962805748,0.7385489344596863,1255,2225.460433483124
-5.059493064880371,-5.061144828796387,0.001651570200920105,-1.685322642326355,1.248477816581726,0.01651570200920105,0.7385489344596863,1256,2227.1806540489197
-4.2676496505737305,-4.276186943054199,0.008537276647984982,0.8311720490455627,0.11168036609888077,0.08537276089191437,0.7385488748550415,1257,2228.927385568619
-1.9805797338485718,-1.9833005666732788,0.0027208668179810047,-2.231973886489868,1.6502480506896973,0.027208667248487473,0.7385489344596863,1258,2230.870727300644
-0.3557240962982178,-0.3762499690055847,0.02052585780620575,-0.6364038586616516,0.1865934133529663,0.2052585780620575,0.9045340418815613,1259,2232.5717532634735
-0.7535262703895569,-0.7586950063705444,0.00516873924061656,-1.0989419221878052,1.6234581470489502,0.051687389612197876,0.5222329497337341,1260,2234.465271949768
0.7493390440940857,0.7476794123649597,0.0016596376663073897,-1.0414469242095947,0.1249655932188034,0.01659637689590454,0.9045339822769165,1261,2236.260988473892
3.4263217449188232,3.413247585296631,0.013074168935418129,-1.8988243341445923,1.4138721227645874,0.130741685628891,0.7385489344596863,1262,2238.0255427360535
1.9188417196273804,1.9149208068847656,0.003920921590179205,-1.6237778663635254,1.2010414600372314,0.039209216833114624,0.7385489344596863,1263,2239.7618684768677
-3.287809371948242,-3.291490077972412,0.003680615918710828,-1.699480652809143,1.2559868097305298,0.03680615872144699,0.7385489344596863,1264,2241.606850862503
2.1370060443878174,2.129159450531006,0.00784650444984436,-2.616607189178467,0.1081833690404892,0.0784650444984436,0.9045339822769165,1265,2243.372684955597
-7.614172458648682,-7.618105888366699,0.00393331004306674,-2.6099443435668945,1.9337940216064453,0.039333097636699677,0.7385489344596863,1266,2245.2205379009247
-0.3675852417945862,-0.37075456976890564,0.0031693391501903534,-1.1695438623428345,1.7275950908660889,0.031693391501903534,0.5222330093383789,1267,2246.9652042388916
0.09924404323101044,0.09409713745117188,0.0051469081081449986,-2.0898687839508057,0.19224925339221954,0.05146908015012741,0.7385489344596863,1268,2248.6667263507843
0.0010470848064869642,-0.0,0.0010470848064869642,-0.49761906266212463,0.7350320816040039,0.010470847599208355,0.0,1269,2250.4392614364624
-5.107679843902588,-5.114142417907715,0.006462649907916784,-1.8598713874816895,1.3791977167129517,0.06462650001049042,0.7385488748550415,1270,2252.2694425582886
5.919127464294434,5.913749694824219,0.005377895664423704,0.28024813532829285,0.31097152829170227,0.053778957575559616,0.9045339822769165,1271,2254.1952662467957
-5.317710876464844,-5.321570873260498,0.0038601707201451063,-2.352665662765503,1.7385376691818237,0.03860170766711235,0.7385489344596863,1272,2256.0470514297485
-0.13439486920833588,-0.13707098364830017,0.002676119562238455,-0.8013370633125305,1.1836941242218018,0.026761194691061974,0.5222330093383789,1273,2257.839099884033
-2.123647689819336,-2.149148941040039,0.0255011897534132,-2.7479114532470703,2.042447328567505,0.2550118863582611,0.7385489344596863,1274,2259.676149368286
-0.5115618109703064,-0.5147705078125,0.0032087117433547974,-0.8483531475067139,1.2556265592575073,0.032087117433547974,0.5222328901290894,1275,2261.377195596695
4.356685638427734,4.348050117492676,0.0086355060338974,-1.8656419515609741,0.18751542270183563,0.086355060338974,0.9045339226722717,1276,2263.0794529914856
-1.6189616918563843,-1.6315486431121826,0.012586933560669422,0.19555950164794922,0.05086235702037811,0.12586933374404907,0.9045340418815613,1277,2264.8298377990723
-2.027787446975708,-2.035398483276367,0.007611082401126623,-0.28168296813964844,0.08325323462486267,0.0761108249425888,0.904534101486206,1278,2266.544503927231
-9.190407752990723,-9.202886581420898,0.012478606775403023,-1.254304051399231,0.22810444235801697,0.12478606402873993,0.9045339226722717,1279,2268.2997114658356
-7.383493423461914,-7.397080898284912,0.013587522320449352,-1.6079946756362915,0.15153031051158905,0.13587522506713867,0.9045340418815613,1280,2270.104019165039
0.6332826018333435,0.6219520568847656,0.011330529116094112,-1.4222089052200317,0.21026752889156342,0.11330528557300568,0.7385488748550415,1281,2271.9188351631165
1.047018051147461,1.0427005290985107,0.004317529033869505,0.39326465129852295,0.08208943903446198,0.043175291270017624,0.9045339226722717,1282,2273.6215007305145
-0.13109859824180603,-0.1820545196533203,0.05095592886209488,-2.284059762954712,1.6875020265579224,0.5095592737197876,0.7385489344596863,1283,2275.4781744480133
-4.681183815002441,-4.702672481536865,0.021488627418875694,-2.135363817214966,1.5840198993682861,0.21488627791404724,0.7385489344596863,1284,2277.1861457824707
1.042633295059204,1.0405137538909912,0.0021195721346884966,-2.5386412143707275,1.8754336833953857,0.02119572088122368,0.7385489344596863,1285,2278.8930883407593
-0.1730385720729828,-0.18734869360923767,0.014310124330222607,-2.4388649463653564,1.8143454790115356,0.14310124516487122,0.5222328901290894,1286,2280.6260154247284
-1.0240862369537354,-1.0251491069793701,0.00106292765121907,-0.9083870053291321,0.23918786644935608,0.010629276745021343,0.9045340418815613,1287,2282.442016363144
-1.8129874467849731,-1.8243377208709717,0.01135027315467596,-0.8274836540222168,0.16036294400691986,0.11350273340940475,0.904534101486206,1288,2284.3050289154053
-6.07439661026001,-6.078784942626953,0.004388297908008099,0.049911800771951675,0.11819525808095932,0.04388297721743584,0.9045340418815613,1289,2286.0222206115723
-1.140543818473816,-1.1475703716278076,0.007026580162346363,-1.0125001668930054,1.4956843852996826,0.07026579976081848,0.5222329497337341,1290,2287.7558057308197
-2.094064712524414,-2.110044479370117,0.015979861840605736,-1.7408695220947266,1.2982617616653442,0.15979862213134766,0.7385489344596863,1291,2289.4673664569855
0.008106107823550701,-0.0,0.008106107823550701,0.0,0.0,0.08106108009815216,0.0,1292,2291.2469923496246
4.224392890930176,4.223344326019287,0.0010484218364581466,-1.5490652322769165,1.1615252494812012,0.01048421859741211,0.7385489344596863,1293,2292.9859054088593
-4.929800987243652,-4.940708160400391,0.010907241143286228,0.6443282961845398,0.06235932558774948,0.10907240957021713,0.9045340418815613,1294,2294.710568189621
-4.0158820152282715,-4.018968105316162,0.0030862740240991116,-2.6479241847991943,1.957792043685913,0.03086273930966854,0.7385488748550415,1295,2296.4642288684845
-5.025824069976807,-5.0275115966796875,0.0016872923588380218,-2.6879568099975586,1.9935904741287231,0.01687292382121086,0.7385489344596863,1296,2298.2056295871735
-5.1877360343933105,-5.192327499389648,0.004591641016304493,-2.650313138961792,1.9649980068206787,0.04591640830039978,0.7385489344596863,1297,2299.9140152931213
-10.636420249938965,-10.639070510864258,0.002650616690516472,-0.27425217628479004,0.20605915784835815,0.02650616690516472,0.9045340418815613,1298,2301.7484884262085
-1.3229411840438843,-1.3288352489471436,0.00589404534548521,-2.525885820388794,1.8661458492279053,0.058940451592206955,0.738548994064331,1299,2303.444329023361
-0.48419511318206787,-0.4885152280330658,0.004320106934756041,-0.29572829604148865,0.10037748515605927,0.04320107027888298,0.904534101486206,1300,2305.16601395607
-4.7313232421875,-4.738218784332275,0.006895528640598059,-0.033473655581474304,0.18585757911205292,0.06895528733730316,0.9045340418815613,1301,2306.939457654953
-2.5975582599639893,-2.605435848236084,0.007877501659095287,-2.560598134994507,1.8920605182647705,0.07877501100301743,0.7385489344596863,1302,2308.6887695789337
-3.141446828842163,-3.152254819869995,0.010808050632476807,-2.3611724376678467,0.20234721899032593,0.10808050632476807,0.9045340418815613,1303,2310.4683072566986
1.4969838857650757,1.4927610158920288,0.004222917836159468,-0.9469135403633118,1.3988538980484009,0.04222917556762695,0.5222329497337341,1304,2312.2976083755493
0.16197660565376282,0.15212123095989227,0.009855376556515694,-1.6555205583572388,0.2549777030944824,0.09855376183986664,0.9045339226722717,1305,2313.996803998947
-3.1849138736724854,-3.1977896690368652,0.012875783257186413,-0.6929922103881836,0.09982357919216156,0.12875783443450928,0.904534101486206,1306,2315.737710237503
1.6778980493545532,1.6736717224121094,0.00422630924731493,-2.1988604068756104,1.6300199031829834,0.04226309061050415,0.7385489344596863,1307,2317.6102378368378
-1.1572070121765137,-1.161794662475586,0.004587668459862471,-1.9068502187728882,1.4090111255645752,0.04587668180465698,0.7385489344596863,1308,2319.3673906326294
0.539274275302887,0.5352268218994141,0.0040474338456988335,-0.9327287077903748,1.377774715423584,0.040474336594343185,0.5222329497337341,1309,2321.046338558197
-1.4006953239440918,-1.4043147563934326,0.003619380993768573,-2.112978219985962,1.5610278844833374,0.036193810403347015,0.7385489344596863,1310,2322.8265306949615
-2.537233829498291,-2.5623817443847656,0.025147898122668266,-0.17687182128429413,0.287678599357605,0.25147897005081177,0.5222329497337341,1311,2324.547458410263
-5.421604156494141,-5.424493789672852,0.0028896850999444723,-0.18264353275299072,0.06671375036239624,0.02889684960246086,0.904534101486206,1312,2326.330939769745
-3.2567527294158936,-3.2625911235809326,0.005838447250425816,-0.7911553978919983,0.1737663447856903,0.05838447064161301,0.9045340418815613,1313,2328.054688692093
-2.873120069503784,-2.878697156906128,0.005577082745730877,-2.441450595855713,1.8194831609725952,0.05577082559466362,0.7385489344596863,1314,2329.819966316223
-3.9907326698303223,-4.000535488128662,0.009802736341953278,-0.2536700665950775,0.08533938974142075,0.09802736341953278,0.9045339822769165,1315,2331.6334998607635
-1.6999205350875854,-1.700879454612732,0.0009589135879650712,-0.3992857038974762,0.591638445854187,0.009589135646820068,0.5222328901290894,1316,2333.4280037879944
-2.359732151031494,-2.362452507019043,0.002720393007621169,0.03601594269275665,0.13562364876270294,0.02720392867922783,0.9045339822769165,1317,2335.242530822754
-1.359593391418457,-1.363983154296875,0.0043897442519664764,-2.1774051189422607,1.6090359687805176,0.043897442519664764,0.7385489344596863,1318,2337.02401137352
-5.165788173675537,-5.212318420410156,0.046530451625585556,0.2437480241060257,0.09331001341342926,0.46530449390411377,0.9045340418815613,1319,2338.8201701641083
-2.0994327068328857,-2.1031641960144043,0.00373154878616333,-0.45918917655944824,0.08355733007192612,0.0373154878616333,0.7385488748550415,1320,2340.563530445099
-7.489113807678223,-7.495135307312012,0.006021719425916672,-2.6306371688842773,1.958774447441101,0.06021719425916672,0.7385489344596863,1321,2342.284337759018
-0.10784154385328293,-0.11035029590129852,0.002508749719709158,0.7153530716896057,0.038334619253873825,0.025087496265769005,0.9045340418815613,1322,2344.0751824378967
-13.497355461120605,-13.504331588745117,0.006976270582526922,-0.18396884202957153,0.28713035583496094,0.0697627067565918,0.9045340418815613,1323,2345.863214969635
-3.6275789737701416,-3.642270565032959,0.014691533520817757,-0.03198575973510742,0.09574048221111298,0.14691533148288727,0.9045340418815613,1324,2347.6038496494293
-2.7941958904266357,-2.8017940521240234,0.007598202209919691,-1.9372450113296509,1.4464517831802368,0.07598201930522919,0.7385489344596863,1325,2349.3047285079956
-1.330870270729065,-1.3393300771713257,0.008459801785647869,-2.5839006900787354,1.9112120866775513,0.08459801971912384,0.738548994064331,1326,2351.1720802783966
-5.495741367340088,-5.507652282714844,0.0119108771905303,-0.0718572661280632,0.11212199926376343,0.11910876631736755,0.9045340418815613,1327,2352.8604412078857
-2.755551338195801,-2.7607581615448,0.005206853151321411,-0.6610020399093628,0.12705710530281067,0.05206853151321411,0.9045339226722717,1328,2354.582861661911
0.42245712876319885,0.4187113642692566,0.0037457775324583054,-1.2849699258804321,0.11284308135509491,0.037457775324583054,0.9045340418815613,1329,2356.4324214458466
-7.169987678527832,-7.181676387786865,0.011688868515193462,-1.4248355627059937,0.1902487874031067,0.11688868701457977,0.904534101486206,1330,2358.131855249405
-17.662439346313477,-17.674114227294922,0.011674361303448677,-0.6609087586402893,0.23381207883358002,0.11674360930919647,0.9045340418815613,1331,2360.389450073242
2.304626941680908,2.3031527996063232,0.001474041840992868,-1.1443067789077759,0.1316368728876114,0.014740417711436749,0.9045339226722717,1332,2362.142895936966
-2.796633720397949,-2.8008570671081543,0.004223293159157038,0.6127169728279114,0.05482973903417587,0.0422329306602478,0.904534101486206,1333,2363.9588809013367
-2.133606195449829,-2.13563871383667,0.0020325612276792526,-0.4151515066623688,0.6142328977584839,0.020325612276792526,0.5222329497337341,1334,2365.6668231487274
-2.030543804168701,-2.035003662109375,0.004459846299141645,-2.3466529846191406,1.734342098236084,0.04459846019744873,0.738548994064331,1335,2367.555248975754
1.648026943206787,1.6475105285644531,0.000516417610924691,-0.8288527131080627,0.12935790419578552,0.0051641762256622314,0.7385489344596863,1336,2369.230447769165
3.507422924041748,3.484379529953003,0.02304338663816452,-1.0284345149993896,0.231415793299675,0.2304338663816452,0.9045339822769165,1337,2371.0541775226593
2.7422678470611572,2.7404799461364746,0.0017878006910905242,-1.8604539632797241,1.3914892673492432,0.017878007143735886,0.5222329497337341,1338,2372.7310795783997
-8.989073753356934,-9.0081787109375,0.019104981794953346,0.06176114082336426,0.2619747519493103,0.19104981422424316,0.9045340418815613,1339,2374.5563173294067
-2.326597213745117,-2.3346900939941406,0.00809293519705534,-1.9768704175949097,1.4718174934387207,0.08092935383319855,0.7385488152503967,1340,2376.3536870479584
-1.10516357421875,-1.110344648361206,0.0051810843870043755,-2.019556999206543,1.492547869682312,0.051810842007398605,0.7385489344596863,1341,2378.076644182205
0.25689762830734253,0.2445109784603119,0.012386652640998363,-2.327972412109375,1.7252146005630493,0.12386652082204819,0.5222329497337341,1342,2379.8118534088135
-3.2988998889923096,-3.3035178184509277,0.004617814440280199,-1.7634029388427734,1.304877758026123,0.046178143471479416,0.7385488748550415,1343,2381.618985414505
-1.2533780336380005,-1.2561687231063843,0.0027906678151339293,-2.037205457687378,1.51712965965271,0.02790667675435543,0.7385489344596863,1344,2383.323765516281
0.7229799032211304,0.7182445526123047,0.00473534781485796,-1.871467113494873,1.3966102600097656,0.04735347628593445,0.7385489344596863,1345,2385.057492017746
-0.043353497982025146,-0.04687659069895744,0.0035230927169322968,-0.24218906462192535,0.2809896767139435,0.03523092716932297,0.9045340418815613,1346,2386.778927564621
-2.5436298847198486,-2.5494067668914795,0.005776845850050449,-1.399295687675476,1.0486353635787964,0.057768456637859344,0.7385489344596863,1347,2388.546079158783
-1.5900635719299316,-1.5958786010742188,0.005814980715513229,-2.3798558712005615,1.7605836391448975,0.058149807155132294,0.7385489344596863,1348,2390.2550303936005
-1.7057846784591675,-1.7084579467773438,0.0026733120903372765,-2.2376022338867188,1.653671383857727,0.026733120903372765,0.7385488748550415,1349,2392.38249707222
-2.5312130451202393,-2.5344760417938232,0.003263097256422043,-2.626175880432129,1.9458858966827393,0.03263097256422043,0.7385488748550415,1350,2394.2715265750885
-0.3508886396884918,-0.3549162745475769,0.004027621354907751,0.06533673405647278,0.12326318770647049,0.04027621075510979,0.7385489344596863,1351,2395.9960927963257
4.741446018218994,4.733733177185059,0.007712732534855604,-2.045872688293457,1.5127804279327393,0.07712732255458832,0.5222330093383789,1352,2397.8924973011017
0.00814024731516838,-0.0,0.00814024731516838,0.0,0.0,0.08140247315168381,0.0,1353,2399.5770633220673
3.838358163833618,3.8262526988983154,0.012105569243431091,-0.09089744091033936,0.1880936473608017,0.12105569243431091,0.5222329497337341,1354,2401.361674308777
-1.0243076086044312,-1.0304648876190186,0.006157231517136097,-1.9854472875595093,1.4801726341247559,0.06157231330871582,0.7385489344596863,1355,2403.124653816223
-3.2971832752227783,-3.3026225566864014,0.005439398810267448,0.016853034496307373,0.07182341814041138,0.054393988102674484,0.9045340418815613,1356,2404.8687541484833
0.32475265860557556,0.31198757886886597,0.012765076942741871,-1.8787336349487305,1.389013648033142,0.12765076756477356,0.7385489344596863,1357,2406.7658338546753
-6.787725925445557,-6.792516231536865,0.004790510982275009,-1.954196810722351,1.4439936876296997,0.04790510982275009,0.7385489344596863,1358,2408.4858186244965
-1.2966220378875732,-1.2997068166732788,0.003084810683503747,-1.1146665811538696,0.33189657330513,0.030848106369376183,0.9045340418815613,1359,2410.12624502182
-6.931079864501953,-6.935710906982422,0.00463100103661418,-1.063430905342102,1.571040391921997,0.04631000757217407,0.5222329497337341,1360,2412.062047958374
-1.6331275701522827,-1.6414064168930054,0.008278833702206612,-1.5320552587509155,0.2839900851249695,0.08278833329677582,0.9045339822769165,1361,2413.7336735725403
-10.04709529876709,-10.05588150024414,0.008786189369857311,-1.5819263458251953,0.32360681891441345,0.08786189556121826,0.9045340418815613,1362,2415.504247188568
2.335676908493042,2.3331992626190186,0.002477626083418727,-0.8936727046966553,0.23827128112316132,0.024776261299848557,0.9045340418815613,1363,2417.276867389679
-2.449796676635742,-2.453176498413086,0.00337972748093307,-1.673040509223938,1.244663953781128,0.03379727527499199,0.7385489344596863,1364,2419.0128865242004
-2.6149587631225586,-2.6175971031188965,0.002638456178829074,-2.1683948040008545,1.6041653156280518,0.026384562253952026,0.738548994064331,1365,2420.6759514808655
-5.419356346130371,-5.429717540740967,0.010361211374402046,-1.8177534341812134,1.3441524505615234,0.10361211001873016,0.7385489344596863,1366,2422.40655708313
-0.14557623863220215,-0.14613661170005798,0.0005603720783255994,-1.1495496034622192,1.6985667943954468,0.005603720899671316,0.5222330093383789,1367,2424.1632776260376
-1.1750845909118652,-1.1869500875473022,0.011865507811307907,-1.4971259832382202,1.1284805536270142,0.11865507811307907,0.7385489344596863,1368,2426.07776927948
-6.868686199188232,-6.880137920379639,0.011451817117631435,-2.343877077102661,0.28838053345680237,0.1145181655883789,0.9045340418815613,1369,2427.821517467499
-1.5227969884872437,-1.5251996517181396,0.0024027100298553705,-0.2326599359512329,0.21317481994628906,0.024027099832892418,0.9045340418815613,1370,2429.523000240326
-3.2068724632263184,-3.2169532775878906,0.010080808773636818,-2.1716949939727783,1.60445237159729,0.10080808401107788,0.7385490536689758,1371,2431.35404419899
-5.836375713348389,-5.84070348739624,0.004327860660851002,-2.5460612773895264,1.881927251815796,0.04327860474586487,0.7385489344596863,1372,2433.051821947098
-8.975390434265137,-8.978522300720215,0.0031321388669312,-0.7663641571998596,0.11308509111404419,0.031321387737989426,0.9045340418815613,1373,2434.7656395435333
-3.989743947982788,-3.9969305992126465,0.007186600472778082,0.07763417810201645,0.11857055127620697,0.0718660056591034,0.904534101486206,1374,2436.5706486701965
-4.812686920166016,-4.825878143310547,0.01319112628698349,-1.549115777015686,0.2808452546596527,0.1319112628698349,0.9045339822769165,1375,2438.3701496124268
-2.9931275844573975,-2.996467113494873,0.0033394985366612673,-1.1486355066299438,1.699121356010437,0.033394984900951385,0.5222329497337341,1376,2440.1342883110046
1.5557682514190674,1.5450716018676758,0.010696672834455967,-2.087476968765259,1.5424444675445557,0.10696672648191452,0.5222329497337341,1377,2441.7812457084656
-1.5441503524780273,-1.5461978912353516,0.0020475757773965597,-1.9751890897750854,1.4624900817871094,0.020475756376981735,0.7385489344596863,1378,2443.523563146591
-0.20400765538215637,-0.206390380859375,0.0023827196564525366,-0.6421568989753723,0.9560568928718567,0.023827195167541504,0.5222330093383789,1379,2445.1671228408813
3.8109731674194336,3.8034961223602295,0.0074770525097846985,-0.1445409655570984,0.14362548291683197,0.07477052509784698,0.9045339822769165,1380,2446.8501176834106
-0.924529492855072,-0.9310091733932495,0.006479674018919468,0.39251217246055603,0.06273270398378372,0.06479673832654953,0.904534101486206,1381,2448.6091418266296
0.5761070251464844,0.5745601654052734,0.001546860788948834,-1.031612753868103,0.7787957787513733,0.015468607656657696,0.7385489344596863,1382,2450.258325099945
-2.708968162536621,-2.7156448364257812,0.006676784250885248,-0.3907908499240875,0.07442113012075424,0.06676784157752991,0.9045339822769165,1383,2452.06658411026
1.8098279237747192,1.807191252708435,0.002636619610711932,-0.26934942603111267,0.08289183676242828,0.02636619471013546,0.9045339822769165,1384,2453.806578397751
-3.5688955783843994,-3.5713229179382324,0.0024272731970995665,0.836249589920044,0.1291288137435913,0.024272730574011803,0.9045340418815613,1385,2455.489623785019
-4.3471598625183105,-4.359007835388184,0.01184793934226036,-1.9316147565841675,1.4325838088989258,0.11847939342260361,0.7385489344596863,1386,2457.2389752864838
-0.05901266261935234,-0.06408246606588364,0.005069803446531296,-2.6005001068115234,1.9282817840576172,0.05069803446531296,0.7385488748550415,1387,2459.0322213172913
0.8311628699302673,0.8262863159179688,0.004876555409282446,-1.0459951162338257,0.0952310562133789,0.048765551298856735,0.904534101486206,1388,2460.793028831482
-4.010735988616943,-4.0415263175964355,0.030790185555815697,0.6104192733764648,0.24773451685905457,0.30790185928344727,0.9045339226722717,1389,2462.53235411644
2.178438663482666,2.1699130535125732,0.00852560717612505,-1.8852704763412476,1.3957933187484741,0.08525606989860535,0.7385489344596863,1390,2464.2092616558075
1.2672101259231567,1.263593077659607,0.0036171048413962126,-1.2632451057434082,0.2541113495826721,0.03617104887962341,0.9045339822769165,1391,2466.0052630901337
-1.5850915908813477,-1.595235824584961,0.010144214145839214,-1.0519424676895142,0.16155783832073212,0.10144214332103729,0.9045340418815613,1392,2467.774538755417
-1.9062169790267944,-1.9110136032104492,0.004796604625880718,-1.1215277910232544,1.6568028926849365,0.04796604439616203,0.5222329497337341,1393,2469.462671279907
-0.7096128463745117,-0.7132619619369507,0.003649120917543769,-0.17493480443954468,0.10398902744054794,0.03649120777845383,0.9045339822769165,1394,2471.195360660553
-0.2772122025489807,-0.28650254011154175,0.009290340356528759,-0.8732765316963196,0.15912698209285736,0.09290339797735214,0.9045339822769165,1395,2472.897259235382
-1.7218540906906128,-1.7230720520019531,0.0012179415207356215,-2.6678390502929688,1.9746034145355225,0.012179414741694927,0.7385489344596863,1396,2474.6787049770355
-1.2797545194625854,-1.281510353088379,0.0017558059189468622,-2.083338499069214,1.5420500040054321,0.017558058723807335,0.738548994064331,1397,2476.406759738922
-3.8263063430786133,-3.8300833702087402,0.00377691094763577,-1.048363208770752,0.07164618372917175,0.03776910901069641,0.904534101486206,1398,2478.1220989227295
-3.3101766109466553,-3.3203647136688232,0.010188080370426178,-0.35539865493774414,0.2596631944179535,0.10188080370426178,0.904534101486206,1399,2479.8782749176025
1.2700265645980835,1.2594833374023438,0.010543250478804111,-2.1849350929260254,0.14389902353286743,0.10543250292539597,0.9045339822769165,1400,2481.596633195877
-6.035323143005371,-6.051337718963623,0.016014395281672478,-2.1993794441223145,1.6251541376113892,0.16014395654201508,0.7385489344596863,1401,2483.8280539512634
-4.663206100463867,-4.668786525726318,0.005580468103289604,-2.3251144886016846,1.72120201587677,0.05580468103289604,0.7385488748550415,1402,2485.53258562088
-4.340220928192139,-4.348488807678223,0.008267817087471485,-1.1163098812103271,0.16283434629440308,0.0826781690120697,0.9045340418815613,1403,2487.2455043792725
3.6896932125091553,3.687891721725464,0.0018014699453487992,-2.275606632232666,1.6812973022460938,0.01801469922065735,0.7385490536689758,1404,2489.0530982017517
-2.754610776901245,-2.7559993267059326,0.0013885677326470613,-2.143230676651001,1.5880752801895142,0.013885676860809326,0.7385489344596863,1405,2490.7494637966156
-3.1872611045837402,-3.1955833435058594,0.008322215639054775,-2.2900853157043457,1.6927495002746582,0.0832221508026123,0.7385489344596863,1406,2492.472076177597
0.8444532752037048,0.8429133296012878,0.001539968536235392,-2.0606801509857178,1.5224153995513916,0.015399685129523277,0.738548994064331,1407,2494.292126893997
-0.43333855271339417,-0.43782615661621094,0.004487601108849049,0.3356759548187256,0.10829456895589828,0.04487600922584534,0.9045340418815613,1408,2496.175355195999
-10.133357048034668,-10.136741638183594,0.003384761279448867,0.0848853662610054,0.2579983174800873,0.033847611397504807,0.904534101486206,1409,2498.153247356415
-7.243853569030762,-7.24730110168457,0.0034477084409445524,-1.152366042137146,0.874169647693634,0.03447708487510681,0.7385489344596863,1410,2499.9854142665863
12.374123573303223,12.372550964355469,0.001573009416460991,-2.4486279487609863,1.8280165195465088,0.01573009416460991,0.738548755645752,1411,2501.772581577301
-0.8571965098381042,-0.8624585866928101,0.0052621029317379,-2.080012083053589,1.5401880741119385,0.052621029317379,0.7385489344596863,1412,2503.474991798401
6.451087951660156,6.450386047363281,0.0007018297910690308,-0.6628153920173645,0.057880792766809464,0.007018297910690308,0.904534101486206,1413,2505.302966594696
-4.296715259552002,-4.30450439453125,0.007788963615894318,0.5618385076522827,0.06421492993831635,0.07788963615894318,0.9045340418815613,1414,2507.0603902339935
-4.286742687225342,-4.292910575866699,0.0061677307821810246,-1.8671226501464844,1.3829644918441772,0.06167730689048767,0.7385489344596863,1415,2508.727598428726
-4.0269341468811035,-4.0379838943481445,0.011049660854041576,-1.951873779296875,1.4446039199829102,0.11049661040306091,0.5222329497337341,1416,2510.4511585235596
1.7566022872924805,1.7543494701385498,0.0022528113331645727,-2.6602559089660645,1.9698411226272583,0.022528111934661865,0.7385489344596863,1417,2512.1047224998474
-0.13664615154266357,-0.1445419043302536,0.00789575558155775,-1.2962509393692017,0.21564143896102905,0.07895755022764206,0.9045340418815613,1418,2513.8556129932404
-7.6628007888793945,-7.670707702636719,0.007907017134130001,-2.2735702991485596,1.701142430305481,0.07907016575336456,0.7385489344596863,1419,2515.7078280448914
2.7610981464385986,2.7523181438446045,0.008779901079833508,0.2551485002040863,0.17496399581432343,0.08779900521039963,0.904534101486206,1420,2517.404989004135
-3.196963310241699,-3.2010695934295654,0.004106240812689066,-2.2569925785064697,1.670583724975586,0.041062407195568085,0.7385488748550415,1421,2519.063024520874
-3.3624184131622314,-3.365386486053467,0.0029679974541068077,-2.387646436691284,1.7662270069122314,0.029679974541068077,0.7385489344596863,1422,2520.8610832691193
1.5632919073104858,1.5604674816131592,0.002824427792802453,-2.6465065479278564,1.962542176246643,0.028244277462363243,0.7385489344596863,1423,2522.68417596817
-2.8182621002197266,-2.8267645835876465,0.00850243866443634,-0.8345238566398621,1.2329152822494507,0.0850243866443634,0.5222329497337341,1424,2524.50971531868
-3.9647789001464844,-3.9705188274383545,0.005739834159612656,-2.734833002090454,2.026634693145752,0.057398341596126556,0.738548994064331,1425,2526.1459465026855
-6.7826151847839355,-6.797713279724121,0.01509792823344469,0.7544100880622864,0.12268456071615219,0.15097928047180176,0.738548994064331,1426,2527.8398022651672
-0.21419410407543182,-0.2246227264404297,0.01042862143367529,-2.5642831325531006,1.894926905632019,0.10428620874881744,0.7385488748550415,1427,2529.564555168152
-1.7826693058013916,-1.7839813232421875,0.001311980769969523,-2.6484546661376953,1.962897539138794,0.013119807466864586,0.7385489344596863,1428,2531.4224016666412
2.001446008682251,1.9934806823730469,0.00796532817184925,-2.6039700508117676,1.9291855096817017,0.07965327799320221,0.5222329497337341,1429,2533.198670387268
-2.8405280113220215,-2.8486075401306152,0.008079463616013527,-1.665268898010254,1.2313505411148071,0.08079463243484497,0.7385489344596863,1430,2534.923768043518
-3.70904541015625,-3.712069272994995,0.003023873781785369,-1.8538306951522827,1.3695018291473389,0.030238738283514977,0.7385489344596863,1431,2536.7342224121094
-7.252079010009766,-7.259395599365234,0.00731668621301651,-1.9394906759262085,0.18979094922542572,0.0731668621301651,0.904534101486206,1432,2538.5079917907715
-4.548094272613525,-4.552825927734375,0.004731884691864252,0.2348761409521103,0.061280716210603714,0.047318845987319946,0.9045340418815613,1433,2540.2767477035522
-8.16712474822998,-8.17103385925293,0.003908725921064615,-2.674196481704712,1.9835765361785889,0.03908725827932358,0.7385489344596863,1434,2542.0000116825104
-2.0610783100128174,-2.0728747844696045,0.011796541512012482,-1.853451132774353,0.21582871675491333,0.11796541512012482,0.9045340418815613,1435,2543.7193274497986
-0.9016059041023254,-0.9102592468261719,0.008653320372104645,-1.2397775650024414,0.17000894248485565,0.08653320372104645,0.9045340418815613,1436,2545.4249675273895
-0.3890984356403351,-0.3940544128417969,0.004955980461090803,-2.261671781539917,1.673715353012085,0.04955980181694031,0.7385488748550415,1437,2547.170481443405
-3.666757583618164,-3.670529842376709,0.003772356314584613,-1.4702082872390747,1.089377522468567,0.037723563611507416,0.7385489344596863,1438,2548.8749029636383
-4.31881856918335,-4.321662902832031,0.0028444917406886816,-1.502689003944397,0.17738531529903412,0.028444916009902954,0.9045340418815613,1439,2550.7358248233795
-0.5818389058113098,-0.5830771327018738,0.0012382220011204481,0.3390987813472748,0.0949874296784401,0.012382219545543194,0.738548994064331,1440,2552.534442424774
-0.6766643524169922,-0.6880887746810913,0.011424425058066845,-2.5660159587860107,1.8965871334075928,0.1142442524433136,0.7385489344596863,1441,2554.2406811714172
-6.379642963409424,-6.393271446228027,0.013628578744828701,-2.30444598197937,0.16083508729934692,0.13628578186035156,0.9045340418815613,1442,2555.9599153995514
7.399378776550293,7.393397331237793,0.00598126882687211,-1.4812077283859253,0.21243759989738464,0.05981268733739853,0.9045340418815613,1443,2557.6884326934814
-0.5424505472183228,-0.5446981191635132,0.0022475679870694876,-1.5412107706069946,1.1386033296585083,0.022475680336356163,0.7385488748550415,1444,2559.4529407024384
-5.170919418334961,-5.173562049865723,0.0026427318807691336,-2.1015737056732178,1.5570814609527588,0.026427319273352623,0.7385489344596863,1445,2561.1835095882416
-0.36292019486427307,-0.3727862238883972,0.009866024367511272,-2.1099891662597656,0.2347077578306198,0.09866024553775787,0.9045339822769165,1446,2563.185567140579
-2.489001989364624,-2.503734588623047,0.01473268773406744,-2.3171894550323486,0.1930413544178009,0.14732687175273895,0.9045340418815613,1447,2564.955161333084
1.4370912313461304,1.4346415996551514,0.002449664520099759,-0.8911867737770081,0.2316662222146988,0.024496644735336304,0.904534101486206,1448,2566.7078790664673
-0.24262408912181854,-0.24570083618164062,0.003076742170378566,-2.6008193492889404,1.9279288053512573,0.030767422169446945,0.7385488748550415,1449,2568.4698050022125
-1.4465899467468262,-1.4500020742416382,0.003412153571844101,-2.583406448364258,1.910646915435791,0.03412153571844101,0.7385489344596863,1450,2570.181253671646
-3.117128372192383,-3.1328177452087402,0.015689285472035408,-1.2274636030197144,1.8133710622787476,0.15689285099506378,0.5222328901290894,1451,2572.0538082122803
1.453004002571106,1.4509608745574951,0.0020430705044418573,0.3969179689884186,0.1677197366952896,0.020430704578757286,0.9045339226722717,1452,2573.8956327438354
-3.186363458633423,-3.1885783672332764,0.002214796608313918,-0.4174024760723114,0.08316046744585037,0.02214796468615532,0.9045339226722717,1453,2575.705029964447
-2.3375163078308105,-2.33825945854187,0.0007431994308717549,-2.4063456058502197,1.780940294265747,0.007431994192302227,0.7385488748550415,1454,2577.479109287262
-0.4230981171131134,-0.43603515625,0.012937040999531746,-0.6165233850479126,0.11645060777664185,0.12937040627002716,0.9045340418815613,1455,2579.163764476776
1.0027333498001099,1.0013694763183594,0.001363880466669798,-0.7715006470680237,0.33015286922454834,0.013638804666697979,0.9045339822769165,1456,2580.935021877289
0.805510401725769,0.8047304153442383,0.000779998314101249,0.11591482162475586,0.05663834139704704,0.007799983024597168,0.9045340418815613,1457,2582.6122822761536
-5.371339321136475,-5.3735809326171875,0.0022415549028664827,-1.4313697814941406,0.256561815738678,0.02241554856300354,0.7385489344596863,1458,2584.3977913856506
-0.4349850118160248,-0.4445797801017761,0.009594774805009365,-2.6996095180511475,2.0090885162353516,0.0959477424621582,0.7385489344596863,1459,2586.095139026642
-2.548034906387329,-2.549250364303589,0.0012154787546023726,-2.7814552783966064,2.0830037593841553,0.01215478777885437,0.7385489344596863,1460,2587.8024384975433
1.9149266481399536,1.9078788757324219,0.007047753781080246,-1.407269835472107,0.2476738542318344,0.07047753781080246,0.9045339226722717,1461,2589.6977972984314
-0.8803530335426331,-0.8872121572494507,0.006859122309833765,-2.0037848949432373,1.4802063703536987,0.06859122216701508,0.7385489344596863,1462,2591.4350786209106
-3.4955413341522217,-3.500260829925537,0.004719590302556753,-0.22125393152236938,0.10615558177232742,0.047195903956890106,0.9045340418815613,1463,2593.093963623047
-4.048114776611328,-4.051171779632568,0.003056806279346347,0.26460060477256775,0.26405906677246094,0.030568063259124756,0.9045340418815613,1464,2594.868873357773
-3.3954601287841797,-3.4125630855560303,0.01710299216210842,-0.21051643788814545,0.1005907878279686,0.1710299253463745,0.904534101486206,1465,2596.661027431488
-3.4766228199005127,-3.48935866355896,0.01273584645241499,0.06990224868059158,0.14466063678264618,0.12735846638679504,0.9045340418815613,1466,2598.4195454120636
-2.3624980449676514,-2.3684794902801514,0.0059813582338392735,-1.512330174446106,0.14313684403896332,0.05981358140707016,0.9045339822769165,1467,2600.176043987274
-6.333272933959961,-6.338927268981934,0.005654252599924803,-1.1233417987823486,0.1820112019777298,0.0565425269305706,0.9045340418815613,1468,2601.8898935317993
-2.802931070327759,-2.8166847229003906,0.013753712177276611,-2.174922227859497,1.6070544719696045,0.1375371217727661,0.7385489344596863,1469,2603.7147924900055
-2.1799638271331787,-2.184236526489258,0.004272770136594772,-1.9838680028915405,1.4654558897018433,0.04272770136594772,0.738548994064331,1470,2605.467140674591
-3.2360758781433105,-3.2378413677215576,0.0017654647817835212,0.02812347374856472,0.1080300360918045,0.017654648050665855,0.9045340418815613,1471,2607.285645008087
2.1210601329803467,2.082587480545044,0.038472648710012436,-0.1655723750591278,0.14988528192043304,0.38472646474838257,0.9045339822769165,1472,2609.159943342209
-3.0790045261383057,-3.084737777709961,0.005733358208090067,-1.583151936531067,1.1752536296844482,0.057333581149578094,0.7385489344596863,1473,2611.1570065021515
-3.4116296768188477,-3.4168243408203125,0.005194669123739004,0.023850252851843834,0.10324622690677643,0.051946692168712616,0.9045340418815613,1474,2612.949786424637
-3.8675639629364014,-3.8695132732391357,0.0019492220599204302,-2.0056650638580322,0.38462892174720764,0.019492220133543015,0.9045340418815613,1475,2614.6960048675537
-5.620055198669434,-5.623912334442139,0.0038573455531150103,-2.3660149574279785,0.22257059812545776,0.038573455065488815,0.7385489344596863,1476,2616.4334757328033
-2.4352691173553467,-2.4388885498046875,0.0036193381529301405,-0.4598983824253082,0.14703883230686188,0.03619338199496269,0.9045340418815613,1477,2618.153142929077
-8.850170135498047,-8.866666793823242,0.016496378928422928,-0.9744577407836914,0.1489136666059494,0.16496378183364868,0.9045339822769165,1478,2619.931596517563
4.922786712646484,4.918918609619141,0.0038682096637785435,-1.7016501426696777,0.19908590614795685,0.03868209570646286,0.9045339822769165,1479,2621.6696696281433
-8.287162780761719,-8.299141883850098,0.011979053728282452,-1.3837946653366089,1.0239572525024414,0.11979053914546967,0.7385489344596863,1480,2623.5775866508484
0.20832686126232147,0.18286070227622986,0.025466153398156166,-1.2542105913162231,1.8526387214660645,0.25466153025627136,0.5222330093383789,1481,2625.5305094718933
-1.5899049043655396,-1.5921911001205444,0.002286211820319295,-0.010567232966423035,0.09782189875841141,0.022862117737531662,0.904534101486206,1482,2627.2441272735596
1.76957106590271,1.7511622905731201,0.01840883307158947,-1.2693713903427124,0.23126225173473358,0.1840883195400238,0.9045339822769165,1483,2629.046527862549
1.2605388164520264,1.2592666149139404,0.0012722591636702418,0.355035662651062,0.030828064307570457,0.012722591869533062,0.904534101486206,1484,2630.8341705799103
0.11480739712715149,0.10993194580078125,0.004875453654676676,-1.665747046470642,0.19234508275985718,0.04875453561544418,0.7385489344596863,1485,2632.530488014221
-11.405280113220215,-11.411283493041992,0.006003414746373892,-1.8780056238174438,0.21503709256649017,0.06003414839506149,0.9045340418815613,1486,2634.4150428771973
-2.7237842082977295,-2.726680278778076,0.0028960437048226595,-2.3872225284576416,1.7648085355758667,0.028960436582565308,0.7385489344596863,1487,2636.1727929115295
-8.957549095153809,-8.96255111694336,0.005001725163310766,0.24733948707580566,0.2146110236644745,0.05001724883913994,0.9045340418815613,1488,2637.8763523101807
-1.3073543310165405,-1.3108495473861694,0.0034951847046613693,-0.3806758224964142,0.34708288311958313,0.03495184704661369,0.9045340418815613,1489,2639.622335910797
-0.2752387523651123,-0.2865651547908783,0.011326390318572521,-1.7850990295410156,0.1914941370487213,0.11326389759778976,0.9045340418815613,1490,2641.3551824092865
-0.6018561124801636,-0.6048571467399597,0.0030010442715138197,-1.6294914484024048,0.16125370562076569,0.030010443180799484,0.9045339226722717,1491,2643.1103880405426
-3.4267990589141846,-3.4376564025878906,0.010857375338673592,-1.4346836805343628,0.20220611989498138,0.10857374966144562,0.7385488748550415,1492,2644.7846097946167
0.6565662026405334,0.6553077697753906,0.0012584567302837968,-2.545851945877075,1.8812615871429443,0.012584567070007324,0.7385489344596863,1493,2646.6044492721558
-2.239384174346924,-2.240039348602295,0.0006552617414854467,-1.4833332300186157,2.2050905227661133,0.0065526170656085014,0.5222329497337341,1494,2648.2015993595123
-3.0631906986236572,-3.068216323852539,0.0050256154499948025,-1.6263185739517212,1.2023473978042603,0.0502561554312706,0.7385489344596863,1495,2650.1681377887726
-1.2355376482009888,-1.3187898397445679,0.0832521915435791,-1.268560528755188,1.874179482460022,0.832521915435791,0.5222329497337341,1496,2652.093379020691
2.367851734161377,2.3587489128112793,0.009102912619709969,0.16057413816452026,0.20073941349983215,0.09102912247180939,0.9045339822769165,1497,2653.956435918808
-3.0318734645843506,-3.045830488204956,0.013956934213638306,-1.3534117937088013,1.0077883005142212,0.13956934213638306,0.7385489344596863,1498,2655.672439098358
-6.638767719268799,-6.6437201499938965,0.004952322691679001,-2.767744779586792,2.0486905574798584,0.04952322691679001,0.738548994064331,1499,2657.5086948871613
